solid OpenSCAD_Model
  facet normal 0 0 -1
    outer loop
      vertex 0 73 0
      vertex 1.5 75 0
      vertex 1.5 73 0
    endloop
  endfacet
  facet normal -0 0 -1
    outer loop
      vertex 1.5 75 0
      vertex 0 73 0
      vertex 0 75 0
    endloop
  endfacet
  facet normal 0 0 -1
    outer loop
      vertex 0 5 0
      vertex 1.5 7 0
      vertex 1.5 5 0
    endloop
  endfacet
  facet normal -0 0 -1
    outer loop
      vertex 1.5 7 0
      vertex 0 5 0
      vertex 0 7 0
    endloop
  endfacet
  facet normal 0 0 -1
    outer loop
      vertex 1.5 3 0
      vertex 5.5 3 0
      vertex 3.9 0 0
    endloop
  endfacet
  facet normal 0 0 -1
    outer loop
      vertex 1.5 3 0
      vertex 3.9 0 0
      vertex 3.1 0 0
    endloop
  endfacet
  facet normal 0 0 -1
    outer loop
      vertex 5.5 3 0
      vertex 1.5 3 0
      vertex 1.5 5 0
    endloop
  endfacet
  facet normal 0 0 -1
    outer loop
      vertex 5.5 3 0
      vertex 1.5 5 0
      vertex 1.5 7 0
    endloop
  endfacet
  facet normal 0 0 -1
    outer loop
      vertex 1.5 73 0
      vertex 5.5 3 0
      vertex 1.5 7 0
    endloop
  endfacet
  facet normal 0 0 -1
    outer loop
      vertex 5.5 3 0
      vertex 1.5 73 0
      vertex 5.5 80 0
    endloop
  endfacet
  facet normal 0 0 -1
    outer loop
      vertex 1.5 75 0
      vertex 5.5 80 0
      vertex 1.5 73 0
    endloop
  endfacet
  facet normal -0 0 -1
    outer loop
      vertex 5.5 80 0
      vertex 1.5 75 0
      vertex 1.5 80 0
    endloop
  endfacet
  facet normal -1 0 0
    outer loop
      vertex 1.5 3 0
      vertex 1.5 5 1
      vertex 1.5 5 0
    endloop
  endfacet
  facet normal -1 -0 0
    outer loop
      vertex 1.5 5 1
      vertex 1.5 3 0
      vertex 1.5 3 1
    endloop
  endfacet
  facet normal -1 0 0
    outer loop
      vertex 1.5 75 0
      vertex 1.5 80 1
      vertex 1.5 80 0
    endloop
  endfacet
  facet normal -1 -0 0
    outer loop
      vertex 1.5 80 1
      vertex 1.5 75 0
      vertex 1.5 75 1
    endloop
  endfacet
  facet normal -1 0 0
    outer loop
      vertex 1.5 7 0
      vertex 1.5 73 1
      vertex 1.5 73 0
    endloop
  endfacet
  facet normal -1 -0 0
    outer loop
      vertex 1.5 73 1
      vertex 1.5 7 0
      vertex 1.5 7 1
    endloop
  endfacet
  facet normal -1 0 0
    outer loop
      vertex 0 5 0
      vertex 0 7 1
      vertex 0 7 0
    endloop
  endfacet
  facet normal -1 -0 0
    outer loop
      vertex 0 7 1
      vertex 0 5 0
      vertex 0 5 1
    endloop
  endfacet
  facet normal -0 0 1
    outer loop
      vertex 0 7 1
      vertex 1.5 5 1
      vertex 1.5 7 1
    endloop
  endfacet
  facet normal 0 0 1
    outer loop
      vertex 1.5 5 1
      vertex 0 7 1
      vertex 0 5 1
    endloop
  endfacet
  facet normal -0 0 1
    outer loop
      vertex 0 75 1
      vertex 1.5 73 1
      vertex 1.5 75 1
    endloop
  endfacet
  facet normal 0 0 1
    outer loop
      vertex 1.5 73 1
      vertex 0 75 1
      vertex 0 73 1
    endloop
  endfacet
  facet normal -0 0 1
    outer loop
      vertex 1.5 73 1
      vertex 5.5 3 1
      vertex 5.5 80 1
    endloop
  endfacet
  facet normal -0 0 1
    outer loop
      vertex 1.5 5 1
      vertex 5.5 3 1
      vertex 1.5 7 1
    endloop
  endfacet
  facet normal 0 0 1
    outer loop
      vertex 1.5 75 1
      vertex 5.5 80 1
      vertex 1.5 80 1
    endloop
  endfacet
  facet normal 0 0 1
    outer loop
      vertex 1.5 73 1
      vertex 5.5 80 1
      vertex 1.5 75 1
    endloop
  endfacet
  facet normal 0 0 1
    outer loop
      vertex 5.5 3 1
      vertex 1.5 73 1
      vertex 1.5 7 1
    endloop
  endfacet
  facet normal 0 0 1
    outer loop
      vertex 1.5 3 1
      vertex 5.5 3 1
      vertex 1.5 5 1
    endloop
  endfacet
  facet normal 0 0 1
    outer loop
      vertex 5.5 3 1
      vertex 1.5 3 1
      vertex 3.9 0 1
    endloop
  endfacet
  facet normal 0 0 1
    outer loop
      vertex 3.9 0 1
      vertex 1.5 3 1
      vertex 3.1 0 1
    endloop
  endfacet
  facet normal 0 1 -0
    outer loop
      vertex 1.5 7 0
      vertex 0 7 1
      vertex 1.5 7 1
    endloop
  endfacet
  facet normal 0 1 0
    outer loop
      vertex 0 7 1
      vertex 1.5 7 0
      vertex 0 7 0
    endloop
  endfacet
  facet normal 0 -1 0
    outer loop
      vertex 0 5 0
      vertex 1.5 5 1
      vertex 0 5 1
    endloop
  endfacet
  facet normal 0 -1 -0
    outer loop
      vertex 1.5 5 1
      vertex 0 5 0
      vertex 1.5 5 0
    endloop
  endfacet
  facet normal -1 0 0
    outer loop
      vertex 0 73 0
      vertex 0 75 1
      vertex 0 75 0
    endloop
  endfacet
  facet normal -1 -0 0
    outer loop
      vertex 0 75 1
      vertex 0 73 0
      vertex 0 73 1
    endloop
  endfacet
  facet normal 0 1 -0
    outer loop
      vertex 1.5 75 0
      vertex 0 75 1
      vertex 1.5 75 1
    endloop
  endfacet
  facet normal 0 1 0
    outer loop
      vertex 0 75 1
      vertex 1.5 75 0
      vertex 0 75 0
    endloop
  endfacet
  facet normal 0 -1 0
    outer loop
      vertex 0 73 0
      vertex 1.5 73 1
      vertex 0 73 1
    endloop
  endfacet
  facet normal 0 -1 -0
    outer loop
      vertex 1.5 73 1
      vertex 0 73 0
      vertex 1.5 73 0
    endloop
  endfacet
  facet normal 1 -0 0
    outer loop
      vertex 5.5 3 1
      vertex 5.5 80 0
      vertex 5.5 80 1
    endloop
  endfacet
  facet normal 1 0 0
    outer loop
      vertex 5.5 80 0
      vertex 5.5 3 1
      vertex 5.5 3 0
    endloop
  endfacet
  facet normal -0.882353 -0.470588 0
    outer loop
      vertex 3.1 0 0
      vertex 1.5 3 1
      vertex 1.5 3 0
    endloop
  endfacet
  facet normal -0.882353 -0.470588 0
    outer loop
      vertex 1.5 3 1
      vertex 3.1 0 0
      vertex 3.1 0 1
    endloop
  endfacet
  facet normal 0.882353 -0.470588 0
    outer loop
      vertex 3.9 0 1
      vertex 5.5 3 0
      vertex 5.5 3 1
    endloop
  endfacet
  facet normal 0.882353 -0.470588 0
    outer loop
      vertex 5.5 3 0
      vertex 3.9 0 1
      vertex 3.9 0 0
    endloop
  endfacet
  facet normal 0 1 -0
    outer loop
      vertex 5.5 80 0
      vertex 1.5 80 1
      vertex 5.5 80 1
    endloop
  endfacet
  facet normal 0 1 0
    outer loop
      vertex 1.5 80 1
      vertex 5.5 80 0
      vertex 1.5 80 0
    endloop
  endfacet
  facet normal 0 -1 0
    outer loop
      vertex 3.1 0 0
      vertex 3.9 0 1
      vertex 3.1 0 1
    endloop
  endfacet
  facet normal 0 -1 -0
    outer loop
      vertex 3.9 0 1
      vertex 3.1 0 0
      vertex 3.9 0 0
    endloop
  endfacet
  facet normal 0 0 -1
    outer loop
      vertex 7.5 73 0
      vertex 9 75 0
      vertex 9 73 0
    endloop
  endfacet
  facet normal -0 0 -1
    outer loop
      vertex 9 75 0
      vertex 7.5 73 0
      vertex 7.5 75 0
    endloop
  endfacet
  facet normal 0 0 -1
    outer loop
      vertex 7.5 5 0
      vertex 9 7 0
      vertex 9 5 0
    endloop
  endfacet
  facet normal -0 0 -1
    outer loop
      vertex 9 7 0
      vertex 7.5 5 0
      vertex 7.5 7 0
    endloop
  endfacet
  facet normal 0 0 -1
    outer loop
      vertex 9 3 0
      vertex 13 3 0
      vertex 11.4 0 0
    endloop
  endfacet
  facet normal 0 0 -1
    outer loop
      vertex 9 3 0
      vertex 11.4 0 0
      vertex 10.6 0 0
    endloop
  endfacet
  facet normal 0 0 -1
    outer loop
      vertex 13 3 0
      vertex 9 3 0
      vertex 9 5 0
    endloop
  endfacet
  facet normal 0 0 -1
    outer loop
      vertex 13 3 0
      vertex 9 5 0
      vertex 9 7 0
    endloop
  endfacet
  facet normal 0 0 -1
    outer loop
      vertex 9 73 0
      vertex 13 3 0
      vertex 9 7 0
    endloop
  endfacet
  facet normal 0 0 -1
    outer loop
      vertex 13 3 0
      vertex 9 73 0
      vertex 13 80 0
    endloop
  endfacet
  facet normal 0 0 -1
    outer loop
      vertex 9 75 0
      vertex 13 80 0
      vertex 9 73 0
    endloop
  endfacet
  facet normal -0 0 -1
    outer loop
      vertex 13 80 0
      vertex 9 75 0
      vertex 9 80 0
    endloop
  endfacet
  facet normal -1 0 0
    outer loop
      vertex 9 3 0
      vertex 9 5 1
      vertex 9 5 0
    endloop
  endfacet
  facet normal -1 -0 0
    outer loop
      vertex 9 5 1
      vertex 9 3 0
      vertex 9 3 1
    endloop
  endfacet
  facet normal -1 0 0
    outer loop
      vertex 9 75 0
      vertex 9 80 1
      vertex 9 80 0
    endloop
  endfacet
  facet normal -1 -0 0
    outer loop
      vertex 9 80 1
      vertex 9 75 0
      vertex 9 75 1
    endloop
  endfacet
  facet normal -1 0 0
    outer loop
      vertex 9 7 0
      vertex 9 73 1
      vertex 9 73 0
    endloop
  endfacet
  facet normal -1 -0 0
    outer loop
      vertex 9 73 1
      vertex 9 7 0
      vertex 9 7 1
    endloop
  endfacet
  facet normal -1 0 0
    outer loop
      vertex 7.5 5 0
      vertex 7.5 7 1
      vertex 7.5 7 0
    endloop
  endfacet
  facet normal -1 -0 0
    outer loop
      vertex 7.5 7 1
      vertex 7.5 5 0
      vertex 7.5 5 1
    endloop
  endfacet
  facet normal -0 0 1
    outer loop
      vertex 7.5 7 1
      vertex 9 5 1
      vertex 9 7 1
    endloop
  endfacet
  facet normal 0 0 1
    outer loop
      vertex 9 5 1
      vertex 7.5 7 1
      vertex 7.5 5 1
    endloop
  endfacet
  facet normal -0 0 1
    outer loop
      vertex 7.5 75 1
      vertex 9 73 1
      vertex 9 75 1
    endloop
  endfacet
  facet normal 0 0 1
    outer loop
      vertex 9 73 1
      vertex 7.5 75 1
      vertex 7.5 73 1
    endloop
  endfacet
  facet normal -0 0 1
    outer loop
      vertex 9 73 1
      vertex 13 3 1
      vertex 13 80 1
    endloop
  endfacet
  facet normal -0 0 1
    outer loop
      vertex 9 5 1
      vertex 13 3 1
      vertex 9 7 1
    endloop
  endfacet
  facet normal 0 0 1
    outer loop
      vertex 9 75 1
      vertex 13 80 1
      vertex 9 80 1
    endloop
  endfacet
  facet normal 0 0 1
    outer loop
      vertex 9 73 1
      vertex 13 80 1
      vertex 9 75 1
    endloop
  endfacet
  facet normal 0 0 1
    outer loop
      vertex 13 3 1
      vertex 9 73 1
      vertex 9 7 1
    endloop
  endfacet
  facet normal 0 0 1
    outer loop
      vertex 9 3 1
      vertex 13 3 1
      vertex 9 5 1
    endloop
  endfacet
  facet normal 0 0 1
    outer loop
      vertex 13 3 1
      vertex 9 3 1
      vertex 11.4 0 1
    endloop
  endfacet
  facet normal 0 0 1
    outer loop
      vertex 11.4 0 1
      vertex 9 3 1
      vertex 10.6 0 1
    endloop
  endfacet
  facet normal 0 1 -0
    outer loop
      vertex 9 7 0
      vertex 7.5 7 1
      vertex 9 7 1
    endloop
  endfacet
  facet normal 0 1 0
    outer loop
      vertex 7.5 7 1
      vertex 9 7 0
      vertex 7.5 7 0
    endloop
  endfacet
  facet normal 0 -1 0
    outer loop
      vertex 7.5 5 0
      vertex 9 5 1
      vertex 7.5 5 1
    endloop
  endfacet
  facet normal 0 -1 -0
    outer loop
      vertex 9 5 1
      vertex 7.5 5 0
      vertex 9 5 0
    endloop
  endfacet
  facet normal -1 0 0
    outer loop
      vertex 7.5 73 0
      vertex 7.5 75 1
      vertex 7.5 75 0
    endloop
  endfacet
  facet normal -1 -0 0
    outer loop
      vertex 7.5 75 1
      vertex 7.5 73 0
      vertex 7.5 73 1
    endloop
  endfacet
  facet normal 0 1 -0
    outer loop
      vertex 9 75 0
      vertex 7.5 75 1
      vertex 9 75 1
    endloop
  endfacet
  facet normal 0 1 0
    outer loop
      vertex 7.5 75 1
      vertex 9 75 0
      vertex 7.5 75 0
    endloop
  endfacet
  facet normal 0 -1 0
    outer loop
      vertex 7.5 73 0
      vertex 9 73 1
      vertex 7.5 73 1
    endloop
  endfacet
  facet normal 0 -1 -0
    outer loop
      vertex 9 73 1
      vertex 7.5 73 0
      vertex 9 73 0
    endloop
  endfacet
  facet normal 1 -0 0
    outer loop
      vertex 13 3 1
      vertex 13 80 0
      vertex 13 80 1
    endloop
  endfacet
  facet normal 1 0 0
    outer loop
      vertex 13 80 0
      vertex 13 3 1
      vertex 13 3 0
    endloop
  endfacet
  facet normal -0.882353 -0.470588 0
    outer loop
      vertex 10.6 0 0
      vertex 9 3 1
      vertex 9 3 0
    endloop
  endfacet
  facet normal -0.882353 -0.470588 0
    outer loop
      vertex 9 3 1
      vertex 10.6 0 0
      vertex 10.6 0 1
    endloop
  endfacet
  facet normal 0.882353 -0.470588 0
    outer loop
      vertex 11.4 0 1
      vertex 13 3 0
      vertex 13 3 1
    endloop
  endfacet
  facet normal 0.882353 -0.470588 0
    outer loop
      vertex 13 3 0
      vertex 11.4 0 1
      vertex 11.4 0 0
    endloop
  endfacet
  facet normal 0 1 -0
    outer loop
      vertex 13 80 0
      vertex 9 80 1
      vertex 13 80 1
    endloop
  endfacet
  facet normal 0 1 0
    outer loop
      vertex 9 80 1
      vertex 13 80 0
      vertex 9 80 0
    endloop
  endfacet
  facet normal 0 -1 0
    outer loop
      vertex 10.6 0 0
      vertex 11.4 0 1
      vertex 10.6 0 1
    endloop
  endfacet
  facet normal 0 -1 -0
    outer loop
      vertex 11.4 0 1
      vertex 10.6 0 0
      vertex 11.4 0 0
    endloop
  endfacet
  facet normal 0 0 -1
    outer loop
      vertex 15 73 0
      vertex 16.5 75 0
      vertex 16.5 73 0
    endloop
  endfacet
  facet normal -0 0 -1
    outer loop
      vertex 16.5 75 0
      vertex 15 73 0
      vertex 15 75 0
    endloop
  endfacet
  facet normal 0 0 -1
    outer loop
      vertex 15 5 0
      vertex 16.5 7 0
      vertex 16.5 5 0
    endloop
  endfacet
  facet normal -0 0 -1
    outer loop
      vertex 16.5 7 0
      vertex 15 5 0
      vertex 15 7 0
    endloop
  endfacet
  facet normal 0 0 -1
    outer loop
      vertex 16.5 3 0
      vertex 20.5 3 0
      vertex 18.9 0 0
    endloop
  endfacet
  facet normal 0 0 -1
    outer loop
      vertex 16.5 3 0
      vertex 18.9 0 0
      vertex 18.1 0 0
    endloop
  endfacet
  facet normal 0 0 -1
    outer loop
      vertex 20.5 3 0
      vertex 16.5 3 0
      vertex 16.5 5 0
    endloop
  endfacet
  facet normal 0 0 -1
    outer loop
      vertex 20.5 3 0
      vertex 16.5 5 0
      vertex 16.5 7 0
    endloop
  endfacet
  facet normal 0 0 -1
    outer loop
      vertex 16.5 73 0
      vertex 20.5 3 0
      vertex 16.5 7 0
    endloop
  endfacet
  facet normal 0 0 -1
    outer loop
      vertex 20.5 3 0
      vertex 16.5 73 0
      vertex 20.5 80 0
    endloop
  endfacet
  facet normal 0 0 -1
    outer loop
      vertex 16.5 75 0
      vertex 20.5 80 0
      vertex 16.5 73 0
    endloop
  endfacet
  facet normal -0 0 -1
    outer loop
      vertex 20.5 80 0
      vertex 16.5 75 0
      vertex 16.5 80 0
    endloop
  endfacet
  facet normal -1 0 0
    outer loop
      vertex 16.5 3 0
      vertex 16.5 5 1
      vertex 16.5 5 0
    endloop
  endfacet
  facet normal -1 -0 0
    outer loop
      vertex 16.5 5 1
      vertex 16.5 3 0
      vertex 16.5 3 1
    endloop
  endfacet
  facet normal -1 0 0
    outer loop
      vertex 16.5 75 0
      vertex 16.5 80 1
      vertex 16.5 80 0
    endloop
  endfacet
  facet normal -1 -0 0
    outer loop
      vertex 16.5 80 1
      vertex 16.5 75 0
      vertex 16.5 75 1
    endloop
  endfacet
  facet normal -1 0 0
    outer loop
      vertex 16.5 7 0
      vertex 16.5 73 1
      vertex 16.5 73 0
    endloop
  endfacet
  facet normal -1 -0 0
    outer loop
      vertex 16.5 73 1
      vertex 16.5 7 0
      vertex 16.5 7 1
    endloop
  endfacet
  facet normal -1 0 0
    outer loop
      vertex 15 5 0
      vertex 15 7 1
      vertex 15 7 0
    endloop
  endfacet
  facet normal -1 -0 0
    outer loop
      vertex 15 7 1
      vertex 15 5 0
      vertex 15 5 1
    endloop
  endfacet
  facet normal -0 0 1
    outer loop
      vertex 15 7 1
      vertex 16.5 5 1
      vertex 16.5 7 1
    endloop
  endfacet
  facet normal 0 0 1
    outer loop
      vertex 16.5 5 1
      vertex 15 7 1
      vertex 15 5 1
    endloop
  endfacet
  facet normal -0 0 1
    outer loop
      vertex 15 75 1
      vertex 16.5 73 1
      vertex 16.5 75 1
    endloop
  endfacet
  facet normal 0 0 1
    outer loop
      vertex 16.5 73 1
      vertex 15 75 1
      vertex 15 73 1
    endloop
  endfacet
  facet normal -0 0 1
    outer loop
      vertex 16.5 73 1
      vertex 20.5 3 1
      vertex 20.5 80 1
    endloop
  endfacet
  facet normal -0 0 1
    outer loop
      vertex 16.5 5 1
      vertex 20.5 3 1
      vertex 16.5 7 1
    endloop
  endfacet
  facet normal 0 0 1
    outer loop
      vertex 16.5 75 1
      vertex 20.5 80 1
      vertex 16.5 80 1
    endloop
  endfacet
  facet normal 0 0 1
    outer loop
      vertex 16.5 73 1
      vertex 20.5 80 1
      vertex 16.5 75 1
    endloop
  endfacet
  facet normal 0 0 1
    outer loop
      vertex 20.5 3 1
      vertex 16.5 73 1
      vertex 16.5 7 1
    endloop
  endfacet
  facet normal 0 0 1
    outer loop
      vertex 16.5 3 1
      vertex 20.5 3 1
      vertex 16.5 5 1
    endloop
  endfacet
  facet normal 0 0 1
    outer loop
      vertex 20.5 3 1
      vertex 16.5 3 1
      vertex 18.9 0 1
    endloop
  endfacet
  facet normal 0 0 1
    outer loop
      vertex 18.9 0 1
      vertex 16.5 3 1
      vertex 18.1 0 1
    endloop
  endfacet
  facet normal 0 1 -0
    outer loop
      vertex 16.5 7 0
      vertex 15 7 1
      vertex 16.5 7 1
    endloop
  endfacet
  facet normal 0 1 0
    outer loop
      vertex 15 7 1
      vertex 16.5 7 0
      vertex 15 7 0
    endloop
  endfacet
  facet normal 0 -1 0
    outer loop
      vertex 15 5 0
      vertex 16.5 5 1
      vertex 15 5 1
    endloop
  endfacet
  facet normal 0 -1 -0
    outer loop
      vertex 16.5 5 1
      vertex 15 5 0
      vertex 16.5 5 0
    endloop
  endfacet
  facet normal -1 0 0
    outer loop
      vertex 15 73 0
      vertex 15 75 1
      vertex 15 75 0
    endloop
  endfacet
  facet normal -1 -0 0
    outer loop
      vertex 15 75 1
      vertex 15 73 0
      vertex 15 73 1
    endloop
  endfacet
  facet normal 0 1 -0
    outer loop
      vertex 16.5 75 0
      vertex 15 75 1
      vertex 16.5 75 1
    endloop
  endfacet
  facet normal 0 1 0
    outer loop
      vertex 15 75 1
      vertex 16.5 75 0
      vertex 15 75 0
    endloop
  endfacet
  facet normal 0 -1 0
    outer loop
      vertex 15 73 0
      vertex 16.5 73 1
      vertex 15 73 1
    endloop
  endfacet
  facet normal 0 -1 -0
    outer loop
      vertex 16.5 73 1
      vertex 15 73 0
      vertex 16.5 73 0
    endloop
  endfacet
  facet normal 1 -0 0
    outer loop
      vertex 20.5 3 1
      vertex 20.5 80 0
      vertex 20.5 80 1
    endloop
  endfacet
  facet normal 1 0 0
    outer loop
      vertex 20.5 80 0
      vertex 20.5 3 1
      vertex 20.5 3 0
    endloop
  endfacet
  facet normal -0.882353 -0.470588 0
    outer loop
      vertex 18.1 0 0
      vertex 16.5 3 1
      vertex 16.5 3 0
    endloop
  endfacet
  facet normal -0.882353 -0.470588 0
    outer loop
      vertex 16.5 3 1
      vertex 18.1 0 0
      vertex 18.1 0 1
    endloop
  endfacet
  facet normal 0.882353 -0.470588 0
    outer loop
      vertex 18.9 0 1
      vertex 20.5 3 0
      vertex 20.5 3 1
    endloop
  endfacet
  facet normal 0.882353 -0.470588 0
    outer loop
      vertex 20.5 3 0
      vertex 18.9 0 1
      vertex 18.9 0 0
    endloop
  endfacet
  facet normal 0 1 -0
    outer loop
      vertex 20.5 80 0
      vertex 16.5 80 1
      vertex 20.5 80 1
    endloop
  endfacet
  facet normal 0 1 0
    outer loop
      vertex 16.5 80 1
      vertex 20.5 80 0
      vertex 16.5 80 0
    endloop
  endfacet
  facet normal 0 -1 0
    outer loop
      vertex 18.1 0 0
      vertex 18.9 0 1
      vertex 18.1 0 1
    endloop
  endfacet
  facet normal 0 -1 -0
    outer loop
      vertex 18.9 0 1
      vertex 18.1 0 0
      vertex 18.9 0 0
    endloop
  endfacet
  facet normal 0 0 -1
    outer loop
      vertex 22.5 73 0
      vertex 24 75 0
      vertex 24 73 0
    endloop
  endfacet
  facet normal -0 0 -1
    outer loop
      vertex 24 75 0
      vertex 22.5 73 0
      vertex 22.5 75 0
    endloop
  endfacet
  facet normal 0 0 -1
    outer loop
      vertex 22.5 5 0
      vertex 24 7 0
      vertex 24 5 0
    endloop
  endfacet
  facet normal -0 0 -1
    outer loop
      vertex 24 7 0
      vertex 22.5 5 0
      vertex 22.5 7 0
    endloop
  endfacet
  facet normal 0 0 -1
    outer loop
      vertex 24 3 0
      vertex 28 3 0
      vertex 26.4 0 0
    endloop
  endfacet
  facet normal 0 0 -1
    outer loop
      vertex 24 3 0
      vertex 26.4 0 0
      vertex 25.6 0 0
    endloop
  endfacet
  facet normal 0 0 -1
    outer loop
      vertex 28 3 0
      vertex 24 3 0
      vertex 24 5 0
    endloop
  endfacet
  facet normal 0 0 -1
    outer loop
      vertex 28 3 0
      vertex 24 5 0
      vertex 24 7 0
    endloop
  endfacet
  facet normal 0 0 -1
    outer loop
      vertex 24 73 0
      vertex 28 3 0
      vertex 24 7 0
    endloop
  endfacet
  facet normal 0 0 -1
    outer loop
      vertex 28 3 0
      vertex 24 73 0
      vertex 28 80 0
    endloop
  endfacet
  facet normal 0 0 -1
    outer loop
      vertex 24 75 0
      vertex 28 80 0
      vertex 24 73 0
    endloop
  endfacet
  facet normal -0 0 -1
    outer loop
      vertex 28 80 0
      vertex 24 75 0
      vertex 24 80 0
    endloop
  endfacet
  facet normal -1 0 0
    outer loop
      vertex 24 3 0
      vertex 24 5 1
      vertex 24 5 0
    endloop
  endfacet
  facet normal -1 -0 0
    outer loop
      vertex 24 5 1
      vertex 24 3 0
      vertex 24 3 1
    endloop
  endfacet
  facet normal -1 0 0
    outer loop
      vertex 24 75 0
      vertex 24 80 1
      vertex 24 80 0
    endloop
  endfacet
  facet normal -1 -0 0
    outer loop
      vertex 24 80 1
      vertex 24 75 0
      vertex 24 75 1
    endloop
  endfacet
  facet normal -1 0 0
    outer loop
      vertex 24 7 0
      vertex 24 73 1
      vertex 24 73 0
    endloop
  endfacet
  facet normal -1 -0 0
    outer loop
      vertex 24 73 1
      vertex 24 7 0
      vertex 24 7 1
    endloop
  endfacet
  facet normal -1 0 0
    outer loop
      vertex 22.5 5 0
      vertex 22.5 7 1
      vertex 22.5 7 0
    endloop
  endfacet
  facet normal -1 -0 0
    outer loop
      vertex 22.5 7 1
      vertex 22.5 5 0
      vertex 22.5 5 1
    endloop
  endfacet
  facet normal -0 0 1
    outer loop
      vertex 22.5 7 1
      vertex 24 5 1
      vertex 24 7 1
    endloop
  endfacet
  facet normal 0 0 1
    outer loop
      vertex 24 5 1
      vertex 22.5 7 1
      vertex 22.5 5 1
    endloop
  endfacet
  facet normal -0 0 1
    outer loop
      vertex 22.5 75 1
      vertex 24 73 1
      vertex 24 75 1
    endloop
  endfacet
  facet normal 0 0 1
    outer loop
      vertex 24 73 1
      vertex 22.5 75 1
      vertex 22.5 73 1
    endloop
  endfacet
  facet normal -0 0 1
    outer loop
      vertex 24 73 1
      vertex 28 3 1
      vertex 28 80 1
    endloop
  endfacet
  facet normal -0 0 1
    outer loop
      vertex 24 5 1
      vertex 28 3 1
      vertex 24 7 1
    endloop
  endfacet
  facet normal 0 0 1
    outer loop
      vertex 24 75 1
      vertex 28 80 1
      vertex 24 80 1
    endloop
  endfacet
  facet normal 0 0 1
    outer loop
      vertex 24 73 1
      vertex 28 80 1
      vertex 24 75 1
    endloop
  endfacet
  facet normal 0 0 1
    outer loop
      vertex 28 3 1
      vertex 24 73 1
      vertex 24 7 1
    endloop
  endfacet
  facet normal 0 0 1
    outer loop
      vertex 24 3 1
      vertex 28 3 1
      vertex 24 5 1
    endloop
  endfacet
  facet normal 0 0 1
    outer loop
      vertex 28 3 1
      vertex 24 3 1
      vertex 26.4 0 1
    endloop
  endfacet
  facet normal 0 0 1
    outer loop
      vertex 26.4 0 1
      vertex 24 3 1
      vertex 25.6 0 1
    endloop
  endfacet
  facet normal 0 1 -0
    outer loop
      vertex 24 7 0
      vertex 22.5 7 1
      vertex 24 7 1
    endloop
  endfacet
  facet normal 0 1 0
    outer loop
      vertex 22.5 7 1
      vertex 24 7 0
      vertex 22.5 7 0
    endloop
  endfacet
  facet normal 0 -1 0
    outer loop
      vertex 22.5 5 0
      vertex 24 5 1
      vertex 22.5 5 1
    endloop
  endfacet
  facet normal 0 -1 -0
    outer loop
      vertex 24 5 1
      vertex 22.5 5 0
      vertex 24 5 0
    endloop
  endfacet
  facet normal -1 0 0
    outer loop
      vertex 22.5 73 0
      vertex 22.5 75 1
      vertex 22.5 75 0
    endloop
  endfacet
  facet normal -1 -0 0
    outer loop
      vertex 22.5 75 1
      vertex 22.5 73 0
      vertex 22.5 73 1
    endloop
  endfacet
  facet normal 0 1 -0
    outer loop
      vertex 24 75 0
      vertex 22.5 75 1
      vertex 24 75 1
    endloop
  endfacet
  facet normal 0 1 0
    outer loop
      vertex 22.5 75 1
      vertex 24 75 0
      vertex 22.5 75 0
    endloop
  endfacet
  facet normal 0 -1 0
    outer loop
      vertex 22.5 73 0
      vertex 24 73 1
      vertex 22.5 73 1
    endloop
  endfacet
  facet normal 0 -1 -0
    outer loop
      vertex 24 73 1
      vertex 22.5 73 0
      vertex 24 73 0
    endloop
  endfacet
  facet normal 1 -0 0
    outer loop
      vertex 28 3 1
      vertex 28 80 0
      vertex 28 80 1
    endloop
  endfacet
  facet normal 1 0 0
    outer loop
      vertex 28 80 0
      vertex 28 3 1
      vertex 28 3 0
    endloop
  endfacet
  facet normal -0.882353 -0.470588 0
    outer loop
      vertex 25.6 0 0
      vertex 24 3 1
      vertex 24 3 0
    endloop
  endfacet
  facet normal -0.882353 -0.470588 0
    outer loop
      vertex 24 3 1
      vertex 25.6 0 0
      vertex 25.6 0 1
    endloop
  endfacet
  facet normal 0.882353 -0.470588 0
    outer loop
      vertex 26.4 0 1
      vertex 28 3 0
      vertex 28 3 1
    endloop
  endfacet
  facet normal 0.882353 -0.470588 0
    outer loop
      vertex 28 3 0
      vertex 26.4 0 1
      vertex 26.4 0 0
    endloop
  endfacet
  facet normal 0 1 -0
    outer loop
      vertex 28 80 0
      vertex 24 80 1
      vertex 28 80 1
    endloop
  endfacet
  facet normal 0 1 0
    outer loop
      vertex 24 80 1
      vertex 28 80 0
      vertex 24 80 0
    endloop
  endfacet
  facet normal 0 -1 0
    outer loop
      vertex 25.6 0 0
      vertex 26.4 0 1
      vertex 25.6 0 1
    endloop
  endfacet
  facet normal 0 -1 -0
    outer loop
      vertex 26.4 0 1
      vertex 25.6 0 0
      vertex 26.4 0 0
    endloop
  endfacet
  facet normal 0 0 -1
    outer loop
      vertex 30 73 0
      vertex 31.5 75 0
      vertex 31.5 73 0
    endloop
  endfacet
  facet normal -0 0 -1
    outer loop
      vertex 31.5 75 0
      vertex 30 73 0
      vertex 30 75 0
    endloop
  endfacet
  facet normal 0 0 -1
    outer loop
      vertex 30 5 0
      vertex 31.5 7 0
      vertex 31.5 5 0
    endloop
  endfacet
  facet normal -0 0 -1
    outer loop
      vertex 31.5 7 0
      vertex 30 5 0
      vertex 30 7 0
    endloop
  endfacet
  facet normal 0 0 -1
    outer loop
      vertex 31.5 3 0
      vertex 35.5 3 0
      vertex 33.9 0 0
    endloop
  endfacet
  facet normal 0 0 -1
    outer loop
      vertex 31.5 3 0
      vertex 33.9 0 0
      vertex 33.1 0 0
    endloop
  endfacet
  facet normal 0 0 -1
    outer loop
      vertex 35.5 3 0
      vertex 31.5 3 0
      vertex 31.5 5 0
    endloop
  endfacet
  facet normal 0 0 -1
    outer loop
      vertex 35.5 3 0
      vertex 31.5 5 0
      vertex 31.5 7 0
    endloop
  endfacet
  facet normal 0 0 -1
    outer loop
      vertex 31.5 73 0
      vertex 35.5 3 0
      vertex 31.5 7 0
    endloop
  endfacet
  facet normal 0 0 -1
    outer loop
      vertex 35.5 3 0
      vertex 31.5 73 0
      vertex 35.5 80 0
    endloop
  endfacet
  facet normal 0 0 -1
    outer loop
      vertex 31.5 75 0
      vertex 35.5 80 0
      vertex 31.5 73 0
    endloop
  endfacet
  facet normal -0 0 -1
    outer loop
      vertex 35.5 80 0
      vertex 31.5 75 0
      vertex 31.5 80 0
    endloop
  endfacet
  facet normal -1 0 0
    outer loop
      vertex 31.5 3 0
      vertex 31.5 5 1
      vertex 31.5 5 0
    endloop
  endfacet
  facet normal -1 -0 0
    outer loop
      vertex 31.5 5 1
      vertex 31.5 3 0
      vertex 31.5 3 1
    endloop
  endfacet
  facet normal -1 0 0
    outer loop
      vertex 31.5 75 0
      vertex 31.5 80 1
      vertex 31.5 80 0
    endloop
  endfacet
  facet normal -1 -0 0
    outer loop
      vertex 31.5 80 1
      vertex 31.5 75 0
      vertex 31.5 75 1
    endloop
  endfacet
  facet normal -1 0 0
    outer loop
      vertex 31.5 7 0
      vertex 31.5 73 1
      vertex 31.5 73 0
    endloop
  endfacet
  facet normal -1 -0 0
    outer loop
      vertex 31.5 73 1
      vertex 31.5 7 0
      vertex 31.5 7 1
    endloop
  endfacet
  facet normal -1 0 0
    outer loop
      vertex 30 5 0
      vertex 30 7 1
      vertex 30 7 0
    endloop
  endfacet
  facet normal -1 -0 0
    outer loop
      vertex 30 7 1
      vertex 30 5 0
      vertex 30 5 1
    endloop
  endfacet
  facet normal -0 0 1
    outer loop
      vertex 30 7 1
      vertex 31.5 5 1
      vertex 31.5 7 1
    endloop
  endfacet
  facet normal 0 0 1
    outer loop
      vertex 31.5 5 1
      vertex 30 7 1
      vertex 30 5 1
    endloop
  endfacet
  facet normal -0 0 1
    outer loop
      vertex 30 75 1
      vertex 31.5 73 1
      vertex 31.5 75 1
    endloop
  endfacet
  facet normal 0 0 1
    outer loop
      vertex 31.5 73 1
      vertex 30 75 1
      vertex 30 73 1
    endloop
  endfacet
  facet normal -0 0 1
    outer loop
      vertex 31.5 73 1
      vertex 35.5 3 1
      vertex 35.5 80 1
    endloop
  endfacet
  facet normal -0 0 1
    outer loop
      vertex 31.5 5 1
      vertex 35.5 3 1
      vertex 31.5 7 1
    endloop
  endfacet
  facet normal 0 0 1
    outer loop
      vertex 31.5 75 1
      vertex 35.5 80 1
      vertex 31.5 80 1
    endloop
  endfacet
  facet normal 0 0 1
    outer loop
      vertex 31.5 73 1
      vertex 35.5 80 1
      vertex 31.5 75 1
    endloop
  endfacet
  facet normal 0 0 1
    outer loop
      vertex 35.5 3 1
      vertex 31.5 73 1
      vertex 31.5 7 1
    endloop
  endfacet
  facet normal 0 0 1
    outer loop
      vertex 31.5 3 1
      vertex 35.5 3 1
      vertex 31.5 5 1
    endloop
  endfacet
  facet normal 0 0 1
    outer loop
      vertex 35.5 3 1
      vertex 31.5 3 1
      vertex 33.9 0 1
    endloop
  endfacet
  facet normal 0 0 1
    outer loop
      vertex 33.9 0 1
      vertex 31.5 3 1
      vertex 33.1 0 1
    endloop
  endfacet
  facet normal 0 1 -0
    outer loop
      vertex 31.5 7 0
      vertex 30 7 1
      vertex 31.5 7 1
    endloop
  endfacet
  facet normal 0 1 0
    outer loop
      vertex 30 7 1
      vertex 31.5 7 0
      vertex 30 7 0
    endloop
  endfacet
  facet normal 0 -1 0
    outer loop
      vertex 30 5 0
      vertex 31.5 5 1
      vertex 30 5 1
    endloop
  endfacet
  facet normal 0 -1 -0
    outer loop
      vertex 31.5 5 1
      vertex 30 5 0
      vertex 31.5 5 0
    endloop
  endfacet
  facet normal -1 0 0
    outer loop
      vertex 30 73 0
      vertex 30 75 1
      vertex 30 75 0
    endloop
  endfacet
  facet normal -1 -0 0
    outer loop
      vertex 30 75 1
      vertex 30 73 0
      vertex 30 73 1
    endloop
  endfacet
  facet normal 0 1 -0
    outer loop
      vertex 31.5 75 0
      vertex 30 75 1
      vertex 31.5 75 1
    endloop
  endfacet
  facet normal 0 1 0
    outer loop
      vertex 30 75 1
      vertex 31.5 75 0
      vertex 30 75 0
    endloop
  endfacet
  facet normal 0 -1 0
    outer loop
      vertex 30 73 0
      vertex 31.5 73 1
      vertex 30 73 1
    endloop
  endfacet
  facet normal 0 -1 -0
    outer loop
      vertex 31.5 73 1
      vertex 30 73 0
      vertex 31.5 73 0
    endloop
  endfacet
  facet normal 1 -0 0
    outer loop
      vertex 35.5 3 1
      vertex 35.5 80 0
      vertex 35.5 80 1
    endloop
  endfacet
  facet normal 1 0 0
    outer loop
      vertex 35.5 80 0
      vertex 35.5 3 1
      vertex 35.5 3 0
    endloop
  endfacet
  facet normal -0.882353 -0.470588 0
    outer loop
      vertex 33.1 0 0
      vertex 31.5 3 1
      vertex 31.5 3 0
    endloop
  endfacet
  facet normal -0.882353 -0.470588 0
    outer loop
      vertex 31.5 3 1
      vertex 33.1 0 0
      vertex 33.1 0 1
    endloop
  endfacet
  facet normal 0.882353 -0.470588 0
    outer loop
      vertex 33.9 0 1
      vertex 35.5 3 0
      vertex 35.5 3 1
    endloop
  endfacet
  facet normal 0.882353 -0.470588 0
    outer loop
      vertex 35.5 3 0
      vertex 33.9 0 1
      vertex 33.9 0 0
    endloop
  endfacet
  facet normal 0 1 -0
    outer loop
      vertex 35.5 80 0
      vertex 31.5 80 1
      vertex 35.5 80 1
    endloop
  endfacet
  facet normal 0 1 0
    outer loop
      vertex 31.5 80 1
      vertex 35.5 80 0
      vertex 31.5 80 0
    endloop
  endfacet
  facet normal 0 -1 0
    outer loop
      vertex 33.1 0 0
      vertex 33.9 0 1
      vertex 33.1 0 1
    endloop
  endfacet
  facet normal 0 -1 -0
    outer loop
      vertex 33.9 0 1
      vertex 33.1 0 0
      vertex 33.9 0 0
    endloop
  endfacet
  facet normal 0 0 -1
    outer loop
      vertex 37.5 73 0
      vertex 39 75 0
      vertex 39 73 0
    endloop
  endfacet
  facet normal -0 0 -1
    outer loop
      vertex 39 75 0
      vertex 37.5 73 0
      vertex 37.5 75 0
    endloop
  endfacet
  facet normal 0 0 -1
    outer loop
      vertex 37.5 5 0
      vertex 39 7 0
      vertex 39 5 0
    endloop
  endfacet
  facet normal -0 0 -1
    outer loop
      vertex 39 7 0
      vertex 37.5 5 0
      vertex 37.5 7 0
    endloop
  endfacet
  facet normal 0 0 -1
    outer loop
      vertex 39 3 0
      vertex 43 3 0
      vertex 41.4 0 0
    endloop
  endfacet
  facet normal 0 0 -1
    outer loop
      vertex 39 3 0
      vertex 41.4 0 0
      vertex 40.6 0 0
    endloop
  endfacet
  facet normal 0 0 -1
    outer loop
      vertex 43 3 0
      vertex 39 3 0
      vertex 39 5 0
    endloop
  endfacet
  facet normal 0 0 -1
    outer loop
      vertex 43 3 0
      vertex 39 5 0
      vertex 39 7 0
    endloop
  endfacet
  facet normal 0 0 -1
    outer loop
      vertex 39 73 0
      vertex 43 3 0
      vertex 39 7 0
    endloop
  endfacet
  facet normal 0 0 -1
    outer loop
      vertex 43 3 0
      vertex 39 73 0
      vertex 43 80 0
    endloop
  endfacet
  facet normal 0 0 -1
    outer loop
      vertex 39 75 0
      vertex 43 80 0
      vertex 39 73 0
    endloop
  endfacet
  facet normal -0 0 -1
    outer loop
      vertex 43 80 0
      vertex 39 75 0
      vertex 39 80 0
    endloop
  endfacet
  facet normal -1 0 0
    outer loop
      vertex 39 3 0
      vertex 39 5 1
      vertex 39 5 0
    endloop
  endfacet
  facet normal -1 -0 0
    outer loop
      vertex 39 5 1
      vertex 39 3 0
      vertex 39 3 1
    endloop
  endfacet
  facet normal -1 0 0
    outer loop
      vertex 39 75 0
      vertex 39 80 1
      vertex 39 80 0
    endloop
  endfacet
  facet normal -1 -0 0
    outer loop
      vertex 39 80 1
      vertex 39 75 0
      vertex 39 75 1
    endloop
  endfacet
  facet normal -1 0 0
    outer loop
      vertex 39 7 0
      vertex 39 73 1
      vertex 39 73 0
    endloop
  endfacet
  facet normal -1 -0 0
    outer loop
      vertex 39 73 1
      vertex 39 7 0
      vertex 39 7 1
    endloop
  endfacet
  facet normal -1 0 0
    outer loop
      vertex 37.5 5 0
      vertex 37.5 7 1
      vertex 37.5 7 0
    endloop
  endfacet
  facet normal -1 -0 0
    outer loop
      vertex 37.5 7 1
      vertex 37.5 5 0
      vertex 37.5 5 1
    endloop
  endfacet
  facet normal -0 0 1
    outer loop
      vertex 37.5 7 1
      vertex 39 5 1
      vertex 39 7 1
    endloop
  endfacet
  facet normal 0 0 1
    outer loop
      vertex 39 5 1
      vertex 37.5 7 1
      vertex 37.5 5 1
    endloop
  endfacet
  facet normal -0 0 1
    outer loop
      vertex 37.5 75 1
      vertex 39 73 1
      vertex 39 75 1
    endloop
  endfacet
  facet normal 0 0 1
    outer loop
      vertex 39 73 1
      vertex 37.5 75 1
      vertex 37.5 73 1
    endloop
  endfacet
  facet normal -0 0 1
    outer loop
      vertex 39 73 1
      vertex 43 3 1
      vertex 43 80 1
    endloop
  endfacet
  facet normal -0 0 1
    outer loop
      vertex 39 5 1
      vertex 43 3 1
      vertex 39 7 1
    endloop
  endfacet
  facet normal 0 0 1
    outer loop
      vertex 39 75 1
      vertex 43 80 1
      vertex 39 80 1
    endloop
  endfacet
  facet normal 0 0 1
    outer loop
      vertex 39 73 1
      vertex 43 80 1
      vertex 39 75 1
    endloop
  endfacet
  facet normal 0 0 1
    outer loop
      vertex 43 3 1
      vertex 39 73 1
      vertex 39 7 1
    endloop
  endfacet
  facet normal 0 0 1
    outer loop
      vertex 39 3 1
      vertex 43 3 1
      vertex 39 5 1
    endloop
  endfacet
  facet normal 0 0 1
    outer loop
      vertex 43 3 1
      vertex 39 3 1
      vertex 41.4 0 1
    endloop
  endfacet
  facet normal 0 0 1
    outer loop
      vertex 41.4 0 1
      vertex 39 3 1
      vertex 40.6 0 1
    endloop
  endfacet
  facet normal 0 1 -0
    outer loop
      vertex 39 7 0
      vertex 37.5 7 1
      vertex 39 7 1
    endloop
  endfacet
  facet normal 0 1 0
    outer loop
      vertex 37.5 7 1
      vertex 39 7 0
      vertex 37.5 7 0
    endloop
  endfacet
  facet normal 0 -1 0
    outer loop
      vertex 37.5 5 0
      vertex 39 5 1
      vertex 37.5 5 1
    endloop
  endfacet
  facet normal 0 -1 -0
    outer loop
      vertex 39 5 1
      vertex 37.5 5 0
      vertex 39 5 0
    endloop
  endfacet
  facet normal -1 0 0
    outer loop
      vertex 37.5 73 0
      vertex 37.5 75 1
      vertex 37.5 75 0
    endloop
  endfacet
  facet normal -1 -0 0
    outer loop
      vertex 37.5 75 1
      vertex 37.5 73 0
      vertex 37.5 73 1
    endloop
  endfacet
  facet normal 0 1 -0
    outer loop
      vertex 39 75 0
      vertex 37.5 75 1
      vertex 39 75 1
    endloop
  endfacet
  facet normal 0 1 0
    outer loop
      vertex 37.5 75 1
      vertex 39 75 0
      vertex 37.5 75 0
    endloop
  endfacet
  facet normal 0 -1 0
    outer loop
      vertex 37.5 73 0
      vertex 39 73 1
      vertex 37.5 73 1
    endloop
  endfacet
  facet normal 0 -1 -0
    outer loop
      vertex 39 73 1
      vertex 37.5 73 0
      vertex 39 73 0
    endloop
  endfacet
  facet normal 1 -0 0
    outer loop
      vertex 43 3 1
      vertex 43 80 0
      vertex 43 80 1
    endloop
  endfacet
  facet normal 1 0 0
    outer loop
      vertex 43 80 0
      vertex 43 3 1
      vertex 43 3 0
    endloop
  endfacet
  facet normal -0.882353 -0.470588 0
    outer loop
      vertex 40.6 0 0
      vertex 39 3 1
      vertex 39 3 0
    endloop
  endfacet
  facet normal -0.882353 -0.470588 0
    outer loop
      vertex 39 3 1
      vertex 40.6 0 0
      vertex 40.6 0 1
    endloop
  endfacet
  facet normal 0.882353 -0.470588 0
    outer loop
      vertex 41.4 0 1
      vertex 43 3 0
      vertex 43 3 1
    endloop
  endfacet
  facet normal 0.882353 -0.470588 0
    outer loop
      vertex 43 3 0
      vertex 41.4 0 1
      vertex 41.4 0 0
    endloop
  endfacet
  facet normal 0 1 -0
    outer loop
      vertex 43 80 0
      vertex 39 80 1
      vertex 43 80 1
    endloop
  endfacet
  facet normal 0 1 0
    outer loop
      vertex 39 80 1
      vertex 43 80 0
      vertex 39 80 0
    endloop
  endfacet
  facet normal 0 -1 0
    outer loop
      vertex 40.6 0 0
      vertex 41.4 0 1
      vertex 40.6 0 1
    endloop
  endfacet
  facet normal 0 -1 -0
    outer loop
      vertex 41.4 0 1
      vertex 40.6 0 0
      vertex 41.4 0 0
    endloop
  endfacet
  facet normal 0 0 -1
    outer loop
      vertex 45 73 0
      vertex 46.5 75 0
      vertex 46.5 73 0
    endloop
  endfacet
  facet normal -0 0 -1
    outer loop
      vertex 46.5 75 0
      vertex 45 73 0
      vertex 45 75 0
    endloop
  endfacet
  facet normal 0 0 -1
    outer loop
      vertex 45 5 0
      vertex 46.5 7 0
      vertex 46.5 5 0
    endloop
  endfacet
  facet normal -0 0 -1
    outer loop
      vertex 46.5 7 0
      vertex 45 5 0
      vertex 45 7 0
    endloop
  endfacet
  facet normal 0 0 -1
    outer loop
      vertex 46.5 3 0
      vertex 50.5 3 0
      vertex 48.9 0 0
    endloop
  endfacet
  facet normal 0 0 -1
    outer loop
      vertex 46.5 3 0
      vertex 48.9 0 0
      vertex 48.1 0 0
    endloop
  endfacet
  facet normal 0 0 -1
    outer loop
      vertex 50.5 3 0
      vertex 46.5 3 0
      vertex 46.5 5 0
    endloop
  endfacet
  facet normal 0 0 -1
    outer loop
      vertex 50.5 3 0
      vertex 46.5 5 0
      vertex 46.5 7 0
    endloop
  endfacet
  facet normal 0 0 -1
    outer loop
      vertex 46.5 73 0
      vertex 50.5 3 0
      vertex 46.5 7 0
    endloop
  endfacet
  facet normal 0 0 -1
    outer loop
      vertex 50.5 3 0
      vertex 46.5 73 0
      vertex 50.5 80 0
    endloop
  endfacet
  facet normal 0 0 -1
    outer loop
      vertex 46.5 75 0
      vertex 50.5 80 0
      vertex 46.5 73 0
    endloop
  endfacet
  facet normal -0 0 -1
    outer loop
      vertex 50.5 80 0
      vertex 46.5 75 0
      vertex 46.5 80 0
    endloop
  endfacet
  facet normal -1 0 0
    outer loop
      vertex 46.5 3 0
      vertex 46.5 5 1
      vertex 46.5 5 0
    endloop
  endfacet
  facet normal -1 -0 0
    outer loop
      vertex 46.5 5 1
      vertex 46.5 3 0
      vertex 46.5 3 1
    endloop
  endfacet
  facet normal -1 0 0
    outer loop
      vertex 46.5 75 0
      vertex 46.5 80 1
      vertex 46.5 80 0
    endloop
  endfacet
  facet normal -1 -0 0
    outer loop
      vertex 46.5 80 1
      vertex 46.5 75 0
      vertex 46.5 75 1
    endloop
  endfacet
  facet normal -1 0 0
    outer loop
      vertex 46.5 7 0
      vertex 46.5 73 1
      vertex 46.5 73 0
    endloop
  endfacet
  facet normal -1 -0 0
    outer loop
      vertex 46.5 73 1
      vertex 46.5 7 0
      vertex 46.5 7 1
    endloop
  endfacet
  facet normal -1 0 0
    outer loop
      vertex 45 5 0
      vertex 45 7 1
      vertex 45 7 0
    endloop
  endfacet
  facet normal -1 -0 0
    outer loop
      vertex 45 7 1
      vertex 45 5 0
      vertex 45 5 1
    endloop
  endfacet
  facet normal -0 0 1
    outer loop
      vertex 45 7 1
      vertex 46.5 5 1
      vertex 46.5 7 1
    endloop
  endfacet
  facet normal 0 0 1
    outer loop
      vertex 46.5 5 1
      vertex 45 7 1
      vertex 45 5 1
    endloop
  endfacet
  facet normal -0 0 1
    outer loop
      vertex 45 75 1
      vertex 46.5 73 1
      vertex 46.5 75 1
    endloop
  endfacet
  facet normal 0 0 1
    outer loop
      vertex 46.5 73 1
      vertex 45 75 1
      vertex 45 73 1
    endloop
  endfacet
  facet normal -0 0 1
    outer loop
      vertex 46.5 73 1
      vertex 50.5 3 1
      vertex 50.5 80 1
    endloop
  endfacet
  facet normal -0 0 1
    outer loop
      vertex 46.5 5 1
      vertex 50.5 3 1
      vertex 46.5 7 1
    endloop
  endfacet
  facet normal 0 0 1
    outer loop
      vertex 46.5 75 1
      vertex 50.5 80 1
      vertex 46.5 80 1
    endloop
  endfacet
  facet normal 0 0 1
    outer loop
      vertex 46.5 73 1
      vertex 50.5 80 1
      vertex 46.5 75 1
    endloop
  endfacet
  facet normal 0 0 1
    outer loop
      vertex 50.5 3 1
      vertex 46.5 73 1
      vertex 46.5 7 1
    endloop
  endfacet
  facet normal 0 0 1
    outer loop
      vertex 46.5 3 1
      vertex 50.5 3 1
      vertex 46.5 5 1
    endloop
  endfacet
  facet normal 0 0 1
    outer loop
      vertex 50.5 3 1
      vertex 46.5 3 1
      vertex 48.9 0 1
    endloop
  endfacet
  facet normal 0 0 1
    outer loop
      vertex 48.9 0 1
      vertex 46.5 3 1
      vertex 48.1 0 1
    endloop
  endfacet
  facet normal 0 1 -0
    outer loop
      vertex 46.5 7 0
      vertex 45 7 1
      vertex 46.5 7 1
    endloop
  endfacet
  facet normal 0 1 0
    outer loop
      vertex 45 7 1
      vertex 46.5 7 0
      vertex 45 7 0
    endloop
  endfacet
  facet normal 0 -1 0
    outer loop
      vertex 45 5 0
      vertex 46.5 5 1
      vertex 45 5 1
    endloop
  endfacet
  facet normal 0 -1 -0
    outer loop
      vertex 46.5 5 1
      vertex 45 5 0
      vertex 46.5 5 0
    endloop
  endfacet
  facet normal -1 0 0
    outer loop
      vertex 45 73 0
      vertex 45 75 1
      vertex 45 75 0
    endloop
  endfacet
  facet normal -1 -0 0
    outer loop
      vertex 45 75 1
      vertex 45 73 0
      vertex 45 73 1
    endloop
  endfacet
  facet normal 0 1 -0
    outer loop
      vertex 46.5 75 0
      vertex 45 75 1
      vertex 46.5 75 1
    endloop
  endfacet
  facet normal 0 1 0
    outer loop
      vertex 45 75 1
      vertex 46.5 75 0
      vertex 45 75 0
    endloop
  endfacet
  facet normal 0 -1 0
    outer loop
      vertex 45 73 0
      vertex 46.5 73 1
      vertex 45 73 1
    endloop
  endfacet
  facet normal 0 -1 -0
    outer loop
      vertex 46.5 73 1
      vertex 45 73 0
      vertex 46.5 73 0
    endloop
  endfacet
  facet normal 1 -0 0
    outer loop
      vertex 50.5 3 1
      vertex 50.5 80 0
      vertex 50.5 80 1
    endloop
  endfacet
  facet normal 1 0 0
    outer loop
      vertex 50.5 80 0
      vertex 50.5 3 1
      vertex 50.5 3 0
    endloop
  endfacet
  facet normal -0.882353 -0.470588 0
    outer loop
      vertex 48.1 0 0
      vertex 46.5 3 1
      vertex 46.5 3 0
    endloop
  endfacet
  facet normal -0.882353 -0.470588 0
    outer loop
      vertex 46.5 3 1
      vertex 48.1 0 0
      vertex 48.1 0 1
    endloop
  endfacet
  facet normal 0.882353 -0.470588 0
    outer loop
      vertex 48.9 0 1
      vertex 50.5 3 0
      vertex 50.5 3 1
    endloop
  endfacet
  facet normal 0.882353 -0.470588 0
    outer loop
      vertex 50.5 3 0
      vertex 48.9 0 1
      vertex 48.9 0 0
    endloop
  endfacet
  facet normal 0 1 -0
    outer loop
      vertex 50.5 80 0
      vertex 46.5 80 1
      vertex 50.5 80 1
    endloop
  endfacet
  facet normal 0 1 0
    outer loop
      vertex 46.5 80 1
      vertex 50.5 80 0
      vertex 46.5 80 0
    endloop
  endfacet
  facet normal 0 -1 0
    outer loop
      vertex 48.1 0 0
      vertex 48.9 0 1
      vertex 48.1 0 1
    endloop
  endfacet
  facet normal 0 -1 -0
    outer loop
      vertex 48.9 0 1
      vertex 48.1 0 0
      vertex 48.9 0 0
    endloop
  endfacet
  facet normal 0 0 -1
    outer loop
      vertex 52.5 73 0
      vertex 54 75 0
      vertex 54 73 0
    endloop
  endfacet
  facet normal -0 0 -1
    outer loop
      vertex 54 75 0
      vertex 52.5 73 0
      vertex 52.5 75 0
    endloop
  endfacet
  facet normal 0 0 -1
    outer loop
      vertex 52.5 5 0
      vertex 54 7 0
      vertex 54 5 0
    endloop
  endfacet
  facet normal -0 0 -1
    outer loop
      vertex 54 7 0
      vertex 52.5 5 0
      vertex 52.5 7 0
    endloop
  endfacet
  facet normal 0 0 -1
    outer loop
      vertex 54 3 0
      vertex 58 3 0
      vertex 56.4 0 0
    endloop
  endfacet
  facet normal 0 0 -1
    outer loop
      vertex 54 3 0
      vertex 56.4 0 0
      vertex 55.6 0 0
    endloop
  endfacet
  facet normal 0 0 -1
    outer loop
      vertex 58 3 0
      vertex 54 3 0
      vertex 54 5 0
    endloop
  endfacet
  facet normal 0 0 -1
    outer loop
      vertex 58 3 0
      vertex 54 5 0
      vertex 54 7 0
    endloop
  endfacet
  facet normal 0 0 -1
    outer loop
      vertex 54 73 0
      vertex 58 3 0
      vertex 54 7 0
    endloop
  endfacet
  facet normal 0 0 -1
    outer loop
      vertex 58 3 0
      vertex 54 73 0
      vertex 58 80 0
    endloop
  endfacet
  facet normal 0 0 -1
    outer loop
      vertex 54 75 0
      vertex 58 80 0
      vertex 54 73 0
    endloop
  endfacet
  facet normal -0 0 -1
    outer loop
      vertex 58 80 0
      vertex 54 75 0
      vertex 54 80 0
    endloop
  endfacet
  facet normal -1 0 0
    outer loop
      vertex 54 3 0
      vertex 54 5 1
      vertex 54 5 0
    endloop
  endfacet
  facet normal -1 -0 0
    outer loop
      vertex 54 5 1
      vertex 54 3 0
      vertex 54 3 1
    endloop
  endfacet
  facet normal -1 0 0
    outer loop
      vertex 54 75 0
      vertex 54 80 1
      vertex 54 80 0
    endloop
  endfacet
  facet normal -1 -0 0
    outer loop
      vertex 54 80 1
      vertex 54 75 0
      vertex 54 75 1
    endloop
  endfacet
  facet normal -1 0 0
    outer loop
      vertex 54 7 0
      vertex 54 73 1
      vertex 54 73 0
    endloop
  endfacet
  facet normal -1 -0 0
    outer loop
      vertex 54 73 1
      vertex 54 7 0
      vertex 54 7 1
    endloop
  endfacet
  facet normal -1 0 0
    outer loop
      vertex 52.5 5 0
      vertex 52.5 7 1
      vertex 52.5 7 0
    endloop
  endfacet
  facet normal -1 -0 0
    outer loop
      vertex 52.5 7 1
      vertex 52.5 5 0
      vertex 52.5 5 1
    endloop
  endfacet
  facet normal -0 0 1
    outer loop
      vertex 52.5 7 1
      vertex 54 5 1
      vertex 54 7 1
    endloop
  endfacet
  facet normal 0 0 1
    outer loop
      vertex 54 5 1
      vertex 52.5 7 1
      vertex 52.5 5 1
    endloop
  endfacet
  facet normal -0 0 1
    outer loop
      vertex 52.5 75 1
      vertex 54 73 1
      vertex 54 75 1
    endloop
  endfacet
  facet normal 0 0 1
    outer loop
      vertex 54 73 1
      vertex 52.5 75 1
      vertex 52.5 73 1
    endloop
  endfacet
  facet normal -0 0 1
    outer loop
      vertex 54 73 1
      vertex 58 3 1
      vertex 58 80 1
    endloop
  endfacet
  facet normal -0 0 1
    outer loop
      vertex 54 5 1
      vertex 58 3 1
      vertex 54 7 1
    endloop
  endfacet
  facet normal 0 0 1
    outer loop
      vertex 54 75 1
      vertex 58 80 1
      vertex 54 80 1
    endloop
  endfacet
  facet normal 0 0 1
    outer loop
      vertex 54 73 1
      vertex 58 80 1
      vertex 54 75 1
    endloop
  endfacet
  facet normal 0 0 1
    outer loop
      vertex 58 3 1
      vertex 54 73 1
      vertex 54 7 1
    endloop
  endfacet
  facet normal 0 0 1
    outer loop
      vertex 54 3 1
      vertex 58 3 1
      vertex 54 5 1
    endloop
  endfacet
  facet normal 0 0 1
    outer loop
      vertex 58 3 1
      vertex 54 3 1
      vertex 56.4 0 1
    endloop
  endfacet
  facet normal 0 0 1
    outer loop
      vertex 56.4 0 1
      vertex 54 3 1
      vertex 55.6 0 1
    endloop
  endfacet
  facet normal 0 1 -0
    outer loop
      vertex 54 7 0
      vertex 52.5 7 1
      vertex 54 7 1
    endloop
  endfacet
  facet normal 0 1 0
    outer loop
      vertex 52.5 7 1
      vertex 54 7 0
      vertex 52.5 7 0
    endloop
  endfacet
  facet normal 0 -1 0
    outer loop
      vertex 52.5 5 0
      vertex 54 5 1
      vertex 52.5 5 1
    endloop
  endfacet
  facet normal 0 -1 -0
    outer loop
      vertex 54 5 1
      vertex 52.5 5 0
      vertex 54 5 0
    endloop
  endfacet
  facet normal -1 0 0
    outer loop
      vertex 52.5 73 0
      vertex 52.5 75 1
      vertex 52.5 75 0
    endloop
  endfacet
  facet normal -1 -0 0
    outer loop
      vertex 52.5 75 1
      vertex 52.5 73 0
      vertex 52.5 73 1
    endloop
  endfacet
  facet normal 0 1 -0
    outer loop
      vertex 54 75 0
      vertex 52.5 75 1
      vertex 54 75 1
    endloop
  endfacet
  facet normal 0 1 0
    outer loop
      vertex 52.5 75 1
      vertex 54 75 0
      vertex 52.5 75 0
    endloop
  endfacet
  facet normal 0 -1 0
    outer loop
      vertex 52.5 73 0
      vertex 54 73 1
      vertex 52.5 73 1
    endloop
  endfacet
  facet normal 0 -1 -0
    outer loop
      vertex 54 73 1
      vertex 52.5 73 0
      vertex 54 73 0
    endloop
  endfacet
  facet normal 1 -0 0
    outer loop
      vertex 58 3 1
      vertex 58 80 0
      vertex 58 80 1
    endloop
  endfacet
  facet normal 1 0 0
    outer loop
      vertex 58 80 0
      vertex 58 3 1
      vertex 58 3 0
    endloop
  endfacet
  facet normal -0.882353 -0.470588 0
    outer loop
      vertex 55.6 0 0
      vertex 54 3 1
      vertex 54 3 0
    endloop
  endfacet
  facet normal -0.882353 -0.470588 0
    outer loop
      vertex 54 3 1
      vertex 55.6 0 0
      vertex 55.6 0 1
    endloop
  endfacet
  facet normal 0.882353 -0.470588 0
    outer loop
      vertex 56.4 0 1
      vertex 58 3 0
      vertex 58 3 1
    endloop
  endfacet
  facet normal 0.882353 -0.470588 0
    outer loop
      vertex 58 3 0
      vertex 56.4 0 1
      vertex 56.4 0 0
    endloop
  endfacet
  facet normal 0 1 -0
    outer loop
      vertex 58 80 0
      vertex 54 80 1
      vertex 58 80 1
    endloop
  endfacet
  facet normal 0 1 0
    outer loop
      vertex 54 80 1
      vertex 58 80 0
      vertex 54 80 0
    endloop
  endfacet
  facet normal 0 -1 0
    outer loop
      vertex 55.6 0 0
      vertex 56.4 0 1
      vertex 55.6 0 1
    endloop
  endfacet
  facet normal 0 -1 -0
    outer loop
      vertex 56.4 0 1
      vertex 55.6 0 0
      vertex 56.4 0 0
    endloop
  endfacet
  facet normal 0 0 -1
    outer loop
      vertex 60 73 0
      vertex 61.5 75 0
      vertex 61.5 73 0
    endloop
  endfacet
  facet normal -0 0 -1
    outer loop
      vertex 61.5 75 0
      vertex 60 73 0
      vertex 60 75 0
    endloop
  endfacet
  facet normal 0 0 -1
    outer loop
      vertex 60 5 0
      vertex 61.5 7 0
      vertex 61.5 5 0
    endloop
  endfacet
  facet normal -0 0 -1
    outer loop
      vertex 61.5 7 0
      vertex 60 5 0
      vertex 60 7 0
    endloop
  endfacet
  facet normal 0 0 -1
    outer loop
      vertex 61.5 3 0
      vertex 65.5 3 0
      vertex 63.9 0 0
    endloop
  endfacet
  facet normal 0 0 -1
    outer loop
      vertex 61.5 3 0
      vertex 63.9 0 0
      vertex 63.1 0 0
    endloop
  endfacet
  facet normal 0 0 -1
    outer loop
      vertex 65.5 3 0
      vertex 61.5 3 0
      vertex 61.5 5 0
    endloop
  endfacet
  facet normal 0 0 -1
    outer loop
      vertex 65.5 3 0
      vertex 61.5 5 0
      vertex 61.5 7 0
    endloop
  endfacet
  facet normal 0 0 -1
    outer loop
      vertex 61.5 73 0
      vertex 65.5 3 0
      vertex 61.5 7 0
    endloop
  endfacet
  facet normal 0 0 -1
    outer loop
      vertex 65.5 3 0
      vertex 61.5 73 0
      vertex 65.5 80 0
    endloop
  endfacet
  facet normal 0 0 -1
    outer loop
      vertex 61.5 75 0
      vertex 65.5 80 0
      vertex 61.5 73 0
    endloop
  endfacet
  facet normal -0 0 -1
    outer loop
      vertex 65.5 80 0
      vertex 61.5 75 0
      vertex 61.5 80 0
    endloop
  endfacet
  facet normal -1 0 0
    outer loop
      vertex 61.5 3 0
      vertex 61.5 5 1
      vertex 61.5 5 0
    endloop
  endfacet
  facet normal -1 -0 0
    outer loop
      vertex 61.5 5 1
      vertex 61.5 3 0
      vertex 61.5 3 1
    endloop
  endfacet
  facet normal -1 0 0
    outer loop
      vertex 61.5 75 0
      vertex 61.5 80 1
      vertex 61.5 80 0
    endloop
  endfacet
  facet normal -1 -0 0
    outer loop
      vertex 61.5 80 1
      vertex 61.5 75 0
      vertex 61.5 75 1
    endloop
  endfacet
  facet normal -1 0 0
    outer loop
      vertex 61.5 7 0
      vertex 61.5 73 1
      vertex 61.5 73 0
    endloop
  endfacet
  facet normal -1 -0 0
    outer loop
      vertex 61.5 73 1
      vertex 61.5 7 0
      vertex 61.5 7 1
    endloop
  endfacet
  facet normal -1 0 0
    outer loop
      vertex 60 5 0
      vertex 60 7 1
      vertex 60 7 0
    endloop
  endfacet
  facet normal -1 -0 0
    outer loop
      vertex 60 7 1
      vertex 60 5 0
      vertex 60 5 1
    endloop
  endfacet
  facet normal -0 0 1
    outer loop
      vertex 60 7 1
      vertex 61.5 5 1
      vertex 61.5 7 1
    endloop
  endfacet
  facet normal 0 0 1
    outer loop
      vertex 61.5 5 1
      vertex 60 7 1
      vertex 60 5 1
    endloop
  endfacet
  facet normal -0 0 1
    outer loop
      vertex 60 75 1
      vertex 61.5 73 1
      vertex 61.5 75 1
    endloop
  endfacet
  facet normal 0 0 1
    outer loop
      vertex 61.5 73 1
      vertex 60 75 1
      vertex 60 73 1
    endloop
  endfacet
  facet normal -0 0 1
    outer loop
      vertex 61.5 73 1
      vertex 65.5 3 1
      vertex 65.5 80 1
    endloop
  endfacet
  facet normal -0 0 1
    outer loop
      vertex 61.5 5 1
      vertex 65.5 3 1
      vertex 61.5 7 1
    endloop
  endfacet
  facet normal 0 0 1
    outer loop
      vertex 61.5 75 1
      vertex 65.5 80 1
      vertex 61.5 80 1
    endloop
  endfacet
  facet normal 0 0 1
    outer loop
      vertex 61.5 73 1
      vertex 65.5 80 1
      vertex 61.5 75 1
    endloop
  endfacet
  facet normal 0 0 1
    outer loop
      vertex 65.5 3 1
      vertex 61.5 73 1
      vertex 61.5 7 1
    endloop
  endfacet
  facet normal 0 0 1
    outer loop
      vertex 61.5 3 1
      vertex 65.5 3 1
      vertex 61.5 5 1
    endloop
  endfacet
  facet normal 0 0 1
    outer loop
      vertex 65.5 3 1
      vertex 61.5 3 1
      vertex 63.9 0 1
    endloop
  endfacet
  facet normal 0 0 1
    outer loop
      vertex 63.9 0 1
      vertex 61.5 3 1
      vertex 63.1 0 1
    endloop
  endfacet
  facet normal 0 1 -0
    outer loop
      vertex 61.5 7 0
      vertex 60 7 1
      vertex 61.5 7 1
    endloop
  endfacet
  facet normal 0 1 0
    outer loop
      vertex 60 7 1
      vertex 61.5 7 0
      vertex 60 7 0
    endloop
  endfacet
  facet normal 0 -1 0
    outer loop
      vertex 60 5 0
      vertex 61.5 5 1
      vertex 60 5 1
    endloop
  endfacet
  facet normal 0 -1 -0
    outer loop
      vertex 61.5 5 1
      vertex 60 5 0
      vertex 61.5 5 0
    endloop
  endfacet
  facet normal -1 0 0
    outer loop
      vertex 60 73 0
      vertex 60 75 1
      vertex 60 75 0
    endloop
  endfacet
  facet normal -1 -0 0
    outer loop
      vertex 60 75 1
      vertex 60 73 0
      vertex 60 73 1
    endloop
  endfacet
  facet normal 0 1 -0
    outer loop
      vertex 61.5 75 0
      vertex 60 75 1
      vertex 61.5 75 1
    endloop
  endfacet
  facet normal 0 1 0
    outer loop
      vertex 60 75 1
      vertex 61.5 75 0
      vertex 60 75 0
    endloop
  endfacet
  facet normal 0 -1 0
    outer loop
      vertex 60 73 0
      vertex 61.5 73 1
      vertex 60 73 1
    endloop
  endfacet
  facet normal 0 -1 -0
    outer loop
      vertex 61.5 73 1
      vertex 60 73 0
      vertex 61.5 73 0
    endloop
  endfacet
  facet normal 1 -0 0
    outer loop
      vertex 65.5 3 1
      vertex 65.5 80 0
      vertex 65.5 80 1
    endloop
  endfacet
  facet normal 1 0 0
    outer loop
      vertex 65.5 80 0
      vertex 65.5 3 1
      vertex 65.5 3 0
    endloop
  endfacet
  facet normal -0.882353 -0.470588 0
    outer loop
      vertex 63.1 0 0
      vertex 61.5 3 1
      vertex 61.5 3 0
    endloop
  endfacet
  facet normal -0.882353 -0.470588 0
    outer loop
      vertex 61.5 3 1
      vertex 63.1 0 0
      vertex 63.1 0 1
    endloop
  endfacet
  facet normal 0.882353 -0.470588 0
    outer loop
      vertex 63.9 0 1
      vertex 65.5 3 0
      vertex 65.5 3 1
    endloop
  endfacet
  facet normal 0.882353 -0.470588 0
    outer loop
      vertex 65.5 3 0
      vertex 63.9 0 1
      vertex 63.9 0 0
    endloop
  endfacet
  facet normal 0 1 -0
    outer loop
      vertex 65.5 80 0
      vertex 61.5 80 1
      vertex 65.5 80 1
    endloop
  endfacet
  facet normal 0 1 0
    outer loop
      vertex 61.5 80 1
      vertex 65.5 80 0
      vertex 61.5 80 0
    endloop
  endfacet
  facet normal 0 -1 0
    outer loop
      vertex 63.1 0 0
      vertex 63.9 0 1
      vertex 63.1 0 1
    endloop
  endfacet
  facet normal 0 -1 -0
    outer loop
      vertex 63.9 0 1
      vertex 63.1 0 0
      vertex 63.9 0 0
    endloop
  endfacet
  facet normal 0 0 -1
    outer loop
      vertex 67.5 73 0
      vertex 69 75 0
      vertex 69 73 0
    endloop
  endfacet
  facet normal -0 0 -1
    outer loop
      vertex 69 75 0
      vertex 67.5 73 0
      vertex 67.5 75 0
    endloop
  endfacet
  facet normal 0 0 -1
    outer loop
      vertex 67.5 5 0
      vertex 69 7 0
      vertex 69 5 0
    endloop
  endfacet
  facet normal -0 0 -1
    outer loop
      vertex 69 7 0
      vertex 67.5 5 0
      vertex 67.5 7 0
    endloop
  endfacet
  facet normal 0 0 -1
    outer loop
      vertex 69 3 0
      vertex 73 3 0
      vertex 71.4 0 0
    endloop
  endfacet
  facet normal 0 0 -1
    outer loop
      vertex 69 3 0
      vertex 71.4 0 0
      vertex 70.6 0 0
    endloop
  endfacet
  facet normal 0 0 -1
    outer loop
      vertex 73 3 0
      vertex 69 3 0
      vertex 69 5 0
    endloop
  endfacet
  facet normal 0 0 -1
    outer loop
      vertex 73 3 0
      vertex 69 5 0
      vertex 69 7 0
    endloop
  endfacet
  facet normal 0 0 -1
    outer loop
      vertex 69 73 0
      vertex 73 3 0
      vertex 69 7 0
    endloop
  endfacet
  facet normal 0 0 -1
    outer loop
      vertex 73 3 0
      vertex 69 73 0
      vertex 73 80 0
    endloop
  endfacet
  facet normal 0 0 -1
    outer loop
      vertex 69 75 0
      vertex 73 80 0
      vertex 69 73 0
    endloop
  endfacet
  facet normal -0 0 -1
    outer loop
      vertex 73 80 0
      vertex 69 75 0
      vertex 69 80 0
    endloop
  endfacet
  facet normal -1 0 0
    outer loop
      vertex 69 3 0
      vertex 69 5 1
      vertex 69 5 0
    endloop
  endfacet
  facet normal -1 -0 0
    outer loop
      vertex 69 5 1
      vertex 69 3 0
      vertex 69 3 1
    endloop
  endfacet
  facet normal -1 0 0
    outer loop
      vertex 69 75 0
      vertex 69 80 1
      vertex 69 80 0
    endloop
  endfacet
  facet normal -1 -0 0
    outer loop
      vertex 69 80 1
      vertex 69 75 0
      vertex 69 75 1
    endloop
  endfacet
  facet normal -1 0 0
    outer loop
      vertex 69 7 0
      vertex 69 73 1
      vertex 69 73 0
    endloop
  endfacet
  facet normal -1 -0 0
    outer loop
      vertex 69 73 1
      vertex 69 7 0
      vertex 69 7 1
    endloop
  endfacet
  facet normal -1 0 0
    outer loop
      vertex 67.5 5 0
      vertex 67.5 7 1
      vertex 67.5 7 0
    endloop
  endfacet
  facet normal -1 -0 0
    outer loop
      vertex 67.5 7 1
      vertex 67.5 5 0
      vertex 67.5 5 1
    endloop
  endfacet
  facet normal -0 0 1
    outer loop
      vertex 67.5 7 1
      vertex 69 5 1
      vertex 69 7 1
    endloop
  endfacet
  facet normal 0 0 1
    outer loop
      vertex 69 5 1
      vertex 67.5 7 1
      vertex 67.5 5 1
    endloop
  endfacet
  facet normal -0 0 1
    outer loop
      vertex 67.5 75 1
      vertex 69 73 1
      vertex 69 75 1
    endloop
  endfacet
  facet normal 0 0 1
    outer loop
      vertex 69 73 1
      vertex 67.5 75 1
      vertex 67.5 73 1
    endloop
  endfacet
  facet normal -0 0 1
    outer loop
      vertex 69 73 1
      vertex 73 3 1
      vertex 73 80 1
    endloop
  endfacet
  facet normal -0 0 1
    outer loop
      vertex 69 5 1
      vertex 73 3 1
      vertex 69 7 1
    endloop
  endfacet
  facet normal 0 0 1
    outer loop
      vertex 69 75 1
      vertex 73 80 1
      vertex 69 80 1
    endloop
  endfacet
  facet normal 0 0 1
    outer loop
      vertex 69 73 1
      vertex 73 80 1
      vertex 69 75 1
    endloop
  endfacet
  facet normal 0 0 1
    outer loop
      vertex 73 3 1
      vertex 69 73 1
      vertex 69 7 1
    endloop
  endfacet
  facet normal 0 0 1
    outer loop
      vertex 69 3 1
      vertex 73 3 1
      vertex 69 5 1
    endloop
  endfacet
  facet normal 0 0 1
    outer loop
      vertex 73 3 1
      vertex 69 3 1
      vertex 71.4 0 1
    endloop
  endfacet
  facet normal 0 0 1
    outer loop
      vertex 71.4 0 1
      vertex 69 3 1
      vertex 70.6 0 1
    endloop
  endfacet
  facet normal 0 1 -0
    outer loop
      vertex 69 7 0
      vertex 67.5 7 1
      vertex 69 7 1
    endloop
  endfacet
  facet normal 0 1 0
    outer loop
      vertex 67.5 7 1
      vertex 69 7 0
      vertex 67.5 7 0
    endloop
  endfacet
  facet normal 0 -1 0
    outer loop
      vertex 67.5 5 0
      vertex 69 5 1
      vertex 67.5 5 1
    endloop
  endfacet
  facet normal 0 -1 -0
    outer loop
      vertex 69 5 1
      vertex 67.5 5 0
      vertex 69 5 0
    endloop
  endfacet
  facet normal -1 0 0
    outer loop
      vertex 67.5 73 0
      vertex 67.5 75 1
      vertex 67.5 75 0
    endloop
  endfacet
  facet normal -1 -0 0
    outer loop
      vertex 67.5 75 1
      vertex 67.5 73 0
      vertex 67.5 73 1
    endloop
  endfacet
  facet normal 0 1 -0
    outer loop
      vertex 69 75 0
      vertex 67.5 75 1
      vertex 69 75 1
    endloop
  endfacet
  facet normal 0 1 0
    outer loop
      vertex 67.5 75 1
      vertex 69 75 0
      vertex 67.5 75 0
    endloop
  endfacet
  facet normal 0 -1 0
    outer loop
      vertex 67.5 73 0
      vertex 69 73 1
      vertex 67.5 73 1
    endloop
  endfacet
  facet normal 0 -1 -0
    outer loop
      vertex 69 73 1
      vertex 67.5 73 0
      vertex 69 73 0
    endloop
  endfacet
  facet normal 1 -0 0
    outer loop
      vertex 73 3 1
      vertex 73 80 0
      vertex 73 80 1
    endloop
  endfacet
  facet normal 1 0 0
    outer loop
      vertex 73 80 0
      vertex 73 3 1
      vertex 73 3 0
    endloop
  endfacet
  facet normal -0.882353 -0.470588 0
    outer loop
      vertex 70.6 0 0
      vertex 69 3 1
      vertex 69 3 0
    endloop
  endfacet
  facet normal -0.882353 -0.470588 0
    outer loop
      vertex 69 3 1
      vertex 70.6 0 0
      vertex 70.6 0 1
    endloop
  endfacet
  facet normal 0.882353 -0.470588 0
    outer loop
      vertex 71.4 0 1
      vertex 73 3 0
      vertex 73 3 1
    endloop
  endfacet
  facet normal 0.882353 -0.470588 0
    outer loop
      vertex 73 3 0
      vertex 71.4 0 1
      vertex 71.4 0 0
    endloop
  endfacet
  facet normal 0 1 -0
    outer loop
      vertex 73 80 0
      vertex 69 80 1
      vertex 73 80 1
    endloop
  endfacet
  facet normal 0 1 0
    outer loop
      vertex 69 80 1
      vertex 73 80 0
      vertex 69 80 0
    endloop
  endfacet
  facet normal 0 -1 0
    outer loop
      vertex 70.6 0 0
      vertex 71.4 0 1
      vertex 70.6 0 1
    endloop
  endfacet
  facet normal 0 -1 -0
    outer loop
      vertex 71.4 0 1
      vertex 70.6 0 0
      vertex 71.4 0 0
    endloop
  endfacet
  facet normal 0 0 -1
    outer loop
      vertex 75 73 0
      vertex 76.5 75 0
      vertex 76.5 73 0
    endloop
  endfacet
  facet normal -0 0 -1
    outer loop
      vertex 76.5 75 0
      vertex 75 73 0
      vertex 75 75 0
    endloop
  endfacet
  facet normal 0 0 -1
    outer loop
      vertex 75 5 0
      vertex 76.5 7 0
      vertex 76.5 5 0
    endloop
  endfacet
  facet normal -0 0 -1
    outer loop
      vertex 76.5 7 0
      vertex 75 5 0
      vertex 75 7 0
    endloop
  endfacet
  facet normal 0 0 -1
    outer loop
      vertex 76.5 3 0
      vertex 80.5 3 0
      vertex 78.9 0 0
    endloop
  endfacet
  facet normal 0 0 -1
    outer loop
      vertex 76.5 3 0
      vertex 78.9 0 0
      vertex 78.1 0 0
    endloop
  endfacet
  facet normal 0 0 -1
    outer loop
      vertex 80.5 3 0
      vertex 76.5 3 0
      vertex 76.5 5 0
    endloop
  endfacet
  facet normal 0 0 -1
    outer loop
      vertex 80.5 3 0
      vertex 76.5 5 0
      vertex 76.5 7 0
    endloop
  endfacet
  facet normal 0 0 -1
    outer loop
      vertex 76.5 73 0
      vertex 80.5 3 0
      vertex 76.5 7 0
    endloop
  endfacet
  facet normal 0 0 -1
    outer loop
      vertex 80.5 3 0
      vertex 76.5 73 0
      vertex 80.5 80 0
    endloop
  endfacet
  facet normal 0 0 -1
    outer loop
      vertex 76.5 75 0
      vertex 80.5 80 0
      vertex 76.5 73 0
    endloop
  endfacet
  facet normal -0 0 -1
    outer loop
      vertex 80.5 80 0
      vertex 76.5 75 0
      vertex 76.5 80 0
    endloop
  endfacet
  facet normal -1 0 0
    outer loop
      vertex 76.5 3 0
      vertex 76.5 5 1
      vertex 76.5 5 0
    endloop
  endfacet
  facet normal -1 -0 0
    outer loop
      vertex 76.5 5 1
      vertex 76.5 3 0
      vertex 76.5 3 1
    endloop
  endfacet
  facet normal -1 0 0
    outer loop
      vertex 76.5 75 0
      vertex 76.5 80 1
      vertex 76.5 80 0
    endloop
  endfacet
  facet normal -1 -0 0
    outer loop
      vertex 76.5 80 1
      vertex 76.5 75 0
      vertex 76.5 75 1
    endloop
  endfacet
  facet normal -1 0 0
    outer loop
      vertex 76.5 7 0
      vertex 76.5 73 1
      vertex 76.5 73 0
    endloop
  endfacet
  facet normal -1 -0 0
    outer loop
      vertex 76.5 73 1
      vertex 76.5 7 0
      vertex 76.5 7 1
    endloop
  endfacet
  facet normal -1 0 0
    outer loop
      vertex 75 5 0
      vertex 75 7 1
      vertex 75 7 0
    endloop
  endfacet
  facet normal -1 -0 0
    outer loop
      vertex 75 7 1
      vertex 75 5 0
      vertex 75 5 1
    endloop
  endfacet
  facet normal -0 0 1
    outer loop
      vertex 75 7 1
      vertex 76.5 5 1
      vertex 76.5 7 1
    endloop
  endfacet
  facet normal 0 0 1
    outer loop
      vertex 76.5 5 1
      vertex 75 7 1
      vertex 75 5 1
    endloop
  endfacet
  facet normal -0 0 1
    outer loop
      vertex 75 75 1
      vertex 76.5 73 1
      vertex 76.5 75 1
    endloop
  endfacet
  facet normal 0 0 1
    outer loop
      vertex 76.5 73 1
      vertex 75 75 1
      vertex 75 73 1
    endloop
  endfacet
  facet normal -0 0 1
    outer loop
      vertex 76.5 73 1
      vertex 80.5 3 1
      vertex 80.5 80 1
    endloop
  endfacet
  facet normal -0 0 1
    outer loop
      vertex 76.5 5 1
      vertex 80.5 3 1
      vertex 76.5 7 1
    endloop
  endfacet
  facet normal 0 0 1
    outer loop
      vertex 76.5 75 1
      vertex 80.5 80 1
      vertex 76.5 80 1
    endloop
  endfacet
  facet normal 0 0 1
    outer loop
      vertex 76.5 73 1
      vertex 80.5 80 1
      vertex 76.5 75 1
    endloop
  endfacet
  facet normal 0 0 1
    outer loop
      vertex 80.5 3 1
      vertex 76.5 73 1
      vertex 76.5 7 1
    endloop
  endfacet
  facet normal 0 0 1
    outer loop
      vertex 76.5 3 1
      vertex 80.5 3 1
      vertex 76.5 5 1
    endloop
  endfacet
  facet normal 0 0 1
    outer loop
      vertex 80.5 3 1
      vertex 76.5 3 1
      vertex 78.9 0 1
    endloop
  endfacet
  facet normal 0 0 1
    outer loop
      vertex 78.9 0 1
      vertex 76.5 3 1
      vertex 78.1 0 1
    endloop
  endfacet
  facet normal 0 1 -0
    outer loop
      vertex 76.5 7 0
      vertex 75 7 1
      vertex 76.5 7 1
    endloop
  endfacet
  facet normal 0 1 0
    outer loop
      vertex 75 7 1
      vertex 76.5 7 0
      vertex 75 7 0
    endloop
  endfacet
  facet normal 0 -1 0
    outer loop
      vertex 75 5 0
      vertex 76.5 5 1
      vertex 75 5 1
    endloop
  endfacet
  facet normal 0 -1 -0
    outer loop
      vertex 76.5 5 1
      vertex 75 5 0
      vertex 76.5 5 0
    endloop
  endfacet
  facet normal -1 0 0
    outer loop
      vertex 75 73 0
      vertex 75 75 1
      vertex 75 75 0
    endloop
  endfacet
  facet normal -1 -0 0
    outer loop
      vertex 75 75 1
      vertex 75 73 0
      vertex 75 73 1
    endloop
  endfacet
  facet normal 0 1 -0
    outer loop
      vertex 76.5 75 0
      vertex 75 75 1
      vertex 76.5 75 1
    endloop
  endfacet
  facet normal 0 1 0
    outer loop
      vertex 75 75 1
      vertex 76.5 75 0
      vertex 75 75 0
    endloop
  endfacet
  facet normal 0 -1 0
    outer loop
      vertex 75 73 0
      vertex 76.5 73 1
      vertex 75 73 1
    endloop
  endfacet
  facet normal 0 -1 -0
    outer loop
      vertex 76.5 73 1
      vertex 75 73 0
      vertex 76.5 73 0
    endloop
  endfacet
  facet normal 1 -0 0
    outer loop
      vertex 80.5 3 1
      vertex 80.5 80 0
      vertex 80.5 80 1
    endloop
  endfacet
  facet normal 1 0 0
    outer loop
      vertex 80.5 80 0
      vertex 80.5 3 1
      vertex 80.5 3 0
    endloop
  endfacet
  facet normal -0.882353 -0.470588 0
    outer loop
      vertex 78.1 0 0
      vertex 76.5 3 1
      vertex 76.5 3 0
    endloop
  endfacet
  facet normal -0.882353 -0.470588 0
    outer loop
      vertex 76.5 3 1
      vertex 78.1 0 0
      vertex 78.1 0 1
    endloop
  endfacet
  facet normal 0.882353 -0.470588 0
    outer loop
      vertex 78.9 0 1
      vertex 80.5 3 0
      vertex 80.5 3 1
    endloop
  endfacet
  facet normal 0.882353 -0.470588 0
    outer loop
      vertex 80.5 3 0
      vertex 78.9 0 1
      vertex 78.9 0 0
    endloop
  endfacet
  facet normal 0 1 -0
    outer loop
      vertex 80.5 80 0
      vertex 76.5 80 1
      vertex 80.5 80 1
    endloop
  endfacet
  facet normal 0 1 0
    outer loop
      vertex 76.5 80 1
      vertex 80.5 80 0
      vertex 76.5 80 0
    endloop
  endfacet
  facet normal 0 -1 0
    outer loop
      vertex 78.1 0 0
      vertex 78.9 0 1
      vertex 78.1 0 1
    endloop
  endfacet
  facet normal 0 -1 -0
    outer loop
      vertex 78.9 0 1
      vertex 78.1 0 0
      vertex 78.9 0 0
    endloop
  endfacet
  facet normal 0 0 -1
    outer loop
      vertex 82.5 73 0
      vertex 84 75 0
      vertex 84 73 0
    endloop
  endfacet
  facet normal -0 0 -1
    outer loop
      vertex 84 75 0
      vertex 82.5 73 0
      vertex 82.5 75 0
    endloop
  endfacet
  facet normal 0 0 -1
    outer loop
      vertex 82.5 5 0
      vertex 84 7 0
      vertex 84 5 0
    endloop
  endfacet
  facet normal -0 0 -1
    outer loop
      vertex 84 7 0
      vertex 82.5 5 0
      vertex 82.5 7 0
    endloop
  endfacet
  facet normal 0 0 -1
    outer loop
      vertex 84 3 0
      vertex 88 3 0
      vertex 86.4 0 0
    endloop
  endfacet
  facet normal 0 0 -1
    outer loop
      vertex 84 3 0
      vertex 86.4 0 0
      vertex 85.6 0 0
    endloop
  endfacet
  facet normal 0 0 -1
    outer loop
      vertex 88 3 0
      vertex 84 3 0
      vertex 84 5 0
    endloop
  endfacet
  facet normal 0 0 -1
    outer loop
      vertex 88 3 0
      vertex 84 5 0
      vertex 84 7 0
    endloop
  endfacet
  facet normal 0 0 -1
    outer loop
      vertex 84 73 0
      vertex 88 3 0
      vertex 84 7 0
    endloop
  endfacet
  facet normal 0 0 -1
    outer loop
      vertex 88 3 0
      vertex 84 73 0
      vertex 88 80 0
    endloop
  endfacet
  facet normal 0 0 -1
    outer loop
      vertex 84 75 0
      vertex 88 80 0
      vertex 84 73 0
    endloop
  endfacet
  facet normal -0 0 -1
    outer loop
      vertex 88 80 0
      vertex 84 75 0
      vertex 84 80 0
    endloop
  endfacet
  facet normal -1 0 0
    outer loop
      vertex 84 3 0
      vertex 84 5 1
      vertex 84 5 0
    endloop
  endfacet
  facet normal -1 -0 0
    outer loop
      vertex 84 5 1
      vertex 84 3 0
      vertex 84 3 1
    endloop
  endfacet
  facet normal -1 0 0
    outer loop
      vertex 84 75 0
      vertex 84 80 1
      vertex 84 80 0
    endloop
  endfacet
  facet normal -1 -0 0
    outer loop
      vertex 84 80 1
      vertex 84 75 0
      vertex 84 75 1
    endloop
  endfacet
  facet normal -1 0 0
    outer loop
      vertex 84 7 0
      vertex 84 73 1
      vertex 84 73 0
    endloop
  endfacet
  facet normal -1 -0 0
    outer loop
      vertex 84 73 1
      vertex 84 7 0
      vertex 84 7 1
    endloop
  endfacet
  facet normal -1 0 0
    outer loop
      vertex 82.5 5 0
      vertex 82.5 7 1
      vertex 82.5 7 0
    endloop
  endfacet
  facet normal -1 -0 0
    outer loop
      vertex 82.5 7 1
      vertex 82.5 5 0
      vertex 82.5 5 1
    endloop
  endfacet
  facet normal -0 0 1
    outer loop
      vertex 82.5 7 1
      vertex 84 5 1
      vertex 84 7 1
    endloop
  endfacet
  facet normal 0 0 1
    outer loop
      vertex 84 5 1
      vertex 82.5 7 1
      vertex 82.5 5 1
    endloop
  endfacet
  facet normal -0 0 1
    outer loop
      vertex 82.5 75 1
      vertex 84 73 1
      vertex 84 75 1
    endloop
  endfacet
  facet normal 0 0 1
    outer loop
      vertex 84 73 1
      vertex 82.5 75 1
      vertex 82.5 73 1
    endloop
  endfacet
  facet normal -0 0 1
    outer loop
      vertex 84 73 1
      vertex 88 3 1
      vertex 88 80 1
    endloop
  endfacet
  facet normal -0 0 1
    outer loop
      vertex 84 5 1
      vertex 88 3 1
      vertex 84 7 1
    endloop
  endfacet
  facet normal 0 0 1
    outer loop
      vertex 84 75 1
      vertex 88 80 1
      vertex 84 80 1
    endloop
  endfacet
  facet normal 0 0 1
    outer loop
      vertex 84 73 1
      vertex 88 80 1
      vertex 84 75 1
    endloop
  endfacet
  facet normal 0 0 1
    outer loop
      vertex 88 3 1
      vertex 84 73 1
      vertex 84 7 1
    endloop
  endfacet
  facet normal 0 0 1
    outer loop
      vertex 84 3 1
      vertex 88 3 1
      vertex 84 5 1
    endloop
  endfacet
  facet normal 0 0 1
    outer loop
      vertex 88 3 1
      vertex 84 3 1
      vertex 86.4 0 1
    endloop
  endfacet
  facet normal 0 0 1
    outer loop
      vertex 86.4 0 1
      vertex 84 3 1
      vertex 85.6 0 1
    endloop
  endfacet
  facet normal 0 1 -0
    outer loop
      vertex 84 7 0
      vertex 82.5 7 1
      vertex 84 7 1
    endloop
  endfacet
  facet normal 0 1 0
    outer loop
      vertex 82.5 7 1
      vertex 84 7 0
      vertex 82.5 7 0
    endloop
  endfacet
  facet normal 0 -1 0
    outer loop
      vertex 82.5 5 0
      vertex 84 5 1
      vertex 82.5 5 1
    endloop
  endfacet
  facet normal 0 -1 -0
    outer loop
      vertex 84 5 1
      vertex 82.5 5 0
      vertex 84 5 0
    endloop
  endfacet
  facet normal -1 0 0
    outer loop
      vertex 82.5 73 0
      vertex 82.5 75 1
      vertex 82.5 75 0
    endloop
  endfacet
  facet normal -1 -0 0
    outer loop
      vertex 82.5 75 1
      vertex 82.5 73 0
      vertex 82.5 73 1
    endloop
  endfacet
  facet normal 0 1 -0
    outer loop
      vertex 84 75 0
      vertex 82.5 75 1
      vertex 84 75 1
    endloop
  endfacet
  facet normal 0 1 0
    outer loop
      vertex 82.5 75 1
      vertex 84 75 0
      vertex 82.5 75 0
    endloop
  endfacet
  facet normal 0 -1 0
    outer loop
      vertex 82.5 73 0
      vertex 84 73 1
      vertex 82.5 73 1
    endloop
  endfacet
  facet normal 0 -1 -0
    outer loop
      vertex 84 73 1
      vertex 82.5 73 0
      vertex 84 73 0
    endloop
  endfacet
  facet normal 1 -0 0
    outer loop
      vertex 88 3 1
      vertex 88 80 0
      vertex 88 80 1
    endloop
  endfacet
  facet normal 1 0 0
    outer loop
      vertex 88 80 0
      vertex 88 3 1
      vertex 88 3 0
    endloop
  endfacet
  facet normal -0.882353 -0.470588 0
    outer loop
      vertex 85.6 0 0
      vertex 84 3 1
      vertex 84 3 0
    endloop
  endfacet
  facet normal -0.882353 -0.470588 0
    outer loop
      vertex 84 3 1
      vertex 85.6 0 0
      vertex 85.6 0 1
    endloop
  endfacet
  facet normal 0.882353 -0.470588 0
    outer loop
      vertex 86.4 0 1
      vertex 88 3 0
      vertex 88 3 1
    endloop
  endfacet
  facet normal 0.882353 -0.470588 0
    outer loop
      vertex 88 3 0
      vertex 86.4 0 1
      vertex 86.4 0 0
    endloop
  endfacet
  facet normal 0 1 -0
    outer loop
      vertex 88 80 0
      vertex 84 80 1
      vertex 88 80 1
    endloop
  endfacet
  facet normal 0 1 0
    outer loop
      vertex 84 80 1
      vertex 88 80 0
      vertex 84 80 0
    endloop
  endfacet
  facet normal 0 -1 0
    outer loop
      vertex 85.6 0 0
      vertex 86.4 0 1
      vertex 85.6 0 1
    endloop
  endfacet
  facet normal 0 -1 -0
    outer loop
      vertex 86.4 0 1
      vertex 85.6 0 0
      vertex 86.4 0 0
    endloop
  endfacet
  facet normal 0 0 -1
    outer loop
      vertex 90 73 0
      vertex 91.5 75 0
      vertex 91.5 73 0
    endloop
  endfacet
  facet normal -0 0 -1
    outer loop
      vertex 91.5 75 0
      vertex 90 73 0
      vertex 90 75 0
    endloop
  endfacet
  facet normal 0 0 -1
    outer loop
      vertex 90 5 0
      vertex 91.5 7 0
      vertex 91.5 5 0
    endloop
  endfacet
  facet normal -0 0 -1
    outer loop
      vertex 91.5 7 0
      vertex 90 5 0
      vertex 90 7 0
    endloop
  endfacet
  facet normal 0 0 -1
    outer loop
      vertex 91.5 3 0
      vertex 95.5 3 0
      vertex 93.9 0 0
    endloop
  endfacet
  facet normal 0 0 -1
    outer loop
      vertex 91.5 3 0
      vertex 93.9 0 0
      vertex 93.1 0 0
    endloop
  endfacet
  facet normal 0 0 -1
    outer loop
      vertex 95.5 3 0
      vertex 91.5 3 0
      vertex 91.5 5 0
    endloop
  endfacet
  facet normal 0 0 -1
    outer loop
      vertex 95.5 3 0
      vertex 91.5 5 0
      vertex 91.5 7 0
    endloop
  endfacet
  facet normal 0 0 -1
    outer loop
      vertex 91.5 73 0
      vertex 95.5 3 0
      vertex 91.5 7 0
    endloop
  endfacet
  facet normal 0 0 -1
    outer loop
      vertex 95.5 3 0
      vertex 91.5 73 0
      vertex 95.5 80 0
    endloop
  endfacet
  facet normal 0 0 -1
    outer loop
      vertex 91.5 75 0
      vertex 95.5 80 0
      vertex 91.5 73 0
    endloop
  endfacet
  facet normal -0 0 -1
    outer loop
      vertex 95.5 80 0
      vertex 91.5 75 0
      vertex 91.5 80 0
    endloop
  endfacet
  facet normal -1 0 0
    outer loop
      vertex 91.5 3 0
      vertex 91.5 5 1
      vertex 91.5 5 0
    endloop
  endfacet
  facet normal -1 -0 0
    outer loop
      vertex 91.5 5 1
      vertex 91.5 3 0
      vertex 91.5 3 1
    endloop
  endfacet
  facet normal -1 0 0
    outer loop
      vertex 91.5 75 0
      vertex 91.5 80 1
      vertex 91.5 80 0
    endloop
  endfacet
  facet normal -1 -0 0
    outer loop
      vertex 91.5 80 1
      vertex 91.5 75 0
      vertex 91.5 75 1
    endloop
  endfacet
  facet normal -1 0 0
    outer loop
      vertex 91.5 7 0
      vertex 91.5 73 1
      vertex 91.5 73 0
    endloop
  endfacet
  facet normal -1 -0 0
    outer loop
      vertex 91.5 73 1
      vertex 91.5 7 0
      vertex 91.5 7 1
    endloop
  endfacet
  facet normal -1 0 0
    outer loop
      vertex 90 5 0
      vertex 90 7 1
      vertex 90 7 0
    endloop
  endfacet
  facet normal -1 -0 0
    outer loop
      vertex 90 7 1
      vertex 90 5 0
      vertex 90 5 1
    endloop
  endfacet
  facet normal -0 0 1
    outer loop
      vertex 90 7 1
      vertex 91.5 5 1
      vertex 91.5 7 1
    endloop
  endfacet
  facet normal 0 0 1
    outer loop
      vertex 91.5 5 1
      vertex 90 7 1
      vertex 90 5 1
    endloop
  endfacet
  facet normal -0 0 1
    outer loop
      vertex 90 75 1
      vertex 91.5 73 1
      vertex 91.5 75 1
    endloop
  endfacet
  facet normal 0 0 1
    outer loop
      vertex 91.5 73 1
      vertex 90 75 1
      vertex 90 73 1
    endloop
  endfacet
  facet normal -0 0 1
    outer loop
      vertex 91.5 73 1
      vertex 95.5 3 1
      vertex 95.5 80 1
    endloop
  endfacet
  facet normal -0 0 1
    outer loop
      vertex 91.5 5 1
      vertex 95.5 3 1
      vertex 91.5 7 1
    endloop
  endfacet
  facet normal 0 0 1
    outer loop
      vertex 91.5 75 1
      vertex 95.5 80 1
      vertex 91.5 80 1
    endloop
  endfacet
  facet normal 0 0 1
    outer loop
      vertex 91.5 73 1
      vertex 95.5 80 1
      vertex 91.5 75 1
    endloop
  endfacet
  facet normal 0 0 1
    outer loop
      vertex 95.5 3 1
      vertex 91.5 73 1
      vertex 91.5 7 1
    endloop
  endfacet
  facet normal 0 0 1
    outer loop
      vertex 91.5 3 1
      vertex 95.5 3 1
      vertex 91.5 5 1
    endloop
  endfacet
  facet normal 0 0 1
    outer loop
      vertex 95.5 3 1
      vertex 91.5 3 1
      vertex 93.9 0 1
    endloop
  endfacet
  facet normal 0 0 1
    outer loop
      vertex 93.9 0 1
      vertex 91.5 3 1
      vertex 93.1 0 1
    endloop
  endfacet
  facet normal 0 1 -0
    outer loop
      vertex 91.5 7 0
      vertex 90 7 1
      vertex 91.5 7 1
    endloop
  endfacet
  facet normal 0 1 0
    outer loop
      vertex 90 7 1
      vertex 91.5 7 0
      vertex 90 7 0
    endloop
  endfacet
  facet normal 0 -1 0
    outer loop
      vertex 90 5 0
      vertex 91.5 5 1
      vertex 90 5 1
    endloop
  endfacet
  facet normal 0 -1 -0
    outer loop
      vertex 91.5 5 1
      vertex 90 5 0
      vertex 91.5 5 0
    endloop
  endfacet
  facet normal -1 0 0
    outer loop
      vertex 90 73 0
      vertex 90 75 1
      vertex 90 75 0
    endloop
  endfacet
  facet normal -1 -0 0
    outer loop
      vertex 90 75 1
      vertex 90 73 0
      vertex 90 73 1
    endloop
  endfacet
  facet normal 0 1 -0
    outer loop
      vertex 91.5 75 0
      vertex 90 75 1
      vertex 91.5 75 1
    endloop
  endfacet
  facet normal 0 1 0
    outer loop
      vertex 90 75 1
      vertex 91.5 75 0
      vertex 90 75 0
    endloop
  endfacet
  facet normal 0 -1 0
    outer loop
      vertex 90 73 0
      vertex 91.5 73 1
      vertex 90 73 1
    endloop
  endfacet
  facet normal 0 -1 -0
    outer loop
      vertex 91.5 73 1
      vertex 90 73 0
      vertex 91.5 73 0
    endloop
  endfacet
  facet normal 1 -0 0
    outer loop
      vertex 95.5 3 1
      vertex 95.5 80 0
      vertex 95.5 80 1
    endloop
  endfacet
  facet normal 1 0 0
    outer loop
      vertex 95.5 80 0
      vertex 95.5 3 1
      vertex 95.5 3 0
    endloop
  endfacet
  facet normal -0.882353 -0.470588 0
    outer loop
      vertex 93.1 0 0
      vertex 91.5 3 1
      vertex 91.5 3 0
    endloop
  endfacet
  facet normal -0.882353 -0.470588 0
    outer loop
      vertex 91.5 3 1
      vertex 93.1 0 0
      vertex 93.1 0 1
    endloop
  endfacet
  facet normal 0.882353 -0.470588 0
    outer loop
      vertex 93.9 0 1
      vertex 95.5 3 0
      vertex 95.5 3 1
    endloop
  endfacet
  facet normal 0.882353 -0.470588 0
    outer loop
      vertex 95.5 3 0
      vertex 93.9 0 1
      vertex 93.9 0 0
    endloop
  endfacet
  facet normal 0 1 -0
    outer loop
      vertex 95.5 80 0
      vertex 91.5 80 1
      vertex 95.5 80 1
    endloop
  endfacet
  facet normal 0 1 0
    outer loop
      vertex 91.5 80 1
      vertex 95.5 80 0
      vertex 91.5 80 0
    endloop
  endfacet
  facet normal 0 -1 0
    outer loop
      vertex 93.1 0 0
      vertex 93.9 0 1
      vertex 93.1 0 1
    endloop
  endfacet
  facet normal 0 -1 -0
    outer loop
      vertex 93.9 0 1
      vertex 93.1 0 0
      vertex 93.9 0 0
    endloop
  endfacet
  facet normal 0 0 -1
    outer loop
      vertex 97.5 73 0
      vertex 99 75 0
      vertex 99 73 0
    endloop
  endfacet
  facet normal -0 0 -1
    outer loop
      vertex 99 75 0
      vertex 97.5 73 0
      vertex 97.5 75 0
    endloop
  endfacet
  facet normal 0 0 -1
    outer loop
      vertex 97.5 5 0
      vertex 99 7 0
      vertex 99 5 0
    endloop
  endfacet
  facet normal -0 0 -1
    outer loop
      vertex 99 7 0
      vertex 97.5 5 0
      vertex 97.5 7 0
    endloop
  endfacet
  facet normal 0 0 -1
    outer loop
      vertex 99 3 0
      vertex 103 3 0
      vertex 101.4 0 0
    endloop
  endfacet
  facet normal 0 0 -1
    outer loop
      vertex 99 3 0
      vertex 101.4 0 0
      vertex 100.6 0 0
    endloop
  endfacet
  facet normal 0 0 -1
    outer loop
      vertex 103 3 0
      vertex 99 3 0
      vertex 99 5 0
    endloop
  endfacet
  facet normal 0 0 -1
    outer loop
      vertex 103 3 0
      vertex 99 5 0
      vertex 99 7 0
    endloop
  endfacet
  facet normal 0 0 -1
    outer loop
      vertex 99 73 0
      vertex 103 3 0
      vertex 99 7 0
    endloop
  endfacet
  facet normal 0 0 -1
    outer loop
      vertex 103 3 0
      vertex 99 73 0
      vertex 103 80 0
    endloop
  endfacet
  facet normal 0 0 -1
    outer loop
      vertex 99 75 0
      vertex 103 80 0
      vertex 99 73 0
    endloop
  endfacet
  facet normal -0 0 -1
    outer loop
      vertex 103 80 0
      vertex 99 75 0
      vertex 99 80 0
    endloop
  endfacet
  facet normal -1 0 0
    outer loop
      vertex 99 3 0
      vertex 99 5 1
      vertex 99 5 0
    endloop
  endfacet
  facet normal -1 -0 0
    outer loop
      vertex 99 5 1
      vertex 99 3 0
      vertex 99 3 1
    endloop
  endfacet
  facet normal -1 0 0
    outer loop
      vertex 99 75 0
      vertex 99 80 1
      vertex 99 80 0
    endloop
  endfacet
  facet normal -1 -0 0
    outer loop
      vertex 99 80 1
      vertex 99 75 0
      vertex 99 75 1
    endloop
  endfacet
  facet normal -1 0 0
    outer loop
      vertex 99 7 0
      vertex 99 73 1
      vertex 99 73 0
    endloop
  endfacet
  facet normal -1 -0 0
    outer loop
      vertex 99 73 1
      vertex 99 7 0
      vertex 99 7 1
    endloop
  endfacet
  facet normal -1 0 0
    outer loop
      vertex 97.5 5 0
      vertex 97.5 7 1
      vertex 97.5 7 0
    endloop
  endfacet
  facet normal -1 -0 0
    outer loop
      vertex 97.5 7 1
      vertex 97.5 5 0
      vertex 97.5 5 1
    endloop
  endfacet
  facet normal -0 0 1
    outer loop
      vertex 97.5 7 1
      vertex 99 5 1
      vertex 99 7 1
    endloop
  endfacet
  facet normal 0 0 1
    outer loop
      vertex 99 5 1
      vertex 97.5 7 1
      vertex 97.5 5 1
    endloop
  endfacet
  facet normal -0 0 1
    outer loop
      vertex 97.5 75 1
      vertex 99 73 1
      vertex 99 75 1
    endloop
  endfacet
  facet normal 0 0 1
    outer loop
      vertex 99 73 1
      vertex 97.5 75 1
      vertex 97.5 73 1
    endloop
  endfacet
  facet normal -0 0 1
    outer loop
      vertex 99 73 1
      vertex 103 3 1
      vertex 103 80 1
    endloop
  endfacet
  facet normal -0 0 1
    outer loop
      vertex 99 5 1
      vertex 103 3 1
      vertex 99 7 1
    endloop
  endfacet
  facet normal 0 0 1
    outer loop
      vertex 99 75 1
      vertex 103 80 1
      vertex 99 80 1
    endloop
  endfacet
  facet normal 0 0 1
    outer loop
      vertex 99 73 1
      vertex 103 80 1
      vertex 99 75 1
    endloop
  endfacet
  facet normal 0 0 1
    outer loop
      vertex 103 3 1
      vertex 99 73 1
      vertex 99 7 1
    endloop
  endfacet
  facet normal 0 0 1
    outer loop
      vertex 99 3 1
      vertex 103 3 1
      vertex 99 5 1
    endloop
  endfacet
  facet normal 0 0 1
    outer loop
      vertex 103 3 1
      vertex 99 3 1
      vertex 101.4 0 1
    endloop
  endfacet
  facet normal 0 0 1
    outer loop
      vertex 101.4 0 1
      vertex 99 3 1
      vertex 100.6 0 1
    endloop
  endfacet
  facet normal 0 1 -0
    outer loop
      vertex 99 7 0
      vertex 97.5 7 1
      vertex 99 7 1
    endloop
  endfacet
  facet normal 0 1 0
    outer loop
      vertex 97.5 7 1
      vertex 99 7 0
      vertex 97.5 7 0
    endloop
  endfacet
  facet normal 0 -1 0
    outer loop
      vertex 97.5 5 0
      vertex 99 5 1
      vertex 97.5 5 1
    endloop
  endfacet
  facet normal 0 -1 -0
    outer loop
      vertex 99 5 1
      vertex 97.5 5 0
      vertex 99 5 0
    endloop
  endfacet
  facet normal -1 0 0
    outer loop
      vertex 97.5 73 0
      vertex 97.5 75 1
      vertex 97.5 75 0
    endloop
  endfacet
  facet normal -1 -0 0
    outer loop
      vertex 97.5 75 1
      vertex 97.5 73 0
      vertex 97.5 73 1
    endloop
  endfacet
  facet normal 0 1 -0
    outer loop
      vertex 99 75 0
      vertex 97.5 75 1
      vertex 99 75 1
    endloop
  endfacet
  facet normal 0 1 0
    outer loop
      vertex 97.5 75 1
      vertex 99 75 0
      vertex 97.5 75 0
    endloop
  endfacet
  facet normal 0 -1 0
    outer loop
      vertex 97.5 73 0
      vertex 99 73 1
      vertex 97.5 73 1
    endloop
  endfacet
  facet normal 0 -1 -0
    outer loop
      vertex 99 73 1
      vertex 97.5 73 0
      vertex 99 73 0
    endloop
  endfacet
  facet normal 1 -0 0
    outer loop
      vertex 103 3 1
      vertex 103 80 0
      vertex 103 80 1
    endloop
  endfacet
  facet normal 1 0 0
    outer loop
      vertex 103 80 0
      vertex 103 3 1
      vertex 103 3 0
    endloop
  endfacet
  facet normal -0.882353 -0.470588 0
    outer loop
      vertex 100.6 0 0
      vertex 99 3 1
      vertex 99 3 0
    endloop
  endfacet
  facet normal -0.882353 -0.470588 0
    outer loop
      vertex 99 3 1
      vertex 100.6 0 0
      vertex 100.6 0 1
    endloop
  endfacet
  facet normal 0.882353 -0.470588 0
    outer loop
      vertex 101.4 0 1
      vertex 103 3 0
      vertex 103 3 1
    endloop
  endfacet
  facet normal 0.882353 -0.470588 0
    outer loop
      vertex 103 3 0
      vertex 101.4 0 1
      vertex 101.4 0 0
    endloop
  endfacet
  facet normal 0 1 -0
    outer loop
      vertex 103 80 0
      vertex 99 80 1
      vertex 103 80 1
    endloop
  endfacet
  facet normal 0 1 0
    outer loop
      vertex 99 80 1
      vertex 103 80 0
      vertex 99 80 0
    endloop
  endfacet
  facet normal 0 -1 0
    outer loop
      vertex 100.6 0 0
      vertex 101.4 0 1
      vertex 100.6 0 1
    endloop
  endfacet
  facet normal 0 -1 -0
    outer loop
      vertex 101.4 0 1
      vertex 100.6 0 0
      vertex 101.4 0 0
    endloop
  endfacet
  facet normal 0 0 -1
    outer loop
      vertex 105 73 0
      vertex 106.5 75 0
      vertex 106.5 73 0
    endloop
  endfacet
  facet normal -0 0 -1
    outer loop
      vertex 106.5 75 0
      vertex 105 73 0
      vertex 105 75 0
    endloop
  endfacet
  facet normal 0 0 -1
    outer loop
      vertex 105 5 0
      vertex 106.5 7 0
      vertex 106.5 5 0
    endloop
  endfacet
  facet normal -0 0 -1
    outer loop
      vertex 106.5 7 0
      vertex 105 5 0
      vertex 105 7 0
    endloop
  endfacet
  facet normal 0 0 -1
    outer loop
      vertex 106.5 3 0
      vertex 110.5 3 0
      vertex 108.9 0 0
    endloop
  endfacet
  facet normal 0 0 -1
    outer loop
      vertex 106.5 3 0
      vertex 108.9 0 0
      vertex 108.1 0 0
    endloop
  endfacet
  facet normal 0 0 -1
    outer loop
      vertex 110.5 3 0
      vertex 106.5 3 0
      vertex 106.5 5 0
    endloop
  endfacet
  facet normal 0 0 -1
    outer loop
      vertex 110.5 3 0
      vertex 106.5 5 0
      vertex 106.5 7 0
    endloop
  endfacet
  facet normal 0 0 -1
    outer loop
      vertex 106.5 73 0
      vertex 110.5 3 0
      vertex 106.5 7 0
    endloop
  endfacet
  facet normal 0 0 -1
    outer loop
      vertex 110.5 3 0
      vertex 106.5 73 0
      vertex 110.5 80 0
    endloop
  endfacet
  facet normal 0 0 -1
    outer loop
      vertex 106.5 75 0
      vertex 110.5 80 0
      vertex 106.5 73 0
    endloop
  endfacet
  facet normal -0 0 -1
    outer loop
      vertex 110.5 80 0
      vertex 106.5 75 0
      vertex 106.5 80 0
    endloop
  endfacet
  facet normal -1 0 0
    outer loop
      vertex 106.5 3 0
      vertex 106.5 5 1
      vertex 106.5 5 0
    endloop
  endfacet
  facet normal -1 -0 0
    outer loop
      vertex 106.5 5 1
      vertex 106.5 3 0
      vertex 106.5 3 1
    endloop
  endfacet
  facet normal -1 0 0
    outer loop
      vertex 106.5 75 0
      vertex 106.5 80 1
      vertex 106.5 80 0
    endloop
  endfacet
  facet normal -1 -0 0
    outer loop
      vertex 106.5 80 1
      vertex 106.5 75 0
      vertex 106.5 75 1
    endloop
  endfacet
  facet normal -1 0 0
    outer loop
      vertex 106.5 7 0
      vertex 106.5 73 1
      vertex 106.5 73 0
    endloop
  endfacet
  facet normal -1 -0 0
    outer loop
      vertex 106.5 73 1
      vertex 106.5 7 0
      vertex 106.5 7 1
    endloop
  endfacet
  facet normal -1 0 0
    outer loop
      vertex 105 5 0
      vertex 105 7 1
      vertex 105 7 0
    endloop
  endfacet
  facet normal -1 -0 0
    outer loop
      vertex 105 7 1
      vertex 105 5 0
      vertex 105 5 1
    endloop
  endfacet
  facet normal -0 0 1
    outer loop
      vertex 105 7 1
      vertex 106.5 5 1
      vertex 106.5 7 1
    endloop
  endfacet
  facet normal 0 0 1
    outer loop
      vertex 106.5 5 1
      vertex 105 7 1
      vertex 105 5 1
    endloop
  endfacet
  facet normal -0 0 1
    outer loop
      vertex 105 75 1
      vertex 106.5 73 1
      vertex 106.5 75 1
    endloop
  endfacet
  facet normal 0 0 1
    outer loop
      vertex 106.5 73 1
      vertex 105 75 1
      vertex 105 73 1
    endloop
  endfacet
  facet normal -0 0 1
    outer loop
      vertex 106.5 73 1
      vertex 110.5 3 1
      vertex 110.5 80 1
    endloop
  endfacet
  facet normal -0 0 1
    outer loop
      vertex 106.5 5 1
      vertex 110.5 3 1
      vertex 106.5 7 1
    endloop
  endfacet
  facet normal 0 0 1
    outer loop
      vertex 106.5 75 1
      vertex 110.5 80 1
      vertex 106.5 80 1
    endloop
  endfacet
  facet normal 0 0 1
    outer loop
      vertex 106.5 73 1
      vertex 110.5 80 1
      vertex 106.5 75 1
    endloop
  endfacet
  facet normal 0 0 1
    outer loop
      vertex 110.5 3 1
      vertex 106.5 73 1
      vertex 106.5 7 1
    endloop
  endfacet
  facet normal 0 0 1
    outer loop
      vertex 106.5 3 1
      vertex 110.5 3 1
      vertex 106.5 5 1
    endloop
  endfacet
  facet normal 0 0 1
    outer loop
      vertex 110.5 3 1
      vertex 106.5 3 1
      vertex 108.9 0 1
    endloop
  endfacet
  facet normal 0 0 1
    outer loop
      vertex 108.9 0 1
      vertex 106.5 3 1
      vertex 108.1 0 1
    endloop
  endfacet
  facet normal 0 1 -0
    outer loop
      vertex 106.5 7 0
      vertex 105 7 1
      vertex 106.5 7 1
    endloop
  endfacet
  facet normal 0 1 0
    outer loop
      vertex 105 7 1
      vertex 106.5 7 0
      vertex 105 7 0
    endloop
  endfacet
  facet normal 0 -1 0
    outer loop
      vertex 105 5 0
      vertex 106.5 5 1
      vertex 105 5 1
    endloop
  endfacet
  facet normal 0 -1 -0
    outer loop
      vertex 106.5 5 1
      vertex 105 5 0
      vertex 106.5 5 0
    endloop
  endfacet
  facet normal -1 0 0
    outer loop
      vertex 105 73 0
      vertex 105 75 1
      vertex 105 75 0
    endloop
  endfacet
  facet normal -1 -0 0
    outer loop
      vertex 105 75 1
      vertex 105 73 0
      vertex 105 73 1
    endloop
  endfacet
  facet normal 0 1 -0
    outer loop
      vertex 106.5 75 0
      vertex 105 75 1
      vertex 106.5 75 1
    endloop
  endfacet
  facet normal 0 1 0
    outer loop
      vertex 105 75 1
      vertex 106.5 75 0
      vertex 105 75 0
    endloop
  endfacet
  facet normal 0 -1 0
    outer loop
      vertex 105 73 0
      vertex 106.5 73 1
      vertex 105 73 1
    endloop
  endfacet
  facet normal 0 -1 -0
    outer loop
      vertex 106.5 73 1
      vertex 105 73 0
      vertex 106.5 73 0
    endloop
  endfacet
  facet normal 1 -0 0
    outer loop
      vertex 110.5 3 1
      vertex 110.5 80 0
      vertex 110.5 80 1
    endloop
  endfacet
  facet normal 1 0 0
    outer loop
      vertex 110.5 80 0
      vertex 110.5 3 1
      vertex 110.5 3 0
    endloop
  endfacet
  facet normal -0.882353 -0.470588 0
    outer loop
      vertex 108.1 0 0
      vertex 106.5 3 1
      vertex 106.5 3 0
    endloop
  endfacet
  facet normal -0.882353 -0.470588 0
    outer loop
      vertex 106.5 3 1
      vertex 108.1 0 0
      vertex 108.1 0 1
    endloop
  endfacet
  facet normal 0.882353 -0.470588 0
    outer loop
      vertex 108.9 0 1
      vertex 110.5 3 0
      vertex 110.5 3 1
    endloop
  endfacet
  facet normal 0.882353 -0.470588 0
    outer loop
      vertex 110.5 3 0
      vertex 108.9 0 1
      vertex 108.9 0 0
    endloop
  endfacet
  facet normal 0 1 -0
    outer loop
      vertex 110.5 80 0
      vertex 106.5 80 1
      vertex 110.5 80 1
    endloop
  endfacet
  facet normal 0 1 0
    outer loop
      vertex 106.5 80 1
      vertex 110.5 80 0
      vertex 106.5 80 0
    endloop
  endfacet
  facet normal 0 -1 0
    outer loop
      vertex 108.1 0 0
      vertex 108.9 0 1
      vertex 108.1 0 1
    endloop
  endfacet
  facet normal 0 -1 -0
    outer loop
      vertex 108.9 0 1
      vertex 108.1 0 0
      vertex 108.9 0 0
    endloop
  endfacet
  facet normal 0 0 -1
    outer loop
      vertex 112.5 73 0
      vertex 114 75 0
      vertex 114 73 0
    endloop
  endfacet
  facet normal -0 0 -1
    outer loop
      vertex 114 75 0
      vertex 112.5 73 0
      vertex 112.5 75 0
    endloop
  endfacet
  facet normal 0 0 -1
    outer loop
      vertex 112.5 5 0
      vertex 114 7 0
      vertex 114 5 0
    endloop
  endfacet
  facet normal -0 0 -1
    outer loop
      vertex 114 7 0
      vertex 112.5 5 0
      vertex 112.5 7 0
    endloop
  endfacet
  facet normal 0 0 -1
    outer loop
      vertex 114 3 0
      vertex 118 3 0
      vertex 116.4 0 0
    endloop
  endfacet
  facet normal 0 0 -1
    outer loop
      vertex 114 3 0
      vertex 116.4 0 0
      vertex 115.6 0 0
    endloop
  endfacet
  facet normal 0 0 -1
    outer loop
      vertex 118 3 0
      vertex 114 3 0
      vertex 114 5 0
    endloop
  endfacet
  facet normal 0 0 -1
    outer loop
      vertex 118 3 0
      vertex 114 5 0
      vertex 114 7 0
    endloop
  endfacet
  facet normal 0 0 -1
    outer loop
      vertex 114 73 0
      vertex 118 3 0
      vertex 114 7 0
    endloop
  endfacet
  facet normal 0 0 -1
    outer loop
      vertex 118 3 0
      vertex 114 73 0
      vertex 118 80 0
    endloop
  endfacet
  facet normal 0 0 -1
    outer loop
      vertex 114 75 0
      vertex 118 80 0
      vertex 114 73 0
    endloop
  endfacet
  facet normal -0 0 -1
    outer loop
      vertex 118 80 0
      vertex 114 75 0
      vertex 114 80 0
    endloop
  endfacet
  facet normal -1 0 0
    outer loop
      vertex 114 3 0
      vertex 114 5 1
      vertex 114 5 0
    endloop
  endfacet
  facet normal -1 -0 0
    outer loop
      vertex 114 5 1
      vertex 114 3 0
      vertex 114 3 1
    endloop
  endfacet
  facet normal -1 0 0
    outer loop
      vertex 114 75 0
      vertex 114 80 1
      vertex 114 80 0
    endloop
  endfacet
  facet normal -1 -0 0
    outer loop
      vertex 114 80 1
      vertex 114 75 0
      vertex 114 75 1
    endloop
  endfacet
  facet normal -1 0 0
    outer loop
      vertex 114 7 0
      vertex 114 73 1
      vertex 114 73 0
    endloop
  endfacet
  facet normal -1 -0 0
    outer loop
      vertex 114 73 1
      vertex 114 7 0
      vertex 114 7 1
    endloop
  endfacet
  facet normal -1 0 0
    outer loop
      vertex 112.5 5 0
      vertex 112.5 7 1
      vertex 112.5 7 0
    endloop
  endfacet
  facet normal -1 -0 0
    outer loop
      vertex 112.5 7 1
      vertex 112.5 5 0
      vertex 112.5 5 1
    endloop
  endfacet
  facet normal -0 0 1
    outer loop
      vertex 112.5 7 1
      vertex 114 5 1
      vertex 114 7 1
    endloop
  endfacet
  facet normal 0 0 1
    outer loop
      vertex 114 5 1
      vertex 112.5 7 1
      vertex 112.5 5 1
    endloop
  endfacet
  facet normal -0 0 1
    outer loop
      vertex 112.5 75 1
      vertex 114 73 1
      vertex 114 75 1
    endloop
  endfacet
  facet normal 0 0 1
    outer loop
      vertex 114 73 1
      vertex 112.5 75 1
      vertex 112.5 73 1
    endloop
  endfacet
  facet normal -0 0 1
    outer loop
      vertex 114 73 1
      vertex 118 3 1
      vertex 118 80 1
    endloop
  endfacet
  facet normal -0 0 1
    outer loop
      vertex 114 5 1
      vertex 118 3 1
      vertex 114 7 1
    endloop
  endfacet
  facet normal 0 0 1
    outer loop
      vertex 114 75 1
      vertex 118 80 1
      vertex 114 80 1
    endloop
  endfacet
  facet normal 0 0 1
    outer loop
      vertex 114 73 1
      vertex 118 80 1
      vertex 114 75 1
    endloop
  endfacet
  facet normal 0 0 1
    outer loop
      vertex 118 3 1
      vertex 114 73 1
      vertex 114 7 1
    endloop
  endfacet
  facet normal 0 0 1
    outer loop
      vertex 114 3 1
      vertex 118 3 1
      vertex 114 5 1
    endloop
  endfacet
  facet normal 0 0 1
    outer loop
      vertex 118 3 1
      vertex 114 3 1
      vertex 116.4 0 1
    endloop
  endfacet
  facet normal 0 0 1
    outer loop
      vertex 116.4 0 1
      vertex 114 3 1
      vertex 115.6 0 1
    endloop
  endfacet
  facet normal 0 1 -0
    outer loop
      vertex 114 7 0
      vertex 112.5 7 1
      vertex 114 7 1
    endloop
  endfacet
  facet normal 0 1 0
    outer loop
      vertex 112.5 7 1
      vertex 114 7 0
      vertex 112.5 7 0
    endloop
  endfacet
  facet normal 0 -1 0
    outer loop
      vertex 112.5 5 0
      vertex 114 5 1
      vertex 112.5 5 1
    endloop
  endfacet
  facet normal 0 -1 -0
    outer loop
      vertex 114 5 1
      vertex 112.5 5 0
      vertex 114 5 0
    endloop
  endfacet
  facet normal -1 0 0
    outer loop
      vertex 112.5 73 0
      vertex 112.5 75 1
      vertex 112.5 75 0
    endloop
  endfacet
  facet normal -1 -0 0
    outer loop
      vertex 112.5 75 1
      vertex 112.5 73 0
      vertex 112.5 73 1
    endloop
  endfacet
  facet normal 0 1 -0
    outer loop
      vertex 114 75 0
      vertex 112.5 75 1
      vertex 114 75 1
    endloop
  endfacet
  facet normal 0 1 0
    outer loop
      vertex 112.5 75 1
      vertex 114 75 0
      vertex 112.5 75 0
    endloop
  endfacet
  facet normal 0 -1 0
    outer loop
      vertex 112.5 73 0
      vertex 114 73 1
      vertex 112.5 73 1
    endloop
  endfacet
  facet normal 0 -1 -0
    outer loop
      vertex 114 73 1
      vertex 112.5 73 0
      vertex 114 73 0
    endloop
  endfacet
  facet normal 1 -0 0
    outer loop
      vertex 118 3 1
      vertex 118 80 0
      vertex 118 80 1
    endloop
  endfacet
  facet normal 1 0 0
    outer loop
      vertex 118 80 0
      vertex 118 3 1
      vertex 118 3 0
    endloop
  endfacet
  facet normal -0.882353 -0.470588 0
    outer loop
      vertex 115.6 0 0
      vertex 114 3 1
      vertex 114 3 0
    endloop
  endfacet
  facet normal -0.882353 -0.470588 0
    outer loop
      vertex 114 3 1
      vertex 115.6 0 0
      vertex 115.6 0 1
    endloop
  endfacet
  facet normal 0.882353 -0.470588 0
    outer loop
      vertex 116.4 0 1
      vertex 118 3 0
      vertex 118 3 1
    endloop
  endfacet
  facet normal 0.882353 -0.470588 0
    outer loop
      vertex 118 3 0
      vertex 116.4 0 1
      vertex 116.4 0 0
    endloop
  endfacet
  facet normal 0 1 -0
    outer loop
      vertex 118 80 0
      vertex 114 80 1
      vertex 118 80 1
    endloop
  endfacet
  facet normal 0 1 0
    outer loop
      vertex 114 80 1
      vertex 118 80 0
      vertex 114 80 0
    endloop
  endfacet
  facet normal 0 -1 0
    outer loop
      vertex 115.6 0 0
      vertex 116.4 0 1
      vertex 115.6 0 1
    endloop
  endfacet
  facet normal 0 -1 -0
    outer loop
      vertex 116.4 0 1
      vertex 115.6 0 0
      vertex 116.4 0 0
    endloop
  endfacet
  facet normal 0 0 -1
    outer loop
      vertex 120 73 0
      vertex 121.5 75 0
      vertex 121.5 73 0
    endloop
  endfacet
  facet normal -0 0 -1
    outer loop
      vertex 121.5 75 0
      vertex 120 73 0
      vertex 120 75 0
    endloop
  endfacet
  facet normal 0 0 -1
    outer loop
      vertex 120 5 0
      vertex 121.5 7 0
      vertex 121.5 5 0
    endloop
  endfacet
  facet normal -0 0 -1
    outer loop
      vertex 121.5 7 0
      vertex 120 5 0
      vertex 120 7 0
    endloop
  endfacet
  facet normal 0 0 -1
    outer loop
      vertex 121.5 3 0
      vertex 125.5 3 0
      vertex 123.9 0 0
    endloop
  endfacet
  facet normal 0 0 -1
    outer loop
      vertex 121.5 3 0
      vertex 123.9 0 0
      vertex 123.1 0 0
    endloop
  endfacet
  facet normal 0 0 -1
    outer loop
      vertex 125.5 3 0
      vertex 121.5 3 0
      vertex 121.5 5 0
    endloop
  endfacet
  facet normal 0 0 -1
    outer loop
      vertex 125.5 3 0
      vertex 121.5 5 0
      vertex 121.5 7 0
    endloop
  endfacet
  facet normal 0 0 -1
    outer loop
      vertex 121.5 73 0
      vertex 125.5 3 0
      vertex 121.5 7 0
    endloop
  endfacet
  facet normal 0 0 -1
    outer loop
      vertex 125.5 3 0
      vertex 121.5 73 0
      vertex 125.5 80 0
    endloop
  endfacet
  facet normal 0 0 -1
    outer loop
      vertex 121.5 75 0
      vertex 125.5 80 0
      vertex 121.5 73 0
    endloop
  endfacet
  facet normal -0 0 -1
    outer loop
      vertex 125.5 80 0
      vertex 121.5 75 0
      vertex 121.5 80 0
    endloop
  endfacet
  facet normal -1 0 0
    outer loop
      vertex 121.5 3 0
      vertex 121.5 5 1
      vertex 121.5 5 0
    endloop
  endfacet
  facet normal -1 -0 0
    outer loop
      vertex 121.5 5 1
      vertex 121.5 3 0
      vertex 121.5 3 1
    endloop
  endfacet
  facet normal -1 0 0
    outer loop
      vertex 121.5 75 0
      vertex 121.5 80 1
      vertex 121.5 80 0
    endloop
  endfacet
  facet normal -1 -0 0
    outer loop
      vertex 121.5 80 1
      vertex 121.5 75 0
      vertex 121.5 75 1
    endloop
  endfacet
  facet normal -1 0 0
    outer loop
      vertex 121.5 7 0
      vertex 121.5 73 1
      vertex 121.5 73 0
    endloop
  endfacet
  facet normal -1 -0 0
    outer loop
      vertex 121.5 73 1
      vertex 121.5 7 0
      vertex 121.5 7 1
    endloop
  endfacet
  facet normal -1 0 0
    outer loop
      vertex 120 5 0
      vertex 120 7 1
      vertex 120 7 0
    endloop
  endfacet
  facet normal -1 -0 0
    outer loop
      vertex 120 7 1
      vertex 120 5 0
      vertex 120 5 1
    endloop
  endfacet
  facet normal -0 0 1
    outer loop
      vertex 120 7 1
      vertex 121.5 5 1
      vertex 121.5 7 1
    endloop
  endfacet
  facet normal 0 0 1
    outer loop
      vertex 121.5 5 1
      vertex 120 7 1
      vertex 120 5 1
    endloop
  endfacet
  facet normal -0 0 1
    outer loop
      vertex 120 75 1
      vertex 121.5 73 1
      vertex 121.5 75 1
    endloop
  endfacet
  facet normal 0 0 1
    outer loop
      vertex 121.5 73 1
      vertex 120 75 1
      vertex 120 73 1
    endloop
  endfacet
  facet normal -0 0 1
    outer loop
      vertex 121.5 73 1
      vertex 125.5 3 1
      vertex 125.5 80 1
    endloop
  endfacet
  facet normal -0 0 1
    outer loop
      vertex 121.5 5 1
      vertex 125.5 3 1
      vertex 121.5 7 1
    endloop
  endfacet
  facet normal 0 0 1
    outer loop
      vertex 121.5 75 1
      vertex 125.5 80 1
      vertex 121.5 80 1
    endloop
  endfacet
  facet normal 0 0 1
    outer loop
      vertex 121.5 73 1
      vertex 125.5 80 1
      vertex 121.5 75 1
    endloop
  endfacet
  facet normal 0 0 1
    outer loop
      vertex 125.5 3 1
      vertex 121.5 73 1
      vertex 121.5 7 1
    endloop
  endfacet
  facet normal 0 0 1
    outer loop
      vertex 121.5 3 1
      vertex 125.5 3 1
      vertex 121.5 5 1
    endloop
  endfacet
  facet normal 0 0 1
    outer loop
      vertex 125.5 3 1
      vertex 121.5 3 1
      vertex 123.9 0 1
    endloop
  endfacet
  facet normal 0 0 1
    outer loop
      vertex 123.9 0 1
      vertex 121.5 3 1
      vertex 123.1 0 1
    endloop
  endfacet
  facet normal 0 1 -0
    outer loop
      vertex 121.5 7 0
      vertex 120 7 1
      vertex 121.5 7 1
    endloop
  endfacet
  facet normal 0 1 0
    outer loop
      vertex 120 7 1
      vertex 121.5 7 0
      vertex 120 7 0
    endloop
  endfacet
  facet normal 0 -1 0
    outer loop
      vertex 120 5 0
      vertex 121.5 5 1
      vertex 120 5 1
    endloop
  endfacet
  facet normal 0 -1 -0
    outer loop
      vertex 121.5 5 1
      vertex 120 5 0
      vertex 121.5 5 0
    endloop
  endfacet
  facet normal -1 0 0
    outer loop
      vertex 120 73 0
      vertex 120 75 1
      vertex 120 75 0
    endloop
  endfacet
  facet normal -1 -0 0
    outer loop
      vertex 120 75 1
      vertex 120 73 0
      vertex 120 73 1
    endloop
  endfacet
  facet normal 0 1 -0
    outer loop
      vertex 121.5 75 0
      vertex 120 75 1
      vertex 121.5 75 1
    endloop
  endfacet
  facet normal 0 1 0
    outer loop
      vertex 120 75 1
      vertex 121.5 75 0
      vertex 120 75 0
    endloop
  endfacet
  facet normal 0 -1 0
    outer loop
      vertex 120 73 0
      vertex 121.5 73 1
      vertex 120 73 1
    endloop
  endfacet
  facet normal 0 -1 -0
    outer loop
      vertex 121.5 73 1
      vertex 120 73 0
      vertex 121.5 73 0
    endloop
  endfacet
  facet normal 1 -0 0
    outer loop
      vertex 125.5 3 1
      vertex 125.5 80 0
      vertex 125.5 80 1
    endloop
  endfacet
  facet normal 1 0 0
    outer loop
      vertex 125.5 80 0
      vertex 125.5 3 1
      vertex 125.5 3 0
    endloop
  endfacet
  facet normal -0.882353 -0.470588 0
    outer loop
      vertex 123.1 0 0
      vertex 121.5 3 1
      vertex 121.5 3 0
    endloop
  endfacet
  facet normal -0.882353 -0.470588 0
    outer loop
      vertex 121.5 3 1
      vertex 123.1 0 0
      vertex 123.1 0 1
    endloop
  endfacet
  facet normal 0.882353 -0.470588 0
    outer loop
      vertex 123.9 0 1
      vertex 125.5 3 0
      vertex 125.5 3 1
    endloop
  endfacet
  facet normal 0.882353 -0.470588 0
    outer loop
      vertex 125.5 3 0
      vertex 123.9 0 1
      vertex 123.9 0 0
    endloop
  endfacet
  facet normal 0 1 -0
    outer loop
      vertex 125.5 80 0
      vertex 121.5 80 1
      vertex 125.5 80 1
    endloop
  endfacet
  facet normal 0 1 0
    outer loop
      vertex 121.5 80 1
      vertex 125.5 80 0
      vertex 121.5 80 0
    endloop
  endfacet
  facet normal 0 -1 0
    outer loop
      vertex 123.1 0 0
      vertex 123.9 0 1
      vertex 123.1 0 1
    endloop
  endfacet
  facet normal 0 -1 -0
    outer loop
      vertex 123.9 0 1
      vertex 123.1 0 0
      vertex 123.9 0 0
    endloop
  endfacet
  facet normal 0 0 -1
    outer loop
      vertex 127.5 73 0
      vertex 129 75 0
      vertex 129 73 0
    endloop
  endfacet
  facet normal -0 0 -1
    outer loop
      vertex 129 75 0
      vertex 127.5 73 0
      vertex 127.5 75 0
    endloop
  endfacet
  facet normal 0 0 -1
    outer loop
      vertex 127.5 5 0
      vertex 129 7 0
      vertex 129 5 0
    endloop
  endfacet
  facet normal -0 0 -1
    outer loop
      vertex 129 7 0
      vertex 127.5 5 0
      vertex 127.5 7 0
    endloop
  endfacet
  facet normal 0 0 -1
    outer loop
      vertex 129 3 0
      vertex 133 3 0
      vertex 131.4 0 0
    endloop
  endfacet
  facet normal 0 0 -1
    outer loop
      vertex 129 3 0
      vertex 131.4 0 0
      vertex 130.6 0 0
    endloop
  endfacet
  facet normal 0 0 -1
    outer loop
      vertex 133 3 0
      vertex 129 3 0
      vertex 129 5 0
    endloop
  endfacet
  facet normal 0 0 -1
    outer loop
      vertex 133 3 0
      vertex 129 5 0
      vertex 129 7 0
    endloop
  endfacet
  facet normal 0 0 -1
    outer loop
      vertex 129 73 0
      vertex 133 3 0
      vertex 129 7 0
    endloop
  endfacet
  facet normal 0 0 -1
    outer loop
      vertex 133 3 0
      vertex 129 73 0
      vertex 133 80 0
    endloop
  endfacet
  facet normal 0 0 -1
    outer loop
      vertex 129 75 0
      vertex 133 80 0
      vertex 129 73 0
    endloop
  endfacet
  facet normal -0 0 -1
    outer loop
      vertex 133 80 0
      vertex 129 75 0
      vertex 129 80 0
    endloop
  endfacet
  facet normal -1 0 0
    outer loop
      vertex 129 3 0
      vertex 129 5 1
      vertex 129 5 0
    endloop
  endfacet
  facet normal -1 -0 0
    outer loop
      vertex 129 5 1
      vertex 129 3 0
      vertex 129 3 1
    endloop
  endfacet
  facet normal -1 0 0
    outer loop
      vertex 129 75 0
      vertex 129 80 1
      vertex 129 80 0
    endloop
  endfacet
  facet normal -1 -0 0
    outer loop
      vertex 129 80 1
      vertex 129 75 0
      vertex 129 75 1
    endloop
  endfacet
  facet normal -1 0 0
    outer loop
      vertex 129 7 0
      vertex 129 73 1
      vertex 129 73 0
    endloop
  endfacet
  facet normal -1 -0 0
    outer loop
      vertex 129 73 1
      vertex 129 7 0
      vertex 129 7 1
    endloop
  endfacet
  facet normal -1 0 0
    outer loop
      vertex 127.5 5 0
      vertex 127.5 7 1
      vertex 127.5 7 0
    endloop
  endfacet
  facet normal -1 -0 0
    outer loop
      vertex 127.5 7 1
      vertex 127.5 5 0
      vertex 127.5 5 1
    endloop
  endfacet
  facet normal -0 0 1
    outer loop
      vertex 127.5 7 1
      vertex 129 5 1
      vertex 129 7 1
    endloop
  endfacet
  facet normal 0 0 1
    outer loop
      vertex 129 5 1
      vertex 127.5 7 1
      vertex 127.5 5 1
    endloop
  endfacet
  facet normal -0 0 1
    outer loop
      vertex 127.5 75 1
      vertex 129 73 1
      vertex 129 75 1
    endloop
  endfacet
  facet normal 0 0 1
    outer loop
      vertex 129 73 1
      vertex 127.5 75 1
      vertex 127.5 73 1
    endloop
  endfacet
  facet normal -0 0 1
    outer loop
      vertex 129 73 1
      vertex 133 3 1
      vertex 133 80 1
    endloop
  endfacet
  facet normal -0 0 1
    outer loop
      vertex 129 5 1
      vertex 133 3 1
      vertex 129 7 1
    endloop
  endfacet
  facet normal 0 0 1
    outer loop
      vertex 129 75 1
      vertex 133 80 1
      vertex 129 80 1
    endloop
  endfacet
  facet normal 0 0 1
    outer loop
      vertex 129 73 1
      vertex 133 80 1
      vertex 129 75 1
    endloop
  endfacet
  facet normal 0 0 1
    outer loop
      vertex 133 3 1
      vertex 129 73 1
      vertex 129 7 1
    endloop
  endfacet
  facet normal 0 0 1
    outer loop
      vertex 129 3 1
      vertex 133 3 1
      vertex 129 5 1
    endloop
  endfacet
  facet normal 0 0 1
    outer loop
      vertex 133 3 1
      vertex 129 3 1
      vertex 131.4 0 1
    endloop
  endfacet
  facet normal 0 0 1
    outer loop
      vertex 131.4 0 1
      vertex 129 3 1
      vertex 130.6 0 1
    endloop
  endfacet
  facet normal 0 1 -0
    outer loop
      vertex 129 7 0
      vertex 127.5 7 1
      vertex 129 7 1
    endloop
  endfacet
  facet normal 0 1 0
    outer loop
      vertex 127.5 7 1
      vertex 129 7 0
      vertex 127.5 7 0
    endloop
  endfacet
  facet normal 0 -1 0
    outer loop
      vertex 127.5 5 0
      vertex 129 5 1
      vertex 127.5 5 1
    endloop
  endfacet
  facet normal 0 -1 -0
    outer loop
      vertex 129 5 1
      vertex 127.5 5 0
      vertex 129 5 0
    endloop
  endfacet
  facet normal -1 0 0
    outer loop
      vertex 127.5 73 0
      vertex 127.5 75 1
      vertex 127.5 75 0
    endloop
  endfacet
  facet normal -1 -0 0
    outer loop
      vertex 127.5 75 1
      vertex 127.5 73 0
      vertex 127.5 73 1
    endloop
  endfacet
  facet normal 0 1 -0
    outer loop
      vertex 129 75 0
      vertex 127.5 75 1
      vertex 129 75 1
    endloop
  endfacet
  facet normal 0 1 0
    outer loop
      vertex 127.5 75 1
      vertex 129 75 0
      vertex 127.5 75 0
    endloop
  endfacet
  facet normal 0 -1 0
    outer loop
      vertex 127.5 73 0
      vertex 129 73 1
      vertex 127.5 73 1
    endloop
  endfacet
  facet normal 0 -1 -0
    outer loop
      vertex 129 73 1
      vertex 127.5 73 0
      vertex 129 73 0
    endloop
  endfacet
  facet normal 1 -0 0
    outer loop
      vertex 133 3 1
      vertex 133 80 0
      vertex 133 80 1
    endloop
  endfacet
  facet normal 1 0 0
    outer loop
      vertex 133 80 0
      vertex 133 3 1
      vertex 133 3 0
    endloop
  endfacet
  facet normal -0.882353 -0.470588 0
    outer loop
      vertex 130.6 0 0
      vertex 129 3 1
      vertex 129 3 0
    endloop
  endfacet
  facet normal -0.882353 -0.470588 0
    outer loop
      vertex 129 3 1
      vertex 130.6 0 0
      vertex 130.6 0 1
    endloop
  endfacet
  facet normal 0.882353 -0.470588 0
    outer loop
      vertex 131.4 0 1
      vertex 133 3 0
      vertex 133 3 1
    endloop
  endfacet
  facet normal 0.882353 -0.470588 0
    outer loop
      vertex 133 3 0
      vertex 131.4 0 1
      vertex 131.4 0 0
    endloop
  endfacet
  facet normal 0 1 -0
    outer loop
      vertex 133 80 0
      vertex 129 80 1
      vertex 133 80 1
    endloop
  endfacet
  facet normal 0 1 0
    outer loop
      vertex 129 80 1
      vertex 133 80 0
      vertex 129 80 0
    endloop
  endfacet
  facet normal 0 -1 0
    outer loop
      vertex 130.6 0 0
      vertex 131.4 0 1
      vertex 130.6 0 1
    endloop
  endfacet
  facet normal 0 -1 -0
    outer loop
      vertex 131.4 0 1
      vertex 130.6 0 0
      vertex 131.4 0 0
    endloop
  endfacet
  facet normal 0 0 -1
    outer loop
      vertex 0 156 0
      vertex 1.5 158 0
      vertex 1.5 156 0
    endloop
  endfacet
  facet normal -0 0 -1
    outer loop
      vertex 1.5 158 0
      vertex 0 156 0
      vertex 0 158 0
    endloop
  endfacet
  facet normal 0 0 -1
    outer loop
      vertex 0 88 0
      vertex 1.5 90 0
      vertex 1.5 88 0
    endloop
  endfacet
  facet normal -0 0 -1
    outer loop
      vertex 1.5 90 0
      vertex 0 88 0
      vertex 0 90 0
    endloop
  endfacet
  facet normal 0 0 -1
    outer loop
      vertex 1.5 86 0
      vertex 5.5 86 0
      vertex 3.9 83 0
    endloop
  endfacet
  facet normal 0 0 -1
    outer loop
      vertex 1.5 86 0
      vertex 3.9 83 0
      vertex 3.1 83 0
    endloop
  endfacet
  facet normal 0 0 -1
    outer loop
      vertex 5.5 86 0
      vertex 1.5 86 0
      vertex 1.5 88 0
    endloop
  endfacet
  facet normal 0 0 -1
    outer loop
      vertex 5.5 86 0
      vertex 1.5 88 0
      vertex 1.5 90 0
    endloop
  endfacet
  facet normal 0 0 -1
    outer loop
      vertex 1.5 156 0
      vertex 5.5 86 0
      vertex 1.5 90 0
    endloop
  endfacet
  facet normal 0 0 -1
    outer loop
      vertex 5.5 86 0
      vertex 1.5 156 0
      vertex 5.5 163 0
    endloop
  endfacet
  facet normal 0 0 -1
    outer loop
      vertex 1.5 158 0
      vertex 5.5 163 0
      vertex 1.5 156 0
    endloop
  endfacet
  facet normal -0 0 -1
    outer loop
      vertex 5.5 163 0
      vertex 1.5 158 0
      vertex 1.5 163 0
    endloop
  endfacet
  facet normal -1 0 0
    outer loop
      vertex 1.5 86 0
      vertex 1.5 88 1
      vertex 1.5 88 0
    endloop
  endfacet
  facet normal -1 -0 0
    outer loop
      vertex 1.5 88 1
      vertex 1.5 86 0
      vertex 1.5 86 1
    endloop
  endfacet
  facet normal -1 0 0
    outer loop
      vertex 1.5 158 0
      vertex 1.5 163 1
      vertex 1.5 163 0
    endloop
  endfacet
  facet normal -1 -0 0
    outer loop
      vertex 1.5 163 1
      vertex 1.5 158 0
      vertex 1.5 158 1
    endloop
  endfacet
  facet normal -1 0 0
    outer loop
      vertex 1.5 90 0
      vertex 1.5 156 1
      vertex 1.5 156 0
    endloop
  endfacet
  facet normal -1 -0 0
    outer loop
      vertex 1.5 156 1
      vertex 1.5 90 0
      vertex 1.5 90 1
    endloop
  endfacet
  facet normal -1 0 0
    outer loop
      vertex 0 88 0
      vertex 0 90 1
      vertex 0 90 0
    endloop
  endfacet
  facet normal -1 -0 0
    outer loop
      vertex 0 90 1
      vertex 0 88 0
      vertex 0 88 1
    endloop
  endfacet
  facet normal -0 0 1
    outer loop
      vertex 0 90 1
      vertex 1.5 88 1
      vertex 1.5 90 1
    endloop
  endfacet
  facet normal 0 0 1
    outer loop
      vertex 1.5 88 1
      vertex 0 90 1
      vertex 0 88 1
    endloop
  endfacet
  facet normal -0 0 1
    outer loop
      vertex 0 158 1
      vertex 1.5 156 1
      vertex 1.5 158 1
    endloop
  endfacet
  facet normal 0 0 1
    outer loop
      vertex 1.5 156 1
      vertex 0 158 1
      vertex 0 156 1
    endloop
  endfacet
  facet normal -0 0 1
    outer loop
      vertex 1.5 156 1
      vertex 5.5 86 1
      vertex 5.5 163 1
    endloop
  endfacet
  facet normal -0 0 1
    outer loop
      vertex 1.5 88 1
      vertex 5.5 86 1
      vertex 1.5 90 1
    endloop
  endfacet
  facet normal 0 0 1
    outer loop
      vertex 1.5 158 1
      vertex 5.5 163 1
      vertex 1.5 163 1
    endloop
  endfacet
  facet normal 0 0 1
    outer loop
      vertex 1.5 156 1
      vertex 5.5 163 1
      vertex 1.5 158 1
    endloop
  endfacet
  facet normal 0 0 1
    outer loop
      vertex 5.5 86 1
      vertex 1.5 156 1
      vertex 1.5 90 1
    endloop
  endfacet
  facet normal 0 0 1
    outer loop
      vertex 1.5 86 1
      vertex 5.5 86 1
      vertex 1.5 88 1
    endloop
  endfacet
  facet normal 0 0 1
    outer loop
      vertex 5.5 86 1
      vertex 1.5 86 1
      vertex 3.9 83 1
    endloop
  endfacet
  facet normal 0 0 1
    outer loop
      vertex 3.9 83 1
      vertex 1.5 86 1
      vertex 3.1 83 1
    endloop
  endfacet
  facet normal 0 1 -0
    outer loop
      vertex 1.5 90 0
      vertex 0 90 1
      vertex 1.5 90 1
    endloop
  endfacet
  facet normal 0 1 0
    outer loop
      vertex 0 90 1
      vertex 1.5 90 0
      vertex 0 90 0
    endloop
  endfacet
  facet normal 0 -1 0
    outer loop
      vertex 0 88 0
      vertex 1.5 88 1
      vertex 0 88 1
    endloop
  endfacet
  facet normal 0 -1 -0
    outer loop
      vertex 1.5 88 1
      vertex 0 88 0
      vertex 1.5 88 0
    endloop
  endfacet
  facet normal -1 0 0
    outer loop
      vertex 0 156 0
      vertex 0 158 1
      vertex 0 158 0
    endloop
  endfacet
  facet normal -1 -0 0
    outer loop
      vertex 0 158 1
      vertex 0 156 0
      vertex 0 156 1
    endloop
  endfacet
  facet normal 0 1 -0
    outer loop
      vertex 1.5 158 0
      vertex 0 158 1
      vertex 1.5 158 1
    endloop
  endfacet
  facet normal 0 1 0
    outer loop
      vertex 0 158 1
      vertex 1.5 158 0
      vertex 0 158 0
    endloop
  endfacet
  facet normal 0 -1 0
    outer loop
      vertex 0 156 0
      vertex 1.5 156 1
      vertex 0 156 1
    endloop
  endfacet
  facet normal 0 -1 -0
    outer loop
      vertex 1.5 156 1
      vertex 0 156 0
      vertex 1.5 156 0
    endloop
  endfacet
  facet normal 1 -0 0
    outer loop
      vertex 5.5 86 1
      vertex 5.5 163 0
      vertex 5.5 163 1
    endloop
  endfacet
  facet normal 1 0 0
    outer loop
      vertex 5.5 163 0
      vertex 5.5 86 1
      vertex 5.5 86 0
    endloop
  endfacet
  facet normal -0.882353 -0.470588 0
    outer loop
      vertex 3.1 83 0
      vertex 1.5 86 1
      vertex 1.5 86 0
    endloop
  endfacet
  facet normal -0.882353 -0.470588 0
    outer loop
      vertex 1.5 86 1
      vertex 3.1 83 0
      vertex 3.1 83 1
    endloop
  endfacet
  facet normal 0.882353 -0.470588 0
    outer loop
      vertex 3.9 83 1
      vertex 5.5 86 0
      vertex 5.5 86 1
    endloop
  endfacet
  facet normal 0.882353 -0.470588 0
    outer loop
      vertex 5.5 86 0
      vertex 3.9 83 1
      vertex 3.9 83 0
    endloop
  endfacet
  facet normal 0 1 -0
    outer loop
      vertex 5.5 163 0
      vertex 1.5 163 1
      vertex 5.5 163 1
    endloop
  endfacet
  facet normal 0 1 0
    outer loop
      vertex 1.5 163 1
      vertex 5.5 163 0
      vertex 1.5 163 0
    endloop
  endfacet
  facet normal 0 -1 0
    outer loop
      vertex 3.1 83 0
      vertex 3.9 83 1
      vertex 3.1 83 1
    endloop
  endfacet
  facet normal 0 -1 -0
    outer loop
      vertex 3.9 83 1
      vertex 3.1 83 0
      vertex 3.9 83 0
    endloop
  endfacet
  facet normal 0 0 -1
    outer loop
      vertex 7.5 156 0
      vertex 9 158 0
      vertex 9 156 0
    endloop
  endfacet
  facet normal -0 0 -1
    outer loop
      vertex 9 158 0
      vertex 7.5 156 0
      vertex 7.5 158 0
    endloop
  endfacet
  facet normal 0 0 -1
    outer loop
      vertex 7.5 88 0
      vertex 9 90 0
      vertex 9 88 0
    endloop
  endfacet
  facet normal -0 0 -1
    outer loop
      vertex 9 90 0
      vertex 7.5 88 0
      vertex 7.5 90 0
    endloop
  endfacet
  facet normal 0 0 -1
    outer loop
      vertex 9 86 0
      vertex 13 86 0
      vertex 11.4 83 0
    endloop
  endfacet
  facet normal 0 0 -1
    outer loop
      vertex 9 86 0
      vertex 11.4 83 0
      vertex 10.6 83 0
    endloop
  endfacet
  facet normal 0 0 -1
    outer loop
      vertex 13 86 0
      vertex 9 86 0
      vertex 9 88 0
    endloop
  endfacet
  facet normal 0 0 -1
    outer loop
      vertex 13 86 0
      vertex 9 88 0
      vertex 9 90 0
    endloop
  endfacet
  facet normal 0 0 -1
    outer loop
      vertex 9 156 0
      vertex 13 86 0
      vertex 9 90 0
    endloop
  endfacet
  facet normal 0 0 -1
    outer loop
      vertex 13 86 0
      vertex 9 156 0
      vertex 13 163 0
    endloop
  endfacet
  facet normal 0 0 -1
    outer loop
      vertex 9 158 0
      vertex 13 163 0
      vertex 9 156 0
    endloop
  endfacet
  facet normal -0 0 -1
    outer loop
      vertex 13 163 0
      vertex 9 158 0
      vertex 9 163 0
    endloop
  endfacet
  facet normal -1 0 0
    outer loop
      vertex 9 86 0
      vertex 9 88 1
      vertex 9 88 0
    endloop
  endfacet
  facet normal -1 -0 0
    outer loop
      vertex 9 88 1
      vertex 9 86 0
      vertex 9 86 1
    endloop
  endfacet
  facet normal -1 0 0
    outer loop
      vertex 9 158 0
      vertex 9 163 1
      vertex 9 163 0
    endloop
  endfacet
  facet normal -1 -0 0
    outer loop
      vertex 9 163 1
      vertex 9 158 0
      vertex 9 158 1
    endloop
  endfacet
  facet normal -1 0 0
    outer loop
      vertex 9 90 0
      vertex 9 156 1
      vertex 9 156 0
    endloop
  endfacet
  facet normal -1 -0 0
    outer loop
      vertex 9 156 1
      vertex 9 90 0
      vertex 9 90 1
    endloop
  endfacet
  facet normal -1 0 0
    outer loop
      vertex 7.5 88 0
      vertex 7.5 90 1
      vertex 7.5 90 0
    endloop
  endfacet
  facet normal -1 -0 0
    outer loop
      vertex 7.5 90 1
      vertex 7.5 88 0
      vertex 7.5 88 1
    endloop
  endfacet
  facet normal -0 0 1
    outer loop
      vertex 7.5 90 1
      vertex 9 88 1
      vertex 9 90 1
    endloop
  endfacet
  facet normal 0 0 1
    outer loop
      vertex 9 88 1
      vertex 7.5 90 1
      vertex 7.5 88 1
    endloop
  endfacet
  facet normal -0 0 1
    outer loop
      vertex 7.5 158 1
      vertex 9 156 1
      vertex 9 158 1
    endloop
  endfacet
  facet normal 0 0 1
    outer loop
      vertex 9 156 1
      vertex 7.5 158 1
      vertex 7.5 156 1
    endloop
  endfacet
  facet normal -0 0 1
    outer loop
      vertex 9 156 1
      vertex 13 86 1
      vertex 13 163 1
    endloop
  endfacet
  facet normal -0 0 1
    outer loop
      vertex 9 88 1
      vertex 13 86 1
      vertex 9 90 1
    endloop
  endfacet
  facet normal 0 0 1
    outer loop
      vertex 9 158 1
      vertex 13 163 1
      vertex 9 163 1
    endloop
  endfacet
  facet normal 0 0 1
    outer loop
      vertex 9 156 1
      vertex 13 163 1
      vertex 9 158 1
    endloop
  endfacet
  facet normal 0 0 1
    outer loop
      vertex 13 86 1
      vertex 9 156 1
      vertex 9 90 1
    endloop
  endfacet
  facet normal 0 0 1
    outer loop
      vertex 9 86 1
      vertex 13 86 1
      vertex 9 88 1
    endloop
  endfacet
  facet normal 0 0 1
    outer loop
      vertex 13 86 1
      vertex 9 86 1
      vertex 11.4 83 1
    endloop
  endfacet
  facet normal 0 0 1
    outer loop
      vertex 11.4 83 1
      vertex 9 86 1
      vertex 10.6 83 1
    endloop
  endfacet
  facet normal 0 1 -0
    outer loop
      vertex 9 90 0
      vertex 7.5 90 1
      vertex 9 90 1
    endloop
  endfacet
  facet normal 0 1 0
    outer loop
      vertex 7.5 90 1
      vertex 9 90 0
      vertex 7.5 90 0
    endloop
  endfacet
  facet normal 0 -1 0
    outer loop
      vertex 7.5 88 0
      vertex 9 88 1
      vertex 7.5 88 1
    endloop
  endfacet
  facet normal 0 -1 -0
    outer loop
      vertex 9 88 1
      vertex 7.5 88 0
      vertex 9 88 0
    endloop
  endfacet
  facet normal -1 0 0
    outer loop
      vertex 7.5 156 0
      vertex 7.5 158 1
      vertex 7.5 158 0
    endloop
  endfacet
  facet normal -1 -0 0
    outer loop
      vertex 7.5 158 1
      vertex 7.5 156 0
      vertex 7.5 156 1
    endloop
  endfacet
  facet normal 0 1 -0
    outer loop
      vertex 9 158 0
      vertex 7.5 158 1
      vertex 9 158 1
    endloop
  endfacet
  facet normal 0 1 0
    outer loop
      vertex 7.5 158 1
      vertex 9 158 0
      vertex 7.5 158 0
    endloop
  endfacet
  facet normal 0 -1 0
    outer loop
      vertex 7.5 156 0
      vertex 9 156 1
      vertex 7.5 156 1
    endloop
  endfacet
  facet normal 0 -1 -0
    outer loop
      vertex 9 156 1
      vertex 7.5 156 0
      vertex 9 156 0
    endloop
  endfacet
  facet normal 1 -0 0
    outer loop
      vertex 13 86 1
      vertex 13 163 0
      vertex 13 163 1
    endloop
  endfacet
  facet normal 1 0 0
    outer loop
      vertex 13 163 0
      vertex 13 86 1
      vertex 13 86 0
    endloop
  endfacet
  facet normal -0.882353 -0.470588 0
    outer loop
      vertex 10.6 83 0
      vertex 9 86 1
      vertex 9 86 0
    endloop
  endfacet
  facet normal -0.882353 -0.470588 0
    outer loop
      vertex 9 86 1
      vertex 10.6 83 0
      vertex 10.6 83 1
    endloop
  endfacet
  facet normal 0.882353 -0.470588 0
    outer loop
      vertex 11.4 83 1
      vertex 13 86 0
      vertex 13 86 1
    endloop
  endfacet
  facet normal 0.882353 -0.470588 0
    outer loop
      vertex 13 86 0
      vertex 11.4 83 1
      vertex 11.4 83 0
    endloop
  endfacet
  facet normal 0 1 -0
    outer loop
      vertex 13 163 0
      vertex 9 163 1
      vertex 13 163 1
    endloop
  endfacet
  facet normal 0 1 0
    outer loop
      vertex 9 163 1
      vertex 13 163 0
      vertex 9 163 0
    endloop
  endfacet
  facet normal 0 -1 0
    outer loop
      vertex 10.6 83 0
      vertex 11.4 83 1
      vertex 10.6 83 1
    endloop
  endfacet
  facet normal 0 -1 -0
    outer loop
      vertex 11.4 83 1
      vertex 10.6 83 0
      vertex 11.4 83 0
    endloop
  endfacet
  facet normal 0 0 -1
    outer loop
      vertex 15 156 0
      vertex 16.5 158 0
      vertex 16.5 156 0
    endloop
  endfacet
  facet normal -0 0 -1
    outer loop
      vertex 16.5 158 0
      vertex 15 156 0
      vertex 15 158 0
    endloop
  endfacet
  facet normal 0 0 -1
    outer loop
      vertex 15 88 0
      vertex 16.5 90 0
      vertex 16.5 88 0
    endloop
  endfacet
  facet normal -0 0 -1
    outer loop
      vertex 16.5 90 0
      vertex 15 88 0
      vertex 15 90 0
    endloop
  endfacet
  facet normal 0 0 -1
    outer loop
      vertex 16.5 86 0
      vertex 20.5 86 0
      vertex 18.9 83 0
    endloop
  endfacet
  facet normal 0 0 -1
    outer loop
      vertex 16.5 86 0
      vertex 18.9 83 0
      vertex 18.1 83 0
    endloop
  endfacet
  facet normal 0 0 -1
    outer loop
      vertex 20.5 86 0
      vertex 16.5 86 0
      vertex 16.5 88 0
    endloop
  endfacet
  facet normal 0 0 -1
    outer loop
      vertex 20.5 86 0
      vertex 16.5 88 0
      vertex 16.5 90 0
    endloop
  endfacet
  facet normal 0 0 -1
    outer loop
      vertex 16.5 156 0
      vertex 20.5 86 0
      vertex 16.5 90 0
    endloop
  endfacet
  facet normal 0 0 -1
    outer loop
      vertex 20.5 86 0
      vertex 16.5 156 0
      vertex 20.5 163 0
    endloop
  endfacet
  facet normal 0 0 -1
    outer loop
      vertex 16.5 158 0
      vertex 20.5 163 0
      vertex 16.5 156 0
    endloop
  endfacet
  facet normal -0 0 -1
    outer loop
      vertex 20.5 163 0
      vertex 16.5 158 0
      vertex 16.5 163 0
    endloop
  endfacet
  facet normal -1 0 0
    outer loop
      vertex 16.5 86 0
      vertex 16.5 88 1
      vertex 16.5 88 0
    endloop
  endfacet
  facet normal -1 -0 0
    outer loop
      vertex 16.5 88 1
      vertex 16.5 86 0
      vertex 16.5 86 1
    endloop
  endfacet
  facet normal -1 0 0
    outer loop
      vertex 16.5 158 0
      vertex 16.5 163 1
      vertex 16.5 163 0
    endloop
  endfacet
  facet normal -1 -0 0
    outer loop
      vertex 16.5 163 1
      vertex 16.5 158 0
      vertex 16.5 158 1
    endloop
  endfacet
  facet normal -1 0 0
    outer loop
      vertex 16.5 90 0
      vertex 16.5 156 1
      vertex 16.5 156 0
    endloop
  endfacet
  facet normal -1 -0 0
    outer loop
      vertex 16.5 156 1
      vertex 16.5 90 0
      vertex 16.5 90 1
    endloop
  endfacet
  facet normal -1 0 0
    outer loop
      vertex 15 88 0
      vertex 15 90 1
      vertex 15 90 0
    endloop
  endfacet
  facet normal -1 -0 0
    outer loop
      vertex 15 90 1
      vertex 15 88 0
      vertex 15 88 1
    endloop
  endfacet
  facet normal -0 0 1
    outer loop
      vertex 15 90 1
      vertex 16.5 88 1
      vertex 16.5 90 1
    endloop
  endfacet
  facet normal 0 0 1
    outer loop
      vertex 16.5 88 1
      vertex 15 90 1
      vertex 15 88 1
    endloop
  endfacet
  facet normal -0 0 1
    outer loop
      vertex 15 158 1
      vertex 16.5 156 1
      vertex 16.5 158 1
    endloop
  endfacet
  facet normal 0 0 1
    outer loop
      vertex 16.5 156 1
      vertex 15 158 1
      vertex 15 156 1
    endloop
  endfacet
  facet normal -0 0 1
    outer loop
      vertex 16.5 156 1
      vertex 20.5 86 1
      vertex 20.5 163 1
    endloop
  endfacet
  facet normal -0 0 1
    outer loop
      vertex 16.5 88 1
      vertex 20.5 86 1
      vertex 16.5 90 1
    endloop
  endfacet
  facet normal 0 0 1
    outer loop
      vertex 16.5 158 1
      vertex 20.5 163 1
      vertex 16.5 163 1
    endloop
  endfacet
  facet normal 0 0 1
    outer loop
      vertex 16.5 156 1
      vertex 20.5 163 1
      vertex 16.5 158 1
    endloop
  endfacet
  facet normal 0 0 1
    outer loop
      vertex 20.5 86 1
      vertex 16.5 156 1
      vertex 16.5 90 1
    endloop
  endfacet
  facet normal 0 0 1
    outer loop
      vertex 16.5 86 1
      vertex 20.5 86 1
      vertex 16.5 88 1
    endloop
  endfacet
  facet normal 0 0 1
    outer loop
      vertex 20.5 86 1
      vertex 16.5 86 1
      vertex 18.9 83 1
    endloop
  endfacet
  facet normal 0 0 1
    outer loop
      vertex 18.9 83 1
      vertex 16.5 86 1
      vertex 18.1 83 1
    endloop
  endfacet
  facet normal 0 1 -0
    outer loop
      vertex 16.5 90 0
      vertex 15 90 1
      vertex 16.5 90 1
    endloop
  endfacet
  facet normal 0 1 0
    outer loop
      vertex 15 90 1
      vertex 16.5 90 0
      vertex 15 90 0
    endloop
  endfacet
  facet normal 0 -1 0
    outer loop
      vertex 15 88 0
      vertex 16.5 88 1
      vertex 15 88 1
    endloop
  endfacet
  facet normal 0 -1 -0
    outer loop
      vertex 16.5 88 1
      vertex 15 88 0
      vertex 16.5 88 0
    endloop
  endfacet
  facet normal -1 0 0
    outer loop
      vertex 15 156 0
      vertex 15 158 1
      vertex 15 158 0
    endloop
  endfacet
  facet normal -1 -0 0
    outer loop
      vertex 15 158 1
      vertex 15 156 0
      vertex 15 156 1
    endloop
  endfacet
  facet normal 0 1 -0
    outer loop
      vertex 16.5 158 0
      vertex 15 158 1
      vertex 16.5 158 1
    endloop
  endfacet
  facet normal 0 1 0
    outer loop
      vertex 15 158 1
      vertex 16.5 158 0
      vertex 15 158 0
    endloop
  endfacet
  facet normal 0 -1 0
    outer loop
      vertex 15 156 0
      vertex 16.5 156 1
      vertex 15 156 1
    endloop
  endfacet
  facet normal 0 -1 -0
    outer loop
      vertex 16.5 156 1
      vertex 15 156 0
      vertex 16.5 156 0
    endloop
  endfacet
  facet normal 1 -0 0
    outer loop
      vertex 20.5 86 1
      vertex 20.5 163 0
      vertex 20.5 163 1
    endloop
  endfacet
  facet normal 1 0 0
    outer loop
      vertex 20.5 163 0
      vertex 20.5 86 1
      vertex 20.5 86 0
    endloop
  endfacet
  facet normal -0.882353 -0.470588 0
    outer loop
      vertex 18.1 83 0
      vertex 16.5 86 1
      vertex 16.5 86 0
    endloop
  endfacet
  facet normal -0.882353 -0.470588 0
    outer loop
      vertex 16.5 86 1
      vertex 18.1 83 0
      vertex 18.1 83 1
    endloop
  endfacet
  facet normal 0.882353 -0.470588 0
    outer loop
      vertex 18.9 83 1
      vertex 20.5 86 0
      vertex 20.5 86 1
    endloop
  endfacet
  facet normal 0.882353 -0.470588 0
    outer loop
      vertex 20.5 86 0
      vertex 18.9 83 1
      vertex 18.9 83 0
    endloop
  endfacet
  facet normal 0 1 -0
    outer loop
      vertex 20.5 163 0
      vertex 16.5 163 1
      vertex 20.5 163 1
    endloop
  endfacet
  facet normal 0 1 0
    outer loop
      vertex 16.5 163 1
      vertex 20.5 163 0
      vertex 16.5 163 0
    endloop
  endfacet
  facet normal 0 -1 0
    outer loop
      vertex 18.1 83 0
      vertex 18.9 83 1
      vertex 18.1 83 1
    endloop
  endfacet
  facet normal 0 -1 -0
    outer loop
      vertex 18.9 83 1
      vertex 18.1 83 0
      vertex 18.9 83 0
    endloop
  endfacet
  facet normal 0 0 -1
    outer loop
      vertex 22.5 156 0
      vertex 24 158 0
      vertex 24 156 0
    endloop
  endfacet
  facet normal -0 0 -1
    outer loop
      vertex 24 158 0
      vertex 22.5 156 0
      vertex 22.5 158 0
    endloop
  endfacet
  facet normal 0 0 -1
    outer loop
      vertex 22.5 88 0
      vertex 24 90 0
      vertex 24 88 0
    endloop
  endfacet
  facet normal -0 0 -1
    outer loop
      vertex 24 90 0
      vertex 22.5 88 0
      vertex 22.5 90 0
    endloop
  endfacet
  facet normal 0 0 -1
    outer loop
      vertex 24 86 0
      vertex 28 86 0
      vertex 26.4 83 0
    endloop
  endfacet
  facet normal 0 0 -1
    outer loop
      vertex 24 86 0
      vertex 26.4 83 0
      vertex 25.6 83 0
    endloop
  endfacet
  facet normal 0 0 -1
    outer loop
      vertex 28 86 0
      vertex 24 86 0
      vertex 24 88 0
    endloop
  endfacet
  facet normal 0 0 -1
    outer loop
      vertex 28 86 0
      vertex 24 88 0
      vertex 24 90 0
    endloop
  endfacet
  facet normal 0 0 -1
    outer loop
      vertex 24 156 0
      vertex 28 86 0
      vertex 24 90 0
    endloop
  endfacet
  facet normal 0 0 -1
    outer loop
      vertex 28 86 0
      vertex 24 156 0
      vertex 28 163 0
    endloop
  endfacet
  facet normal 0 0 -1
    outer loop
      vertex 24 158 0
      vertex 28 163 0
      vertex 24 156 0
    endloop
  endfacet
  facet normal -0 0 -1
    outer loop
      vertex 28 163 0
      vertex 24 158 0
      vertex 24 163 0
    endloop
  endfacet
  facet normal -1 0 0
    outer loop
      vertex 24 86 0
      vertex 24 88 1
      vertex 24 88 0
    endloop
  endfacet
  facet normal -1 -0 0
    outer loop
      vertex 24 88 1
      vertex 24 86 0
      vertex 24 86 1
    endloop
  endfacet
  facet normal -1 0 0
    outer loop
      vertex 24 158 0
      vertex 24 163 1
      vertex 24 163 0
    endloop
  endfacet
  facet normal -1 -0 0
    outer loop
      vertex 24 163 1
      vertex 24 158 0
      vertex 24 158 1
    endloop
  endfacet
  facet normal -1 0 0
    outer loop
      vertex 24 90 0
      vertex 24 156 1
      vertex 24 156 0
    endloop
  endfacet
  facet normal -1 -0 0
    outer loop
      vertex 24 156 1
      vertex 24 90 0
      vertex 24 90 1
    endloop
  endfacet
  facet normal -1 0 0
    outer loop
      vertex 22.5 88 0
      vertex 22.5 90 1
      vertex 22.5 90 0
    endloop
  endfacet
  facet normal -1 -0 0
    outer loop
      vertex 22.5 90 1
      vertex 22.5 88 0
      vertex 22.5 88 1
    endloop
  endfacet
  facet normal -0 0 1
    outer loop
      vertex 22.5 90 1
      vertex 24 88 1
      vertex 24 90 1
    endloop
  endfacet
  facet normal 0 0 1
    outer loop
      vertex 24 88 1
      vertex 22.5 90 1
      vertex 22.5 88 1
    endloop
  endfacet
  facet normal -0 0 1
    outer loop
      vertex 22.5 158 1
      vertex 24 156 1
      vertex 24 158 1
    endloop
  endfacet
  facet normal 0 0 1
    outer loop
      vertex 24 156 1
      vertex 22.5 158 1
      vertex 22.5 156 1
    endloop
  endfacet
  facet normal -0 0 1
    outer loop
      vertex 24 156 1
      vertex 28 86 1
      vertex 28 163 1
    endloop
  endfacet
  facet normal -0 0 1
    outer loop
      vertex 24 88 1
      vertex 28 86 1
      vertex 24 90 1
    endloop
  endfacet
  facet normal 0 0 1
    outer loop
      vertex 24 158 1
      vertex 28 163 1
      vertex 24 163 1
    endloop
  endfacet
  facet normal 0 0 1
    outer loop
      vertex 24 156 1
      vertex 28 163 1
      vertex 24 158 1
    endloop
  endfacet
  facet normal 0 0 1
    outer loop
      vertex 28 86 1
      vertex 24 156 1
      vertex 24 90 1
    endloop
  endfacet
  facet normal 0 0 1
    outer loop
      vertex 24 86 1
      vertex 28 86 1
      vertex 24 88 1
    endloop
  endfacet
  facet normal 0 0 1
    outer loop
      vertex 28 86 1
      vertex 24 86 1
      vertex 26.4 83 1
    endloop
  endfacet
  facet normal 0 0 1
    outer loop
      vertex 26.4 83 1
      vertex 24 86 1
      vertex 25.6 83 1
    endloop
  endfacet
  facet normal 0 1 -0
    outer loop
      vertex 24 90 0
      vertex 22.5 90 1
      vertex 24 90 1
    endloop
  endfacet
  facet normal 0 1 0
    outer loop
      vertex 22.5 90 1
      vertex 24 90 0
      vertex 22.5 90 0
    endloop
  endfacet
  facet normal 0 -1 0
    outer loop
      vertex 22.5 88 0
      vertex 24 88 1
      vertex 22.5 88 1
    endloop
  endfacet
  facet normal 0 -1 -0
    outer loop
      vertex 24 88 1
      vertex 22.5 88 0
      vertex 24 88 0
    endloop
  endfacet
  facet normal -1 0 0
    outer loop
      vertex 22.5 156 0
      vertex 22.5 158 1
      vertex 22.5 158 0
    endloop
  endfacet
  facet normal -1 -0 0
    outer loop
      vertex 22.5 158 1
      vertex 22.5 156 0
      vertex 22.5 156 1
    endloop
  endfacet
  facet normal 0 1 -0
    outer loop
      vertex 24 158 0
      vertex 22.5 158 1
      vertex 24 158 1
    endloop
  endfacet
  facet normal 0 1 0
    outer loop
      vertex 22.5 158 1
      vertex 24 158 0
      vertex 22.5 158 0
    endloop
  endfacet
  facet normal 0 -1 0
    outer loop
      vertex 22.5 156 0
      vertex 24 156 1
      vertex 22.5 156 1
    endloop
  endfacet
  facet normal 0 -1 -0
    outer loop
      vertex 24 156 1
      vertex 22.5 156 0
      vertex 24 156 0
    endloop
  endfacet
  facet normal 1 -0 0
    outer loop
      vertex 28 86 1
      vertex 28 163 0
      vertex 28 163 1
    endloop
  endfacet
  facet normal 1 0 0
    outer loop
      vertex 28 163 0
      vertex 28 86 1
      vertex 28 86 0
    endloop
  endfacet
  facet normal -0.882353 -0.470588 0
    outer loop
      vertex 25.6 83 0
      vertex 24 86 1
      vertex 24 86 0
    endloop
  endfacet
  facet normal -0.882353 -0.470588 0
    outer loop
      vertex 24 86 1
      vertex 25.6 83 0
      vertex 25.6 83 1
    endloop
  endfacet
  facet normal 0.882353 -0.470588 0
    outer loop
      vertex 26.4 83 1
      vertex 28 86 0
      vertex 28 86 1
    endloop
  endfacet
  facet normal 0.882353 -0.470588 0
    outer loop
      vertex 28 86 0
      vertex 26.4 83 1
      vertex 26.4 83 0
    endloop
  endfacet
  facet normal 0 1 -0
    outer loop
      vertex 28 163 0
      vertex 24 163 1
      vertex 28 163 1
    endloop
  endfacet
  facet normal 0 1 0
    outer loop
      vertex 24 163 1
      vertex 28 163 0
      vertex 24 163 0
    endloop
  endfacet
  facet normal 0 -1 0
    outer loop
      vertex 25.6 83 0
      vertex 26.4 83 1
      vertex 25.6 83 1
    endloop
  endfacet
  facet normal 0 -1 -0
    outer loop
      vertex 26.4 83 1
      vertex 25.6 83 0
      vertex 26.4 83 0
    endloop
  endfacet
  facet normal 0 0 -1
    outer loop
      vertex 30 156 0
      vertex 31.5 158 0
      vertex 31.5 156 0
    endloop
  endfacet
  facet normal -0 0 -1
    outer loop
      vertex 31.5 158 0
      vertex 30 156 0
      vertex 30 158 0
    endloop
  endfacet
  facet normal 0 0 -1
    outer loop
      vertex 30 88 0
      vertex 31.5 90 0
      vertex 31.5 88 0
    endloop
  endfacet
  facet normal -0 0 -1
    outer loop
      vertex 31.5 90 0
      vertex 30 88 0
      vertex 30 90 0
    endloop
  endfacet
  facet normal 0 0 -1
    outer loop
      vertex 31.5 86 0
      vertex 35.5 86 0
      vertex 33.9 83 0
    endloop
  endfacet
  facet normal 0 0 -1
    outer loop
      vertex 31.5 86 0
      vertex 33.9 83 0
      vertex 33.1 83 0
    endloop
  endfacet
  facet normal 0 0 -1
    outer loop
      vertex 35.5 86 0
      vertex 31.5 86 0
      vertex 31.5 88 0
    endloop
  endfacet
  facet normal 0 0 -1
    outer loop
      vertex 35.5 86 0
      vertex 31.5 88 0
      vertex 31.5 90 0
    endloop
  endfacet
  facet normal 0 0 -1
    outer loop
      vertex 31.5 156 0
      vertex 35.5 86 0
      vertex 31.5 90 0
    endloop
  endfacet
  facet normal 0 0 -1
    outer loop
      vertex 35.5 86 0
      vertex 31.5 156 0
      vertex 35.5 163 0
    endloop
  endfacet
  facet normal 0 0 -1
    outer loop
      vertex 31.5 158 0
      vertex 35.5 163 0
      vertex 31.5 156 0
    endloop
  endfacet
  facet normal -0 0 -1
    outer loop
      vertex 35.5 163 0
      vertex 31.5 158 0
      vertex 31.5 163 0
    endloop
  endfacet
  facet normal -1 0 0
    outer loop
      vertex 31.5 86 0
      vertex 31.5 88 1
      vertex 31.5 88 0
    endloop
  endfacet
  facet normal -1 -0 0
    outer loop
      vertex 31.5 88 1
      vertex 31.5 86 0
      vertex 31.5 86 1
    endloop
  endfacet
  facet normal -1 0 0
    outer loop
      vertex 31.5 158 0
      vertex 31.5 163 1
      vertex 31.5 163 0
    endloop
  endfacet
  facet normal -1 -0 0
    outer loop
      vertex 31.5 163 1
      vertex 31.5 158 0
      vertex 31.5 158 1
    endloop
  endfacet
  facet normal -1 0 0
    outer loop
      vertex 31.5 90 0
      vertex 31.5 156 1
      vertex 31.5 156 0
    endloop
  endfacet
  facet normal -1 -0 0
    outer loop
      vertex 31.5 156 1
      vertex 31.5 90 0
      vertex 31.5 90 1
    endloop
  endfacet
  facet normal -1 0 0
    outer loop
      vertex 30 88 0
      vertex 30 90 1
      vertex 30 90 0
    endloop
  endfacet
  facet normal -1 -0 0
    outer loop
      vertex 30 90 1
      vertex 30 88 0
      vertex 30 88 1
    endloop
  endfacet
  facet normal -0 0 1
    outer loop
      vertex 30 90 1
      vertex 31.5 88 1
      vertex 31.5 90 1
    endloop
  endfacet
  facet normal 0 0 1
    outer loop
      vertex 31.5 88 1
      vertex 30 90 1
      vertex 30 88 1
    endloop
  endfacet
  facet normal -0 0 1
    outer loop
      vertex 30 158 1
      vertex 31.5 156 1
      vertex 31.5 158 1
    endloop
  endfacet
  facet normal 0 0 1
    outer loop
      vertex 31.5 156 1
      vertex 30 158 1
      vertex 30 156 1
    endloop
  endfacet
  facet normal -0 0 1
    outer loop
      vertex 31.5 156 1
      vertex 35.5 86 1
      vertex 35.5 163 1
    endloop
  endfacet
  facet normal -0 0 1
    outer loop
      vertex 31.5 88 1
      vertex 35.5 86 1
      vertex 31.5 90 1
    endloop
  endfacet
  facet normal 0 0 1
    outer loop
      vertex 31.5 158 1
      vertex 35.5 163 1
      vertex 31.5 163 1
    endloop
  endfacet
  facet normal 0 0 1
    outer loop
      vertex 31.5 156 1
      vertex 35.5 163 1
      vertex 31.5 158 1
    endloop
  endfacet
  facet normal 0 0 1
    outer loop
      vertex 35.5 86 1
      vertex 31.5 156 1
      vertex 31.5 90 1
    endloop
  endfacet
  facet normal 0 0 1
    outer loop
      vertex 31.5 86 1
      vertex 35.5 86 1
      vertex 31.5 88 1
    endloop
  endfacet
  facet normal 0 0 1
    outer loop
      vertex 35.5 86 1
      vertex 31.5 86 1
      vertex 33.9 83 1
    endloop
  endfacet
  facet normal 0 0 1
    outer loop
      vertex 33.9 83 1
      vertex 31.5 86 1
      vertex 33.1 83 1
    endloop
  endfacet
  facet normal 0 1 -0
    outer loop
      vertex 31.5 90 0
      vertex 30 90 1
      vertex 31.5 90 1
    endloop
  endfacet
  facet normal 0 1 0
    outer loop
      vertex 30 90 1
      vertex 31.5 90 0
      vertex 30 90 0
    endloop
  endfacet
  facet normal 0 -1 0
    outer loop
      vertex 30 88 0
      vertex 31.5 88 1
      vertex 30 88 1
    endloop
  endfacet
  facet normal 0 -1 -0
    outer loop
      vertex 31.5 88 1
      vertex 30 88 0
      vertex 31.5 88 0
    endloop
  endfacet
  facet normal -1 0 0
    outer loop
      vertex 30 156 0
      vertex 30 158 1
      vertex 30 158 0
    endloop
  endfacet
  facet normal -1 -0 0
    outer loop
      vertex 30 158 1
      vertex 30 156 0
      vertex 30 156 1
    endloop
  endfacet
  facet normal 0 1 -0
    outer loop
      vertex 31.5 158 0
      vertex 30 158 1
      vertex 31.5 158 1
    endloop
  endfacet
  facet normal 0 1 0
    outer loop
      vertex 30 158 1
      vertex 31.5 158 0
      vertex 30 158 0
    endloop
  endfacet
  facet normal 0 -1 0
    outer loop
      vertex 30 156 0
      vertex 31.5 156 1
      vertex 30 156 1
    endloop
  endfacet
  facet normal 0 -1 -0
    outer loop
      vertex 31.5 156 1
      vertex 30 156 0
      vertex 31.5 156 0
    endloop
  endfacet
  facet normal 1 -0 0
    outer loop
      vertex 35.5 86 1
      vertex 35.5 163 0
      vertex 35.5 163 1
    endloop
  endfacet
  facet normal 1 0 0
    outer loop
      vertex 35.5 163 0
      vertex 35.5 86 1
      vertex 35.5 86 0
    endloop
  endfacet
  facet normal -0.882353 -0.470588 0
    outer loop
      vertex 33.1 83 0
      vertex 31.5 86 1
      vertex 31.5 86 0
    endloop
  endfacet
  facet normal -0.882353 -0.470588 0
    outer loop
      vertex 31.5 86 1
      vertex 33.1 83 0
      vertex 33.1 83 1
    endloop
  endfacet
  facet normal 0.882353 -0.470588 0
    outer loop
      vertex 33.9 83 1
      vertex 35.5 86 0
      vertex 35.5 86 1
    endloop
  endfacet
  facet normal 0.882353 -0.470588 0
    outer loop
      vertex 35.5 86 0
      vertex 33.9 83 1
      vertex 33.9 83 0
    endloop
  endfacet
  facet normal 0 1 -0
    outer loop
      vertex 35.5 163 0
      vertex 31.5 163 1
      vertex 35.5 163 1
    endloop
  endfacet
  facet normal 0 1 0
    outer loop
      vertex 31.5 163 1
      vertex 35.5 163 0
      vertex 31.5 163 0
    endloop
  endfacet
  facet normal 0 -1 0
    outer loop
      vertex 33.1 83 0
      vertex 33.9 83 1
      vertex 33.1 83 1
    endloop
  endfacet
  facet normal 0 -1 -0
    outer loop
      vertex 33.9 83 1
      vertex 33.1 83 0
      vertex 33.9 83 0
    endloop
  endfacet
  facet normal 0 0 -1
    outer loop
      vertex 37.5 156 0
      vertex 39 158 0
      vertex 39 156 0
    endloop
  endfacet
  facet normal -0 0 -1
    outer loop
      vertex 39 158 0
      vertex 37.5 156 0
      vertex 37.5 158 0
    endloop
  endfacet
  facet normal 0 0 -1
    outer loop
      vertex 37.5 88 0
      vertex 39 90 0
      vertex 39 88 0
    endloop
  endfacet
  facet normal -0 0 -1
    outer loop
      vertex 39 90 0
      vertex 37.5 88 0
      vertex 37.5 90 0
    endloop
  endfacet
  facet normal 0 0 -1
    outer loop
      vertex 39 86 0
      vertex 43 86 0
      vertex 41.4 83 0
    endloop
  endfacet
  facet normal 0 0 -1
    outer loop
      vertex 39 86 0
      vertex 41.4 83 0
      vertex 40.6 83 0
    endloop
  endfacet
  facet normal 0 0 -1
    outer loop
      vertex 43 86 0
      vertex 39 86 0
      vertex 39 88 0
    endloop
  endfacet
  facet normal 0 0 -1
    outer loop
      vertex 43 86 0
      vertex 39 88 0
      vertex 39 90 0
    endloop
  endfacet
  facet normal 0 0 -1
    outer loop
      vertex 39 156 0
      vertex 43 86 0
      vertex 39 90 0
    endloop
  endfacet
  facet normal 0 0 -1
    outer loop
      vertex 43 86 0
      vertex 39 156 0
      vertex 43 163 0
    endloop
  endfacet
  facet normal 0 0 -1
    outer loop
      vertex 39 158 0
      vertex 43 163 0
      vertex 39 156 0
    endloop
  endfacet
  facet normal -0 0 -1
    outer loop
      vertex 43 163 0
      vertex 39 158 0
      vertex 39 163 0
    endloop
  endfacet
  facet normal -1 0 0
    outer loop
      vertex 39 86 0
      vertex 39 88 1
      vertex 39 88 0
    endloop
  endfacet
  facet normal -1 -0 0
    outer loop
      vertex 39 88 1
      vertex 39 86 0
      vertex 39 86 1
    endloop
  endfacet
  facet normal -1 0 0
    outer loop
      vertex 39 158 0
      vertex 39 163 1
      vertex 39 163 0
    endloop
  endfacet
  facet normal -1 -0 0
    outer loop
      vertex 39 163 1
      vertex 39 158 0
      vertex 39 158 1
    endloop
  endfacet
  facet normal -1 0 0
    outer loop
      vertex 39 90 0
      vertex 39 156 1
      vertex 39 156 0
    endloop
  endfacet
  facet normal -1 -0 0
    outer loop
      vertex 39 156 1
      vertex 39 90 0
      vertex 39 90 1
    endloop
  endfacet
  facet normal -1 0 0
    outer loop
      vertex 37.5 88 0
      vertex 37.5 90 1
      vertex 37.5 90 0
    endloop
  endfacet
  facet normal -1 -0 0
    outer loop
      vertex 37.5 90 1
      vertex 37.5 88 0
      vertex 37.5 88 1
    endloop
  endfacet
  facet normal -0 0 1
    outer loop
      vertex 37.5 90 1
      vertex 39 88 1
      vertex 39 90 1
    endloop
  endfacet
  facet normal 0 0 1
    outer loop
      vertex 39 88 1
      vertex 37.5 90 1
      vertex 37.5 88 1
    endloop
  endfacet
  facet normal -0 0 1
    outer loop
      vertex 37.5 158 1
      vertex 39 156 1
      vertex 39 158 1
    endloop
  endfacet
  facet normal 0 0 1
    outer loop
      vertex 39 156 1
      vertex 37.5 158 1
      vertex 37.5 156 1
    endloop
  endfacet
  facet normal -0 0 1
    outer loop
      vertex 39 156 1
      vertex 43 86 1
      vertex 43 163 1
    endloop
  endfacet
  facet normal -0 0 1
    outer loop
      vertex 39 88 1
      vertex 43 86 1
      vertex 39 90 1
    endloop
  endfacet
  facet normal 0 0 1
    outer loop
      vertex 39 158 1
      vertex 43 163 1
      vertex 39 163 1
    endloop
  endfacet
  facet normal 0 0 1
    outer loop
      vertex 39 156 1
      vertex 43 163 1
      vertex 39 158 1
    endloop
  endfacet
  facet normal 0 0 1
    outer loop
      vertex 43 86 1
      vertex 39 156 1
      vertex 39 90 1
    endloop
  endfacet
  facet normal 0 0 1
    outer loop
      vertex 39 86 1
      vertex 43 86 1
      vertex 39 88 1
    endloop
  endfacet
  facet normal 0 0 1
    outer loop
      vertex 43 86 1
      vertex 39 86 1
      vertex 41.4 83 1
    endloop
  endfacet
  facet normal 0 0 1
    outer loop
      vertex 41.4 83 1
      vertex 39 86 1
      vertex 40.6 83 1
    endloop
  endfacet
  facet normal 0 1 -0
    outer loop
      vertex 39 90 0
      vertex 37.5 90 1
      vertex 39 90 1
    endloop
  endfacet
  facet normal 0 1 0
    outer loop
      vertex 37.5 90 1
      vertex 39 90 0
      vertex 37.5 90 0
    endloop
  endfacet
  facet normal 0 -1 0
    outer loop
      vertex 37.5 88 0
      vertex 39 88 1
      vertex 37.5 88 1
    endloop
  endfacet
  facet normal 0 -1 -0
    outer loop
      vertex 39 88 1
      vertex 37.5 88 0
      vertex 39 88 0
    endloop
  endfacet
  facet normal -1 0 0
    outer loop
      vertex 37.5 156 0
      vertex 37.5 158 1
      vertex 37.5 158 0
    endloop
  endfacet
  facet normal -1 -0 0
    outer loop
      vertex 37.5 158 1
      vertex 37.5 156 0
      vertex 37.5 156 1
    endloop
  endfacet
  facet normal 0 1 -0
    outer loop
      vertex 39 158 0
      vertex 37.5 158 1
      vertex 39 158 1
    endloop
  endfacet
  facet normal 0 1 0
    outer loop
      vertex 37.5 158 1
      vertex 39 158 0
      vertex 37.5 158 0
    endloop
  endfacet
  facet normal 0 -1 0
    outer loop
      vertex 37.5 156 0
      vertex 39 156 1
      vertex 37.5 156 1
    endloop
  endfacet
  facet normal 0 -1 -0
    outer loop
      vertex 39 156 1
      vertex 37.5 156 0
      vertex 39 156 0
    endloop
  endfacet
  facet normal 1 -0 0
    outer loop
      vertex 43 86 1
      vertex 43 163 0
      vertex 43 163 1
    endloop
  endfacet
  facet normal 1 0 0
    outer loop
      vertex 43 163 0
      vertex 43 86 1
      vertex 43 86 0
    endloop
  endfacet
  facet normal -0.882353 -0.470588 0
    outer loop
      vertex 40.6 83 0
      vertex 39 86 1
      vertex 39 86 0
    endloop
  endfacet
  facet normal -0.882353 -0.470588 0
    outer loop
      vertex 39 86 1
      vertex 40.6 83 0
      vertex 40.6 83 1
    endloop
  endfacet
  facet normal 0.882353 -0.470588 0
    outer loop
      vertex 41.4 83 1
      vertex 43 86 0
      vertex 43 86 1
    endloop
  endfacet
  facet normal 0.882353 -0.470588 0
    outer loop
      vertex 43 86 0
      vertex 41.4 83 1
      vertex 41.4 83 0
    endloop
  endfacet
  facet normal 0 1 -0
    outer loop
      vertex 43 163 0
      vertex 39 163 1
      vertex 43 163 1
    endloop
  endfacet
  facet normal 0 1 0
    outer loop
      vertex 39 163 1
      vertex 43 163 0
      vertex 39 163 0
    endloop
  endfacet
  facet normal 0 -1 0
    outer loop
      vertex 40.6 83 0
      vertex 41.4 83 1
      vertex 40.6 83 1
    endloop
  endfacet
  facet normal 0 -1 -0
    outer loop
      vertex 41.4 83 1
      vertex 40.6 83 0
      vertex 41.4 83 0
    endloop
  endfacet
  facet normal 0 0 -1
    outer loop
      vertex 45 156 0
      vertex 46.5 158 0
      vertex 46.5 156 0
    endloop
  endfacet
  facet normal -0 0 -1
    outer loop
      vertex 46.5 158 0
      vertex 45 156 0
      vertex 45 158 0
    endloop
  endfacet
  facet normal 0 0 -1
    outer loop
      vertex 45 88 0
      vertex 46.5 90 0
      vertex 46.5 88 0
    endloop
  endfacet
  facet normal -0 0 -1
    outer loop
      vertex 46.5 90 0
      vertex 45 88 0
      vertex 45 90 0
    endloop
  endfacet
  facet normal 0 0 -1
    outer loop
      vertex 46.5 86 0
      vertex 50.5 86 0
      vertex 48.9 83 0
    endloop
  endfacet
  facet normal 0 0 -1
    outer loop
      vertex 46.5 86 0
      vertex 48.9 83 0
      vertex 48.1 83 0
    endloop
  endfacet
  facet normal 0 0 -1
    outer loop
      vertex 50.5 86 0
      vertex 46.5 86 0
      vertex 46.5 88 0
    endloop
  endfacet
  facet normal 0 0 -1
    outer loop
      vertex 50.5 86 0
      vertex 46.5 88 0
      vertex 46.5 90 0
    endloop
  endfacet
  facet normal 0 0 -1
    outer loop
      vertex 46.5 156 0
      vertex 50.5 86 0
      vertex 46.5 90 0
    endloop
  endfacet
  facet normal 0 0 -1
    outer loop
      vertex 50.5 86 0
      vertex 46.5 156 0
      vertex 50.5 163 0
    endloop
  endfacet
  facet normal 0 0 -1
    outer loop
      vertex 46.5 158 0
      vertex 50.5 163 0
      vertex 46.5 156 0
    endloop
  endfacet
  facet normal -0 0 -1
    outer loop
      vertex 50.5 163 0
      vertex 46.5 158 0
      vertex 46.5 163 0
    endloop
  endfacet
  facet normal -1 0 0
    outer loop
      vertex 46.5 86 0
      vertex 46.5 88 1
      vertex 46.5 88 0
    endloop
  endfacet
  facet normal -1 -0 0
    outer loop
      vertex 46.5 88 1
      vertex 46.5 86 0
      vertex 46.5 86 1
    endloop
  endfacet
  facet normal -1 0 0
    outer loop
      vertex 46.5 158 0
      vertex 46.5 163 1
      vertex 46.5 163 0
    endloop
  endfacet
  facet normal -1 -0 0
    outer loop
      vertex 46.5 163 1
      vertex 46.5 158 0
      vertex 46.5 158 1
    endloop
  endfacet
  facet normal -1 0 0
    outer loop
      vertex 46.5 90 0
      vertex 46.5 156 1
      vertex 46.5 156 0
    endloop
  endfacet
  facet normal -1 -0 0
    outer loop
      vertex 46.5 156 1
      vertex 46.5 90 0
      vertex 46.5 90 1
    endloop
  endfacet
  facet normal -1 0 0
    outer loop
      vertex 45 88 0
      vertex 45 90 1
      vertex 45 90 0
    endloop
  endfacet
  facet normal -1 -0 0
    outer loop
      vertex 45 90 1
      vertex 45 88 0
      vertex 45 88 1
    endloop
  endfacet
  facet normal -0 0 1
    outer loop
      vertex 45 90 1
      vertex 46.5 88 1
      vertex 46.5 90 1
    endloop
  endfacet
  facet normal 0 0 1
    outer loop
      vertex 46.5 88 1
      vertex 45 90 1
      vertex 45 88 1
    endloop
  endfacet
  facet normal -0 0 1
    outer loop
      vertex 45 158 1
      vertex 46.5 156 1
      vertex 46.5 158 1
    endloop
  endfacet
  facet normal 0 0 1
    outer loop
      vertex 46.5 156 1
      vertex 45 158 1
      vertex 45 156 1
    endloop
  endfacet
  facet normal -0 0 1
    outer loop
      vertex 46.5 156 1
      vertex 50.5 86 1
      vertex 50.5 163 1
    endloop
  endfacet
  facet normal -0 0 1
    outer loop
      vertex 46.5 88 1
      vertex 50.5 86 1
      vertex 46.5 90 1
    endloop
  endfacet
  facet normal 0 0 1
    outer loop
      vertex 46.5 158 1
      vertex 50.5 163 1
      vertex 46.5 163 1
    endloop
  endfacet
  facet normal 0 0 1
    outer loop
      vertex 46.5 156 1
      vertex 50.5 163 1
      vertex 46.5 158 1
    endloop
  endfacet
  facet normal 0 0 1
    outer loop
      vertex 50.5 86 1
      vertex 46.5 156 1
      vertex 46.5 90 1
    endloop
  endfacet
  facet normal 0 0 1
    outer loop
      vertex 46.5 86 1
      vertex 50.5 86 1
      vertex 46.5 88 1
    endloop
  endfacet
  facet normal 0 0 1
    outer loop
      vertex 50.5 86 1
      vertex 46.5 86 1
      vertex 48.9 83 1
    endloop
  endfacet
  facet normal 0 0 1
    outer loop
      vertex 48.9 83 1
      vertex 46.5 86 1
      vertex 48.1 83 1
    endloop
  endfacet
  facet normal 0 1 -0
    outer loop
      vertex 46.5 90 0
      vertex 45 90 1
      vertex 46.5 90 1
    endloop
  endfacet
  facet normal 0 1 0
    outer loop
      vertex 45 90 1
      vertex 46.5 90 0
      vertex 45 90 0
    endloop
  endfacet
  facet normal 0 -1 0
    outer loop
      vertex 45 88 0
      vertex 46.5 88 1
      vertex 45 88 1
    endloop
  endfacet
  facet normal 0 -1 -0
    outer loop
      vertex 46.5 88 1
      vertex 45 88 0
      vertex 46.5 88 0
    endloop
  endfacet
  facet normal -1 0 0
    outer loop
      vertex 45 156 0
      vertex 45 158 1
      vertex 45 158 0
    endloop
  endfacet
  facet normal -1 -0 0
    outer loop
      vertex 45 158 1
      vertex 45 156 0
      vertex 45 156 1
    endloop
  endfacet
  facet normal 0 1 -0
    outer loop
      vertex 46.5 158 0
      vertex 45 158 1
      vertex 46.5 158 1
    endloop
  endfacet
  facet normal 0 1 0
    outer loop
      vertex 45 158 1
      vertex 46.5 158 0
      vertex 45 158 0
    endloop
  endfacet
  facet normal 0 -1 0
    outer loop
      vertex 45 156 0
      vertex 46.5 156 1
      vertex 45 156 1
    endloop
  endfacet
  facet normal 0 -1 -0
    outer loop
      vertex 46.5 156 1
      vertex 45 156 0
      vertex 46.5 156 0
    endloop
  endfacet
  facet normal 1 -0 0
    outer loop
      vertex 50.5 86 1
      vertex 50.5 163 0
      vertex 50.5 163 1
    endloop
  endfacet
  facet normal 1 0 0
    outer loop
      vertex 50.5 163 0
      vertex 50.5 86 1
      vertex 50.5 86 0
    endloop
  endfacet
  facet normal -0.882353 -0.470588 0
    outer loop
      vertex 48.1 83 0
      vertex 46.5 86 1
      vertex 46.5 86 0
    endloop
  endfacet
  facet normal -0.882353 -0.470588 0
    outer loop
      vertex 46.5 86 1
      vertex 48.1 83 0
      vertex 48.1 83 1
    endloop
  endfacet
  facet normal 0.882353 -0.470588 0
    outer loop
      vertex 48.9 83 1
      vertex 50.5 86 0
      vertex 50.5 86 1
    endloop
  endfacet
  facet normal 0.882353 -0.470588 0
    outer loop
      vertex 50.5 86 0
      vertex 48.9 83 1
      vertex 48.9 83 0
    endloop
  endfacet
  facet normal 0 1 -0
    outer loop
      vertex 50.5 163 0
      vertex 46.5 163 1
      vertex 50.5 163 1
    endloop
  endfacet
  facet normal 0 1 0
    outer loop
      vertex 46.5 163 1
      vertex 50.5 163 0
      vertex 46.5 163 0
    endloop
  endfacet
  facet normal 0 -1 0
    outer loop
      vertex 48.1 83 0
      vertex 48.9 83 1
      vertex 48.1 83 1
    endloop
  endfacet
  facet normal 0 -1 -0
    outer loop
      vertex 48.9 83 1
      vertex 48.1 83 0
      vertex 48.9 83 0
    endloop
  endfacet
  facet normal 0 0 -1
    outer loop
      vertex 52.5 156 0
      vertex 54 158 0
      vertex 54 156 0
    endloop
  endfacet
  facet normal -0 0 -1
    outer loop
      vertex 54 158 0
      vertex 52.5 156 0
      vertex 52.5 158 0
    endloop
  endfacet
  facet normal 0 0 -1
    outer loop
      vertex 52.5 88 0
      vertex 54 90 0
      vertex 54 88 0
    endloop
  endfacet
  facet normal -0 0 -1
    outer loop
      vertex 54 90 0
      vertex 52.5 88 0
      vertex 52.5 90 0
    endloop
  endfacet
  facet normal 0 0 -1
    outer loop
      vertex 54 86 0
      vertex 58 86 0
      vertex 56.4 83 0
    endloop
  endfacet
  facet normal 0 0 -1
    outer loop
      vertex 54 86 0
      vertex 56.4 83 0
      vertex 55.6 83 0
    endloop
  endfacet
  facet normal 0 0 -1
    outer loop
      vertex 58 86 0
      vertex 54 86 0
      vertex 54 88 0
    endloop
  endfacet
  facet normal 0 0 -1
    outer loop
      vertex 58 86 0
      vertex 54 88 0
      vertex 54 90 0
    endloop
  endfacet
  facet normal 0 0 -1
    outer loop
      vertex 54 156 0
      vertex 58 86 0
      vertex 54 90 0
    endloop
  endfacet
  facet normal 0 0 -1
    outer loop
      vertex 58 86 0
      vertex 54 156 0
      vertex 58 163 0
    endloop
  endfacet
  facet normal 0 0 -1
    outer loop
      vertex 54 158 0
      vertex 58 163 0
      vertex 54 156 0
    endloop
  endfacet
  facet normal -0 0 -1
    outer loop
      vertex 58 163 0
      vertex 54 158 0
      vertex 54 163 0
    endloop
  endfacet
  facet normal -1 0 0
    outer loop
      vertex 54 86 0
      vertex 54 88 1
      vertex 54 88 0
    endloop
  endfacet
  facet normal -1 -0 0
    outer loop
      vertex 54 88 1
      vertex 54 86 0
      vertex 54 86 1
    endloop
  endfacet
  facet normal -1 0 0
    outer loop
      vertex 54 158 0
      vertex 54 163 1
      vertex 54 163 0
    endloop
  endfacet
  facet normal -1 -0 0
    outer loop
      vertex 54 163 1
      vertex 54 158 0
      vertex 54 158 1
    endloop
  endfacet
  facet normal -1 0 0
    outer loop
      vertex 54 90 0
      vertex 54 156 1
      vertex 54 156 0
    endloop
  endfacet
  facet normal -1 -0 0
    outer loop
      vertex 54 156 1
      vertex 54 90 0
      vertex 54 90 1
    endloop
  endfacet
  facet normal -1 0 0
    outer loop
      vertex 52.5 88 0
      vertex 52.5 90 1
      vertex 52.5 90 0
    endloop
  endfacet
  facet normal -1 -0 0
    outer loop
      vertex 52.5 90 1
      vertex 52.5 88 0
      vertex 52.5 88 1
    endloop
  endfacet
  facet normal -0 0 1
    outer loop
      vertex 52.5 90 1
      vertex 54 88 1
      vertex 54 90 1
    endloop
  endfacet
  facet normal 0 0 1
    outer loop
      vertex 54 88 1
      vertex 52.5 90 1
      vertex 52.5 88 1
    endloop
  endfacet
  facet normal -0 0 1
    outer loop
      vertex 52.5 158 1
      vertex 54 156 1
      vertex 54 158 1
    endloop
  endfacet
  facet normal 0 0 1
    outer loop
      vertex 54 156 1
      vertex 52.5 158 1
      vertex 52.5 156 1
    endloop
  endfacet
  facet normal -0 0 1
    outer loop
      vertex 54 156 1
      vertex 58 86 1
      vertex 58 163 1
    endloop
  endfacet
  facet normal -0 0 1
    outer loop
      vertex 54 88 1
      vertex 58 86 1
      vertex 54 90 1
    endloop
  endfacet
  facet normal 0 0 1
    outer loop
      vertex 54 158 1
      vertex 58 163 1
      vertex 54 163 1
    endloop
  endfacet
  facet normal 0 0 1
    outer loop
      vertex 54 156 1
      vertex 58 163 1
      vertex 54 158 1
    endloop
  endfacet
  facet normal 0 0 1
    outer loop
      vertex 58 86 1
      vertex 54 156 1
      vertex 54 90 1
    endloop
  endfacet
  facet normal 0 0 1
    outer loop
      vertex 54 86 1
      vertex 58 86 1
      vertex 54 88 1
    endloop
  endfacet
  facet normal 0 0 1
    outer loop
      vertex 58 86 1
      vertex 54 86 1
      vertex 56.4 83 1
    endloop
  endfacet
  facet normal 0 0 1
    outer loop
      vertex 56.4 83 1
      vertex 54 86 1
      vertex 55.6 83 1
    endloop
  endfacet
  facet normal 0 1 -0
    outer loop
      vertex 54 90 0
      vertex 52.5 90 1
      vertex 54 90 1
    endloop
  endfacet
  facet normal 0 1 0
    outer loop
      vertex 52.5 90 1
      vertex 54 90 0
      vertex 52.5 90 0
    endloop
  endfacet
  facet normal 0 -1 0
    outer loop
      vertex 52.5 88 0
      vertex 54 88 1
      vertex 52.5 88 1
    endloop
  endfacet
  facet normal 0 -1 -0
    outer loop
      vertex 54 88 1
      vertex 52.5 88 0
      vertex 54 88 0
    endloop
  endfacet
  facet normal -1 0 0
    outer loop
      vertex 52.5 156 0
      vertex 52.5 158 1
      vertex 52.5 158 0
    endloop
  endfacet
  facet normal -1 -0 0
    outer loop
      vertex 52.5 158 1
      vertex 52.5 156 0
      vertex 52.5 156 1
    endloop
  endfacet
  facet normal 0 1 -0
    outer loop
      vertex 54 158 0
      vertex 52.5 158 1
      vertex 54 158 1
    endloop
  endfacet
  facet normal 0 1 0
    outer loop
      vertex 52.5 158 1
      vertex 54 158 0
      vertex 52.5 158 0
    endloop
  endfacet
  facet normal 0 -1 0
    outer loop
      vertex 52.5 156 0
      vertex 54 156 1
      vertex 52.5 156 1
    endloop
  endfacet
  facet normal 0 -1 -0
    outer loop
      vertex 54 156 1
      vertex 52.5 156 0
      vertex 54 156 0
    endloop
  endfacet
  facet normal 1 -0 0
    outer loop
      vertex 58 86 1
      vertex 58 163 0
      vertex 58 163 1
    endloop
  endfacet
  facet normal 1 0 0
    outer loop
      vertex 58 163 0
      vertex 58 86 1
      vertex 58 86 0
    endloop
  endfacet
  facet normal -0.882353 -0.470588 0
    outer loop
      vertex 55.6 83 0
      vertex 54 86 1
      vertex 54 86 0
    endloop
  endfacet
  facet normal -0.882353 -0.470588 0
    outer loop
      vertex 54 86 1
      vertex 55.6 83 0
      vertex 55.6 83 1
    endloop
  endfacet
  facet normal 0.882353 -0.470588 0
    outer loop
      vertex 56.4 83 1
      vertex 58 86 0
      vertex 58 86 1
    endloop
  endfacet
  facet normal 0.882353 -0.470588 0
    outer loop
      vertex 58 86 0
      vertex 56.4 83 1
      vertex 56.4 83 0
    endloop
  endfacet
  facet normal 0 1 -0
    outer loop
      vertex 58 163 0
      vertex 54 163 1
      vertex 58 163 1
    endloop
  endfacet
  facet normal 0 1 0
    outer loop
      vertex 54 163 1
      vertex 58 163 0
      vertex 54 163 0
    endloop
  endfacet
  facet normal 0 -1 0
    outer loop
      vertex 55.6 83 0
      vertex 56.4 83 1
      vertex 55.6 83 1
    endloop
  endfacet
  facet normal 0 -1 -0
    outer loop
      vertex 56.4 83 1
      vertex 55.6 83 0
      vertex 56.4 83 0
    endloop
  endfacet
  facet normal 0 0 -1
    outer loop
      vertex 60 156 0
      vertex 61.5 158 0
      vertex 61.5 156 0
    endloop
  endfacet
  facet normal -0 0 -1
    outer loop
      vertex 61.5 158 0
      vertex 60 156 0
      vertex 60 158 0
    endloop
  endfacet
  facet normal 0 0 -1
    outer loop
      vertex 60 88 0
      vertex 61.5 90 0
      vertex 61.5 88 0
    endloop
  endfacet
  facet normal -0 0 -1
    outer loop
      vertex 61.5 90 0
      vertex 60 88 0
      vertex 60 90 0
    endloop
  endfacet
  facet normal 0 0 -1
    outer loop
      vertex 61.5 86 0
      vertex 65.5 86 0
      vertex 63.9 83 0
    endloop
  endfacet
  facet normal 0 0 -1
    outer loop
      vertex 61.5 86 0
      vertex 63.9 83 0
      vertex 63.1 83 0
    endloop
  endfacet
  facet normal 0 0 -1
    outer loop
      vertex 65.5 86 0
      vertex 61.5 86 0
      vertex 61.5 88 0
    endloop
  endfacet
  facet normal 0 0 -1
    outer loop
      vertex 65.5 86 0
      vertex 61.5 88 0
      vertex 61.5 90 0
    endloop
  endfacet
  facet normal 0 0 -1
    outer loop
      vertex 61.5 156 0
      vertex 65.5 86 0
      vertex 61.5 90 0
    endloop
  endfacet
  facet normal 0 0 -1
    outer loop
      vertex 65.5 86 0
      vertex 61.5 156 0
      vertex 65.5 163 0
    endloop
  endfacet
  facet normal 0 0 -1
    outer loop
      vertex 61.5 158 0
      vertex 65.5 163 0
      vertex 61.5 156 0
    endloop
  endfacet
  facet normal -0 0 -1
    outer loop
      vertex 65.5 163 0
      vertex 61.5 158 0
      vertex 61.5 163 0
    endloop
  endfacet
  facet normal -1 0 0
    outer loop
      vertex 61.5 86 0
      vertex 61.5 88 1
      vertex 61.5 88 0
    endloop
  endfacet
  facet normal -1 -0 0
    outer loop
      vertex 61.5 88 1
      vertex 61.5 86 0
      vertex 61.5 86 1
    endloop
  endfacet
  facet normal -1 0 0
    outer loop
      vertex 61.5 158 0
      vertex 61.5 163 1
      vertex 61.5 163 0
    endloop
  endfacet
  facet normal -1 -0 0
    outer loop
      vertex 61.5 163 1
      vertex 61.5 158 0
      vertex 61.5 158 1
    endloop
  endfacet
  facet normal -1 0 0
    outer loop
      vertex 61.5 90 0
      vertex 61.5 156 1
      vertex 61.5 156 0
    endloop
  endfacet
  facet normal -1 -0 0
    outer loop
      vertex 61.5 156 1
      vertex 61.5 90 0
      vertex 61.5 90 1
    endloop
  endfacet
  facet normal -1 0 0
    outer loop
      vertex 60 88 0
      vertex 60 90 1
      vertex 60 90 0
    endloop
  endfacet
  facet normal -1 -0 0
    outer loop
      vertex 60 90 1
      vertex 60 88 0
      vertex 60 88 1
    endloop
  endfacet
  facet normal -0 0 1
    outer loop
      vertex 60 90 1
      vertex 61.5 88 1
      vertex 61.5 90 1
    endloop
  endfacet
  facet normal 0 0 1
    outer loop
      vertex 61.5 88 1
      vertex 60 90 1
      vertex 60 88 1
    endloop
  endfacet
  facet normal -0 0 1
    outer loop
      vertex 60 158 1
      vertex 61.5 156 1
      vertex 61.5 158 1
    endloop
  endfacet
  facet normal 0 0 1
    outer loop
      vertex 61.5 156 1
      vertex 60 158 1
      vertex 60 156 1
    endloop
  endfacet
  facet normal -0 0 1
    outer loop
      vertex 61.5 156 1
      vertex 65.5 86 1
      vertex 65.5 163 1
    endloop
  endfacet
  facet normal -0 0 1
    outer loop
      vertex 61.5 88 1
      vertex 65.5 86 1
      vertex 61.5 90 1
    endloop
  endfacet
  facet normal 0 0 1
    outer loop
      vertex 61.5 158 1
      vertex 65.5 163 1
      vertex 61.5 163 1
    endloop
  endfacet
  facet normal 0 0 1
    outer loop
      vertex 61.5 156 1
      vertex 65.5 163 1
      vertex 61.5 158 1
    endloop
  endfacet
  facet normal 0 0 1
    outer loop
      vertex 65.5 86 1
      vertex 61.5 156 1
      vertex 61.5 90 1
    endloop
  endfacet
  facet normal 0 0 1
    outer loop
      vertex 61.5 86 1
      vertex 65.5 86 1
      vertex 61.5 88 1
    endloop
  endfacet
  facet normal 0 0 1
    outer loop
      vertex 65.5 86 1
      vertex 61.5 86 1
      vertex 63.9 83 1
    endloop
  endfacet
  facet normal 0 0 1
    outer loop
      vertex 63.9 83 1
      vertex 61.5 86 1
      vertex 63.1 83 1
    endloop
  endfacet
  facet normal 0 1 -0
    outer loop
      vertex 61.5 90 0
      vertex 60 90 1
      vertex 61.5 90 1
    endloop
  endfacet
  facet normal 0 1 0
    outer loop
      vertex 60 90 1
      vertex 61.5 90 0
      vertex 60 90 0
    endloop
  endfacet
  facet normal 0 -1 0
    outer loop
      vertex 60 88 0
      vertex 61.5 88 1
      vertex 60 88 1
    endloop
  endfacet
  facet normal 0 -1 -0
    outer loop
      vertex 61.5 88 1
      vertex 60 88 0
      vertex 61.5 88 0
    endloop
  endfacet
  facet normal -1 0 0
    outer loop
      vertex 60 156 0
      vertex 60 158 1
      vertex 60 158 0
    endloop
  endfacet
  facet normal -1 -0 0
    outer loop
      vertex 60 158 1
      vertex 60 156 0
      vertex 60 156 1
    endloop
  endfacet
  facet normal 0 1 -0
    outer loop
      vertex 61.5 158 0
      vertex 60 158 1
      vertex 61.5 158 1
    endloop
  endfacet
  facet normal 0 1 0
    outer loop
      vertex 60 158 1
      vertex 61.5 158 0
      vertex 60 158 0
    endloop
  endfacet
  facet normal 0 -1 0
    outer loop
      vertex 60 156 0
      vertex 61.5 156 1
      vertex 60 156 1
    endloop
  endfacet
  facet normal 0 -1 -0
    outer loop
      vertex 61.5 156 1
      vertex 60 156 0
      vertex 61.5 156 0
    endloop
  endfacet
  facet normal 1 -0 0
    outer loop
      vertex 65.5 86 1
      vertex 65.5 163 0
      vertex 65.5 163 1
    endloop
  endfacet
  facet normal 1 0 0
    outer loop
      vertex 65.5 163 0
      vertex 65.5 86 1
      vertex 65.5 86 0
    endloop
  endfacet
  facet normal -0.882353 -0.470588 0
    outer loop
      vertex 63.1 83 0
      vertex 61.5 86 1
      vertex 61.5 86 0
    endloop
  endfacet
  facet normal -0.882353 -0.470588 0
    outer loop
      vertex 61.5 86 1
      vertex 63.1 83 0
      vertex 63.1 83 1
    endloop
  endfacet
  facet normal 0.882353 -0.470588 0
    outer loop
      vertex 63.9 83 1
      vertex 65.5 86 0
      vertex 65.5 86 1
    endloop
  endfacet
  facet normal 0.882353 -0.470588 0
    outer loop
      vertex 65.5 86 0
      vertex 63.9 83 1
      vertex 63.9 83 0
    endloop
  endfacet
  facet normal 0 1 -0
    outer loop
      vertex 65.5 163 0
      vertex 61.5 163 1
      vertex 65.5 163 1
    endloop
  endfacet
  facet normal 0 1 0
    outer loop
      vertex 61.5 163 1
      vertex 65.5 163 0
      vertex 61.5 163 0
    endloop
  endfacet
  facet normal 0 -1 0
    outer loop
      vertex 63.1 83 0
      vertex 63.9 83 1
      vertex 63.1 83 1
    endloop
  endfacet
  facet normal 0 -1 -0
    outer loop
      vertex 63.9 83 1
      vertex 63.1 83 0
      vertex 63.9 83 0
    endloop
  endfacet
  facet normal 0 0 -1
    outer loop
      vertex 67.5 156 0
      vertex 69 158 0
      vertex 69 156 0
    endloop
  endfacet
  facet normal -0 0 -1
    outer loop
      vertex 69 158 0
      vertex 67.5 156 0
      vertex 67.5 158 0
    endloop
  endfacet
  facet normal 0 0 -1
    outer loop
      vertex 67.5 88 0
      vertex 69 90 0
      vertex 69 88 0
    endloop
  endfacet
  facet normal -0 0 -1
    outer loop
      vertex 69 90 0
      vertex 67.5 88 0
      vertex 67.5 90 0
    endloop
  endfacet
  facet normal 0 0 -1
    outer loop
      vertex 69 86 0
      vertex 73 86 0
      vertex 71.4 83 0
    endloop
  endfacet
  facet normal 0 0 -1
    outer loop
      vertex 69 86 0
      vertex 71.4 83 0
      vertex 70.6 83 0
    endloop
  endfacet
  facet normal 0 0 -1
    outer loop
      vertex 73 86 0
      vertex 69 86 0
      vertex 69 88 0
    endloop
  endfacet
  facet normal 0 0 -1
    outer loop
      vertex 73 86 0
      vertex 69 88 0
      vertex 69 90 0
    endloop
  endfacet
  facet normal 0 0 -1
    outer loop
      vertex 69 156 0
      vertex 73 86 0
      vertex 69 90 0
    endloop
  endfacet
  facet normal 0 0 -1
    outer loop
      vertex 73 86 0
      vertex 69 156 0
      vertex 73 163 0
    endloop
  endfacet
  facet normal 0 0 -1
    outer loop
      vertex 69 158 0
      vertex 73 163 0
      vertex 69 156 0
    endloop
  endfacet
  facet normal -0 0 -1
    outer loop
      vertex 73 163 0
      vertex 69 158 0
      vertex 69 163 0
    endloop
  endfacet
  facet normal -1 0 0
    outer loop
      vertex 69 86 0
      vertex 69 88 1
      vertex 69 88 0
    endloop
  endfacet
  facet normal -1 -0 0
    outer loop
      vertex 69 88 1
      vertex 69 86 0
      vertex 69 86 1
    endloop
  endfacet
  facet normal -1 0 0
    outer loop
      vertex 69 158 0
      vertex 69 163 1
      vertex 69 163 0
    endloop
  endfacet
  facet normal -1 -0 0
    outer loop
      vertex 69 163 1
      vertex 69 158 0
      vertex 69 158 1
    endloop
  endfacet
  facet normal -1 0 0
    outer loop
      vertex 69 90 0
      vertex 69 156 1
      vertex 69 156 0
    endloop
  endfacet
  facet normal -1 -0 0
    outer loop
      vertex 69 156 1
      vertex 69 90 0
      vertex 69 90 1
    endloop
  endfacet
  facet normal -1 0 0
    outer loop
      vertex 67.5 88 0
      vertex 67.5 90 1
      vertex 67.5 90 0
    endloop
  endfacet
  facet normal -1 -0 0
    outer loop
      vertex 67.5 90 1
      vertex 67.5 88 0
      vertex 67.5 88 1
    endloop
  endfacet
  facet normal -0 0 1
    outer loop
      vertex 67.5 90 1
      vertex 69 88 1
      vertex 69 90 1
    endloop
  endfacet
  facet normal 0 0 1
    outer loop
      vertex 69 88 1
      vertex 67.5 90 1
      vertex 67.5 88 1
    endloop
  endfacet
  facet normal -0 0 1
    outer loop
      vertex 67.5 158 1
      vertex 69 156 1
      vertex 69 158 1
    endloop
  endfacet
  facet normal 0 0 1
    outer loop
      vertex 69 156 1
      vertex 67.5 158 1
      vertex 67.5 156 1
    endloop
  endfacet
  facet normal -0 0 1
    outer loop
      vertex 69 156 1
      vertex 73 86 1
      vertex 73 163 1
    endloop
  endfacet
  facet normal -0 0 1
    outer loop
      vertex 69 88 1
      vertex 73 86 1
      vertex 69 90 1
    endloop
  endfacet
  facet normal 0 0 1
    outer loop
      vertex 69 158 1
      vertex 73 163 1
      vertex 69 163 1
    endloop
  endfacet
  facet normal 0 0 1
    outer loop
      vertex 69 156 1
      vertex 73 163 1
      vertex 69 158 1
    endloop
  endfacet
  facet normal 0 0 1
    outer loop
      vertex 73 86 1
      vertex 69 156 1
      vertex 69 90 1
    endloop
  endfacet
  facet normal 0 0 1
    outer loop
      vertex 69 86 1
      vertex 73 86 1
      vertex 69 88 1
    endloop
  endfacet
  facet normal 0 0 1
    outer loop
      vertex 73 86 1
      vertex 69 86 1
      vertex 71.4 83 1
    endloop
  endfacet
  facet normal 0 0 1
    outer loop
      vertex 71.4 83 1
      vertex 69 86 1
      vertex 70.6 83 1
    endloop
  endfacet
  facet normal 0 1 -0
    outer loop
      vertex 69 90 0
      vertex 67.5 90 1
      vertex 69 90 1
    endloop
  endfacet
  facet normal 0 1 0
    outer loop
      vertex 67.5 90 1
      vertex 69 90 0
      vertex 67.5 90 0
    endloop
  endfacet
  facet normal 0 -1 0
    outer loop
      vertex 67.5 88 0
      vertex 69 88 1
      vertex 67.5 88 1
    endloop
  endfacet
  facet normal 0 -1 -0
    outer loop
      vertex 69 88 1
      vertex 67.5 88 0
      vertex 69 88 0
    endloop
  endfacet
  facet normal -1 0 0
    outer loop
      vertex 67.5 156 0
      vertex 67.5 158 1
      vertex 67.5 158 0
    endloop
  endfacet
  facet normal -1 -0 0
    outer loop
      vertex 67.5 158 1
      vertex 67.5 156 0
      vertex 67.5 156 1
    endloop
  endfacet
  facet normal 0 1 -0
    outer loop
      vertex 69 158 0
      vertex 67.5 158 1
      vertex 69 158 1
    endloop
  endfacet
  facet normal 0 1 0
    outer loop
      vertex 67.5 158 1
      vertex 69 158 0
      vertex 67.5 158 0
    endloop
  endfacet
  facet normal 0 -1 0
    outer loop
      vertex 67.5 156 0
      vertex 69 156 1
      vertex 67.5 156 1
    endloop
  endfacet
  facet normal 0 -1 -0
    outer loop
      vertex 69 156 1
      vertex 67.5 156 0
      vertex 69 156 0
    endloop
  endfacet
  facet normal 1 -0 0
    outer loop
      vertex 73 86 1
      vertex 73 163 0
      vertex 73 163 1
    endloop
  endfacet
  facet normal 1 0 0
    outer loop
      vertex 73 163 0
      vertex 73 86 1
      vertex 73 86 0
    endloop
  endfacet
  facet normal -0.882353 -0.470588 0
    outer loop
      vertex 70.6 83 0
      vertex 69 86 1
      vertex 69 86 0
    endloop
  endfacet
  facet normal -0.882353 -0.470588 0
    outer loop
      vertex 69 86 1
      vertex 70.6 83 0
      vertex 70.6 83 1
    endloop
  endfacet
  facet normal 0.882353 -0.470588 0
    outer loop
      vertex 71.4 83 1
      vertex 73 86 0
      vertex 73 86 1
    endloop
  endfacet
  facet normal 0.882353 -0.470588 0
    outer loop
      vertex 73 86 0
      vertex 71.4 83 1
      vertex 71.4 83 0
    endloop
  endfacet
  facet normal 0 1 -0
    outer loop
      vertex 73 163 0
      vertex 69 163 1
      vertex 73 163 1
    endloop
  endfacet
  facet normal 0 1 0
    outer loop
      vertex 69 163 1
      vertex 73 163 0
      vertex 69 163 0
    endloop
  endfacet
  facet normal 0 -1 0
    outer loop
      vertex 70.6 83 0
      vertex 71.4 83 1
      vertex 70.6 83 1
    endloop
  endfacet
  facet normal 0 -1 -0
    outer loop
      vertex 71.4 83 1
      vertex 70.6 83 0
      vertex 71.4 83 0
    endloop
  endfacet
  facet normal 0 0 -1
    outer loop
      vertex 75 156 0
      vertex 76.5 158 0
      vertex 76.5 156 0
    endloop
  endfacet
  facet normal -0 0 -1
    outer loop
      vertex 76.5 158 0
      vertex 75 156 0
      vertex 75 158 0
    endloop
  endfacet
  facet normal 0 0 -1
    outer loop
      vertex 75 88 0
      vertex 76.5 90 0
      vertex 76.5 88 0
    endloop
  endfacet
  facet normal -0 0 -1
    outer loop
      vertex 76.5 90 0
      vertex 75 88 0
      vertex 75 90 0
    endloop
  endfacet
  facet normal 0 0 -1
    outer loop
      vertex 76.5 86 0
      vertex 80.5 86 0
      vertex 78.9 83 0
    endloop
  endfacet
  facet normal 0 0 -1
    outer loop
      vertex 76.5 86 0
      vertex 78.9 83 0
      vertex 78.1 83 0
    endloop
  endfacet
  facet normal 0 0 -1
    outer loop
      vertex 80.5 86 0
      vertex 76.5 86 0
      vertex 76.5 88 0
    endloop
  endfacet
  facet normal 0 0 -1
    outer loop
      vertex 80.5 86 0
      vertex 76.5 88 0
      vertex 76.5 90 0
    endloop
  endfacet
  facet normal 0 0 -1
    outer loop
      vertex 76.5 156 0
      vertex 80.5 86 0
      vertex 76.5 90 0
    endloop
  endfacet
  facet normal 0 0 -1
    outer loop
      vertex 80.5 86 0
      vertex 76.5 156 0
      vertex 80.5 163 0
    endloop
  endfacet
  facet normal 0 0 -1
    outer loop
      vertex 76.5 158 0
      vertex 80.5 163 0
      vertex 76.5 156 0
    endloop
  endfacet
  facet normal -0 0 -1
    outer loop
      vertex 80.5 163 0
      vertex 76.5 158 0
      vertex 76.5 163 0
    endloop
  endfacet
  facet normal -1 0 0
    outer loop
      vertex 76.5 86 0
      vertex 76.5 88 1
      vertex 76.5 88 0
    endloop
  endfacet
  facet normal -1 -0 0
    outer loop
      vertex 76.5 88 1
      vertex 76.5 86 0
      vertex 76.5 86 1
    endloop
  endfacet
  facet normal -1 0 0
    outer loop
      vertex 76.5 158 0
      vertex 76.5 163 1
      vertex 76.5 163 0
    endloop
  endfacet
  facet normal -1 -0 0
    outer loop
      vertex 76.5 163 1
      vertex 76.5 158 0
      vertex 76.5 158 1
    endloop
  endfacet
  facet normal -1 0 0
    outer loop
      vertex 76.5 90 0
      vertex 76.5 156 1
      vertex 76.5 156 0
    endloop
  endfacet
  facet normal -1 -0 0
    outer loop
      vertex 76.5 156 1
      vertex 76.5 90 0
      vertex 76.5 90 1
    endloop
  endfacet
  facet normal -1 0 0
    outer loop
      vertex 75 88 0
      vertex 75 90 1
      vertex 75 90 0
    endloop
  endfacet
  facet normal -1 -0 0
    outer loop
      vertex 75 90 1
      vertex 75 88 0
      vertex 75 88 1
    endloop
  endfacet
  facet normal -0 0 1
    outer loop
      vertex 75 90 1
      vertex 76.5 88 1
      vertex 76.5 90 1
    endloop
  endfacet
  facet normal 0 0 1
    outer loop
      vertex 76.5 88 1
      vertex 75 90 1
      vertex 75 88 1
    endloop
  endfacet
  facet normal -0 0 1
    outer loop
      vertex 75 158 1
      vertex 76.5 156 1
      vertex 76.5 158 1
    endloop
  endfacet
  facet normal 0 0 1
    outer loop
      vertex 76.5 156 1
      vertex 75 158 1
      vertex 75 156 1
    endloop
  endfacet
  facet normal -0 0 1
    outer loop
      vertex 76.5 156 1
      vertex 80.5 86 1
      vertex 80.5 163 1
    endloop
  endfacet
  facet normal -0 0 1
    outer loop
      vertex 76.5 88 1
      vertex 80.5 86 1
      vertex 76.5 90 1
    endloop
  endfacet
  facet normal 0 0 1
    outer loop
      vertex 76.5 158 1
      vertex 80.5 163 1
      vertex 76.5 163 1
    endloop
  endfacet
  facet normal 0 0 1
    outer loop
      vertex 76.5 156 1
      vertex 80.5 163 1
      vertex 76.5 158 1
    endloop
  endfacet
  facet normal 0 0 1
    outer loop
      vertex 80.5 86 1
      vertex 76.5 156 1
      vertex 76.5 90 1
    endloop
  endfacet
  facet normal 0 0 1
    outer loop
      vertex 76.5 86 1
      vertex 80.5 86 1
      vertex 76.5 88 1
    endloop
  endfacet
  facet normal 0 0 1
    outer loop
      vertex 80.5 86 1
      vertex 76.5 86 1
      vertex 78.9 83 1
    endloop
  endfacet
  facet normal 0 0 1
    outer loop
      vertex 78.9 83 1
      vertex 76.5 86 1
      vertex 78.1 83 1
    endloop
  endfacet
  facet normal 0 1 -0
    outer loop
      vertex 76.5 90 0
      vertex 75 90 1
      vertex 76.5 90 1
    endloop
  endfacet
  facet normal 0 1 0
    outer loop
      vertex 75 90 1
      vertex 76.5 90 0
      vertex 75 90 0
    endloop
  endfacet
  facet normal 0 -1 0
    outer loop
      vertex 75 88 0
      vertex 76.5 88 1
      vertex 75 88 1
    endloop
  endfacet
  facet normal 0 -1 -0
    outer loop
      vertex 76.5 88 1
      vertex 75 88 0
      vertex 76.5 88 0
    endloop
  endfacet
  facet normal -1 0 0
    outer loop
      vertex 75 156 0
      vertex 75 158 1
      vertex 75 158 0
    endloop
  endfacet
  facet normal -1 -0 0
    outer loop
      vertex 75 158 1
      vertex 75 156 0
      vertex 75 156 1
    endloop
  endfacet
  facet normal 0 1 -0
    outer loop
      vertex 76.5 158 0
      vertex 75 158 1
      vertex 76.5 158 1
    endloop
  endfacet
  facet normal 0 1 0
    outer loop
      vertex 75 158 1
      vertex 76.5 158 0
      vertex 75 158 0
    endloop
  endfacet
  facet normal 0 -1 0
    outer loop
      vertex 75 156 0
      vertex 76.5 156 1
      vertex 75 156 1
    endloop
  endfacet
  facet normal 0 -1 -0
    outer loop
      vertex 76.5 156 1
      vertex 75 156 0
      vertex 76.5 156 0
    endloop
  endfacet
  facet normal 1 -0 0
    outer loop
      vertex 80.5 86 1
      vertex 80.5 163 0
      vertex 80.5 163 1
    endloop
  endfacet
  facet normal 1 0 0
    outer loop
      vertex 80.5 163 0
      vertex 80.5 86 1
      vertex 80.5 86 0
    endloop
  endfacet
  facet normal -0.882353 -0.470588 0
    outer loop
      vertex 78.1 83 0
      vertex 76.5 86 1
      vertex 76.5 86 0
    endloop
  endfacet
  facet normal -0.882353 -0.470588 0
    outer loop
      vertex 76.5 86 1
      vertex 78.1 83 0
      vertex 78.1 83 1
    endloop
  endfacet
  facet normal 0.882353 -0.470588 0
    outer loop
      vertex 78.9 83 1
      vertex 80.5 86 0
      vertex 80.5 86 1
    endloop
  endfacet
  facet normal 0.882353 -0.470588 0
    outer loop
      vertex 80.5 86 0
      vertex 78.9 83 1
      vertex 78.9 83 0
    endloop
  endfacet
  facet normal 0 1 -0
    outer loop
      vertex 80.5 163 0
      vertex 76.5 163 1
      vertex 80.5 163 1
    endloop
  endfacet
  facet normal 0 1 0
    outer loop
      vertex 76.5 163 1
      vertex 80.5 163 0
      vertex 76.5 163 0
    endloop
  endfacet
  facet normal 0 -1 0
    outer loop
      vertex 78.1 83 0
      vertex 78.9 83 1
      vertex 78.1 83 1
    endloop
  endfacet
  facet normal 0 -1 -0
    outer loop
      vertex 78.9 83 1
      vertex 78.1 83 0
      vertex 78.9 83 0
    endloop
  endfacet
  facet normal 0 0 -1
    outer loop
      vertex 82.5 156 0
      vertex 84 158 0
      vertex 84 156 0
    endloop
  endfacet
  facet normal -0 0 -1
    outer loop
      vertex 84 158 0
      vertex 82.5 156 0
      vertex 82.5 158 0
    endloop
  endfacet
  facet normal 0 0 -1
    outer loop
      vertex 82.5 88 0
      vertex 84 90 0
      vertex 84 88 0
    endloop
  endfacet
  facet normal -0 0 -1
    outer loop
      vertex 84 90 0
      vertex 82.5 88 0
      vertex 82.5 90 0
    endloop
  endfacet
  facet normal 0 0 -1
    outer loop
      vertex 84 86 0
      vertex 88 86 0
      vertex 86.4 83 0
    endloop
  endfacet
  facet normal 0 0 -1
    outer loop
      vertex 84 86 0
      vertex 86.4 83 0
      vertex 85.6 83 0
    endloop
  endfacet
  facet normal 0 0 -1
    outer loop
      vertex 88 86 0
      vertex 84 86 0
      vertex 84 88 0
    endloop
  endfacet
  facet normal 0 0 -1
    outer loop
      vertex 88 86 0
      vertex 84 88 0
      vertex 84 90 0
    endloop
  endfacet
  facet normal 0 0 -1
    outer loop
      vertex 84 156 0
      vertex 88 86 0
      vertex 84 90 0
    endloop
  endfacet
  facet normal 0 0 -1
    outer loop
      vertex 88 86 0
      vertex 84 156 0
      vertex 88 163 0
    endloop
  endfacet
  facet normal 0 0 -1
    outer loop
      vertex 84 158 0
      vertex 88 163 0
      vertex 84 156 0
    endloop
  endfacet
  facet normal -0 0 -1
    outer loop
      vertex 88 163 0
      vertex 84 158 0
      vertex 84 163 0
    endloop
  endfacet
  facet normal -1 0 0
    outer loop
      vertex 84 86 0
      vertex 84 88 1
      vertex 84 88 0
    endloop
  endfacet
  facet normal -1 -0 0
    outer loop
      vertex 84 88 1
      vertex 84 86 0
      vertex 84 86 1
    endloop
  endfacet
  facet normal -1 0 0
    outer loop
      vertex 84 158 0
      vertex 84 163 1
      vertex 84 163 0
    endloop
  endfacet
  facet normal -1 -0 0
    outer loop
      vertex 84 163 1
      vertex 84 158 0
      vertex 84 158 1
    endloop
  endfacet
  facet normal -1 0 0
    outer loop
      vertex 84 90 0
      vertex 84 156 1
      vertex 84 156 0
    endloop
  endfacet
  facet normal -1 -0 0
    outer loop
      vertex 84 156 1
      vertex 84 90 0
      vertex 84 90 1
    endloop
  endfacet
  facet normal -1 0 0
    outer loop
      vertex 82.5 88 0
      vertex 82.5 90 1
      vertex 82.5 90 0
    endloop
  endfacet
  facet normal -1 -0 0
    outer loop
      vertex 82.5 90 1
      vertex 82.5 88 0
      vertex 82.5 88 1
    endloop
  endfacet
  facet normal -0 0 1
    outer loop
      vertex 82.5 90 1
      vertex 84 88 1
      vertex 84 90 1
    endloop
  endfacet
  facet normal 0 0 1
    outer loop
      vertex 84 88 1
      vertex 82.5 90 1
      vertex 82.5 88 1
    endloop
  endfacet
  facet normal -0 0 1
    outer loop
      vertex 82.5 158 1
      vertex 84 156 1
      vertex 84 158 1
    endloop
  endfacet
  facet normal 0 0 1
    outer loop
      vertex 84 156 1
      vertex 82.5 158 1
      vertex 82.5 156 1
    endloop
  endfacet
  facet normal -0 0 1
    outer loop
      vertex 84 156 1
      vertex 88 86 1
      vertex 88 163 1
    endloop
  endfacet
  facet normal -0 0 1
    outer loop
      vertex 84 88 1
      vertex 88 86 1
      vertex 84 90 1
    endloop
  endfacet
  facet normal 0 0 1
    outer loop
      vertex 84 158 1
      vertex 88 163 1
      vertex 84 163 1
    endloop
  endfacet
  facet normal 0 0 1
    outer loop
      vertex 84 156 1
      vertex 88 163 1
      vertex 84 158 1
    endloop
  endfacet
  facet normal 0 0 1
    outer loop
      vertex 88 86 1
      vertex 84 156 1
      vertex 84 90 1
    endloop
  endfacet
  facet normal 0 0 1
    outer loop
      vertex 84 86 1
      vertex 88 86 1
      vertex 84 88 1
    endloop
  endfacet
  facet normal 0 0 1
    outer loop
      vertex 88 86 1
      vertex 84 86 1
      vertex 86.4 83 1
    endloop
  endfacet
  facet normal 0 0 1
    outer loop
      vertex 86.4 83 1
      vertex 84 86 1
      vertex 85.6 83 1
    endloop
  endfacet
  facet normal 0 1 -0
    outer loop
      vertex 84 90 0
      vertex 82.5 90 1
      vertex 84 90 1
    endloop
  endfacet
  facet normal 0 1 0
    outer loop
      vertex 82.5 90 1
      vertex 84 90 0
      vertex 82.5 90 0
    endloop
  endfacet
  facet normal 0 -1 0
    outer loop
      vertex 82.5 88 0
      vertex 84 88 1
      vertex 82.5 88 1
    endloop
  endfacet
  facet normal 0 -1 -0
    outer loop
      vertex 84 88 1
      vertex 82.5 88 0
      vertex 84 88 0
    endloop
  endfacet
  facet normal -1 0 0
    outer loop
      vertex 82.5 156 0
      vertex 82.5 158 1
      vertex 82.5 158 0
    endloop
  endfacet
  facet normal -1 -0 0
    outer loop
      vertex 82.5 158 1
      vertex 82.5 156 0
      vertex 82.5 156 1
    endloop
  endfacet
  facet normal 0 1 -0
    outer loop
      vertex 84 158 0
      vertex 82.5 158 1
      vertex 84 158 1
    endloop
  endfacet
  facet normal 0 1 0
    outer loop
      vertex 82.5 158 1
      vertex 84 158 0
      vertex 82.5 158 0
    endloop
  endfacet
  facet normal 0 -1 0
    outer loop
      vertex 82.5 156 0
      vertex 84 156 1
      vertex 82.5 156 1
    endloop
  endfacet
  facet normal 0 -1 -0
    outer loop
      vertex 84 156 1
      vertex 82.5 156 0
      vertex 84 156 0
    endloop
  endfacet
  facet normal 1 -0 0
    outer loop
      vertex 88 86 1
      vertex 88 163 0
      vertex 88 163 1
    endloop
  endfacet
  facet normal 1 0 0
    outer loop
      vertex 88 163 0
      vertex 88 86 1
      vertex 88 86 0
    endloop
  endfacet
  facet normal -0.882353 -0.470588 0
    outer loop
      vertex 85.6 83 0
      vertex 84 86 1
      vertex 84 86 0
    endloop
  endfacet
  facet normal -0.882353 -0.470588 0
    outer loop
      vertex 84 86 1
      vertex 85.6 83 0
      vertex 85.6 83 1
    endloop
  endfacet
  facet normal 0.882353 -0.470588 0
    outer loop
      vertex 86.4 83 1
      vertex 88 86 0
      vertex 88 86 1
    endloop
  endfacet
  facet normal 0.882353 -0.470588 0
    outer loop
      vertex 88 86 0
      vertex 86.4 83 1
      vertex 86.4 83 0
    endloop
  endfacet
  facet normal 0 1 -0
    outer loop
      vertex 88 163 0
      vertex 84 163 1
      vertex 88 163 1
    endloop
  endfacet
  facet normal 0 1 0
    outer loop
      vertex 84 163 1
      vertex 88 163 0
      vertex 84 163 0
    endloop
  endfacet
  facet normal 0 -1 0
    outer loop
      vertex 85.6 83 0
      vertex 86.4 83 1
      vertex 85.6 83 1
    endloop
  endfacet
  facet normal 0 -1 -0
    outer loop
      vertex 86.4 83 1
      vertex 85.6 83 0
      vertex 86.4 83 0
    endloop
  endfacet
  facet normal 0 0 -1
    outer loop
      vertex 90 156 0
      vertex 91.5 158 0
      vertex 91.5 156 0
    endloop
  endfacet
  facet normal -0 0 -1
    outer loop
      vertex 91.5 158 0
      vertex 90 156 0
      vertex 90 158 0
    endloop
  endfacet
  facet normal 0 0 -1
    outer loop
      vertex 90 88 0
      vertex 91.5 90 0
      vertex 91.5 88 0
    endloop
  endfacet
  facet normal -0 0 -1
    outer loop
      vertex 91.5 90 0
      vertex 90 88 0
      vertex 90 90 0
    endloop
  endfacet
  facet normal 0 0 -1
    outer loop
      vertex 91.5 86 0
      vertex 95.5 86 0
      vertex 93.9 83 0
    endloop
  endfacet
  facet normal 0 0 -1
    outer loop
      vertex 91.5 86 0
      vertex 93.9 83 0
      vertex 93.1 83 0
    endloop
  endfacet
  facet normal 0 0 -1
    outer loop
      vertex 95.5 86 0
      vertex 91.5 86 0
      vertex 91.5 88 0
    endloop
  endfacet
  facet normal 0 0 -1
    outer loop
      vertex 95.5 86 0
      vertex 91.5 88 0
      vertex 91.5 90 0
    endloop
  endfacet
  facet normal 0 0 -1
    outer loop
      vertex 91.5 156 0
      vertex 95.5 86 0
      vertex 91.5 90 0
    endloop
  endfacet
  facet normal 0 0 -1
    outer loop
      vertex 95.5 86 0
      vertex 91.5 156 0
      vertex 95.5 163 0
    endloop
  endfacet
  facet normal 0 0 -1
    outer loop
      vertex 91.5 158 0
      vertex 95.5 163 0
      vertex 91.5 156 0
    endloop
  endfacet
  facet normal -0 0 -1
    outer loop
      vertex 95.5 163 0
      vertex 91.5 158 0
      vertex 91.5 163 0
    endloop
  endfacet
  facet normal -1 0 0
    outer loop
      vertex 91.5 86 0
      vertex 91.5 88 1
      vertex 91.5 88 0
    endloop
  endfacet
  facet normal -1 -0 0
    outer loop
      vertex 91.5 88 1
      vertex 91.5 86 0
      vertex 91.5 86 1
    endloop
  endfacet
  facet normal -1 0 0
    outer loop
      vertex 91.5 158 0
      vertex 91.5 163 1
      vertex 91.5 163 0
    endloop
  endfacet
  facet normal -1 -0 0
    outer loop
      vertex 91.5 163 1
      vertex 91.5 158 0
      vertex 91.5 158 1
    endloop
  endfacet
  facet normal -1 0 0
    outer loop
      vertex 91.5 90 0
      vertex 91.5 156 1
      vertex 91.5 156 0
    endloop
  endfacet
  facet normal -1 -0 0
    outer loop
      vertex 91.5 156 1
      vertex 91.5 90 0
      vertex 91.5 90 1
    endloop
  endfacet
  facet normal -1 0 0
    outer loop
      vertex 90 88 0
      vertex 90 90 1
      vertex 90 90 0
    endloop
  endfacet
  facet normal -1 -0 0
    outer loop
      vertex 90 90 1
      vertex 90 88 0
      vertex 90 88 1
    endloop
  endfacet
  facet normal -0 0 1
    outer loop
      vertex 90 90 1
      vertex 91.5 88 1
      vertex 91.5 90 1
    endloop
  endfacet
  facet normal 0 0 1
    outer loop
      vertex 91.5 88 1
      vertex 90 90 1
      vertex 90 88 1
    endloop
  endfacet
  facet normal -0 0 1
    outer loop
      vertex 90 158 1
      vertex 91.5 156 1
      vertex 91.5 158 1
    endloop
  endfacet
  facet normal 0 0 1
    outer loop
      vertex 91.5 156 1
      vertex 90 158 1
      vertex 90 156 1
    endloop
  endfacet
  facet normal -0 0 1
    outer loop
      vertex 91.5 156 1
      vertex 95.5 86 1
      vertex 95.5 163 1
    endloop
  endfacet
  facet normal -0 0 1
    outer loop
      vertex 91.5 88 1
      vertex 95.5 86 1
      vertex 91.5 90 1
    endloop
  endfacet
  facet normal 0 0 1
    outer loop
      vertex 91.5 158 1
      vertex 95.5 163 1
      vertex 91.5 163 1
    endloop
  endfacet
  facet normal 0 0 1
    outer loop
      vertex 91.5 156 1
      vertex 95.5 163 1
      vertex 91.5 158 1
    endloop
  endfacet
  facet normal 0 0 1
    outer loop
      vertex 95.5 86 1
      vertex 91.5 156 1
      vertex 91.5 90 1
    endloop
  endfacet
  facet normal 0 0 1
    outer loop
      vertex 91.5 86 1
      vertex 95.5 86 1
      vertex 91.5 88 1
    endloop
  endfacet
  facet normal 0 0 1
    outer loop
      vertex 95.5 86 1
      vertex 91.5 86 1
      vertex 93.9 83 1
    endloop
  endfacet
  facet normal 0 0 1
    outer loop
      vertex 93.9 83 1
      vertex 91.5 86 1
      vertex 93.1 83 1
    endloop
  endfacet
  facet normal 0 1 -0
    outer loop
      vertex 91.5 90 0
      vertex 90 90 1
      vertex 91.5 90 1
    endloop
  endfacet
  facet normal 0 1 0
    outer loop
      vertex 90 90 1
      vertex 91.5 90 0
      vertex 90 90 0
    endloop
  endfacet
  facet normal 0 -1 0
    outer loop
      vertex 90 88 0
      vertex 91.5 88 1
      vertex 90 88 1
    endloop
  endfacet
  facet normal 0 -1 -0
    outer loop
      vertex 91.5 88 1
      vertex 90 88 0
      vertex 91.5 88 0
    endloop
  endfacet
  facet normal -1 0 0
    outer loop
      vertex 90 156 0
      vertex 90 158 1
      vertex 90 158 0
    endloop
  endfacet
  facet normal -1 -0 0
    outer loop
      vertex 90 158 1
      vertex 90 156 0
      vertex 90 156 1
    endloop
  endfacet
  facet normal 0 1 -0
    outer loop
      vertex 91.5 158 0
      vertex 90 158 1
      vertex 91.5 158 1
    endloop
  endfacet
  facet normal 0 1 0
    outer loop
      vertex 90 158 1
      vertex 91.5 158 0
      vertex 90 158 0
    endloop
  endfacet
  facet normal 0 -1 0
    outer loop
      vertex 90 156 0
      vertex 91.5 156 1
      vertex 90 156 1
    endloop
  endfacet
  facet normal 0 -1 -0
    outer loop
      vertex 91.5 156 1
      vertex 90 156 0
      vertex 91.5 156 0
    endloop
  endfacet
  facet normal 1 -0 0
    outer loop
      vertex 95.5 86 1
      vertex 95.5 163 0
      vertex 95.5 163 1
    endloop
  endfacet
  facet normal 1 0 0
    outer loop
      vertex 95.5 163 0
      vertex 95.5 86 1
      vertex 95.5 86 0
    endloop
  endfacet
  facet normal -0.882353 -0.470588 0
    outer loop
      vertex 93.1 83 0
      vertex 91.5 86 1
      vertex 91.5 86 0
    endloop
  endfacet
  facet normal -0.882353 -0.470588 0
    outer loop
      vertex 91.5 86 1
      vertex 93.1 83 0
      vertex 93.1 83 1
    endloop
  endfacet
  facet normal 0.882353 -0.470588 0
    outer loop
      vertex 93.9 83 1
      vertex 95.5 86 0
      vertex 95.5 86 1
    endloop
  endfacet
  facet normal 0.882353 -0.470588 0
    outer loop
      vertex 95.5 86 0
      vertex 93.9 83 1
      vertex 93.9 83 0
    endloop
  endfacet
  facet normal 0 1 -0
    outer loop
      vertex 95.5 163 0
      vertex 91.5 163 1
      vertex 95.5 163 1
    endloop
  endfacet
  facet normal 0 1 0
    outer loop
      vertex 91.5 163 1
      vertex 95.5 163 0
      vertex 91.5 163 0
    endloop
  endfacet
  facet normal 0 -1 0
    outer loop
      vertex 93.1 83 0
      vertex 93.9 83 1
      vertex 93.1 83 1
    endloop
  endfacet
  facet normal 0 -1 -0
    outer loop
      vertex 93.9 83 1
      vertex 93.1 83 0
      vertex 93.9 83 0
    endloop
  endfacet
  facet normal 0 0 -1
    outer loop
      vertex 97.5 156 0
      vertex 99 158 0
      vertex 99 156 0
    endloop
  endfacet
  facet normal -0 0 -1
    outer loop
      vertex 99 158 0
      vertex 97.5 156 0
      vertex 97.5 158 0
    endloop
  endfacet
  facet normal 0 0 -1
    outer loop
      vertex 97.5 88 0
      vertex 99 90 0
      vertex 99 88 0
    endloop
  endfacet
  facet normal -0 0 -1
    outer loop
      vertex 99 90 0
      vertex 97.5 88 0
      vertex 97.5 90 0
    endloop
  endfacet
  facet normal 0 0 -1
    outer loop
      vertex 99 86 0
      vertex 103 86 0
      vertex 101.4 83 0
    endloop
  endfacet
  facet normal 0 0 -1
    outer loop
      vertex 99 86 0
      vertex 101.4 83 0
      vertex 100.6 83 0
    endloop
  endfacet
  facet normal 0 0 -1
    outer loop
      vertex 103 86 0
      vertex 99 86 0
      vertex 99 88 0
    endloop
  endfacet
  facet normal 0 0 -1
    outer loop
      vertex 103 86 0
      vertex 99 88 0
      vertex 99 90 0
    endloop
  endfacet
  facet normal 0 0 -1
    outer loop
      vertex 99 156 0
      vertex 103 86 0
      vertex 99 90 0
    endloop
  endfacet
  facet normal 0 0 -1
    outer loop
      vertex 103 86 0
      vertex 99 156 0
      vertex 103 163 0
    endloop
  endfacet
  facet normal 0 0 -1
    outer loop
      vertex 99 158 0
      vertex 103 163 0
      vertex 99 156 0
    endloop
  endfacet
  facet normal -0 0 -1
    outer loop
      vertex 103 163 0
      vertex 99 158 0
      vertex 99 163 0
    endloop
  endfacet
  facet normal -1 0 0
    outer loop
      vertex 99 86 0
      vertex 99 88 1
      vertex 99 88 0
    endloop
  endfacet
  facet normal -1 -0 0
    outer loop
      vertex 99 88 1
      vertex 99 86 0
      vertex 99 86 1
    endloop
  endfacet
  facet normal -1 0 0
    outer loop
      vertex 99 158 0
      vertex 99 163 1
      vertex 99 163 0
    endloop
  endfacet
  facet normal -1 -0 0
    outer loop
      vertex 99 163 1
      vertex 99 158 0
      vertex 99 158 1
    endloop
  endfacet
  facet normal -1 0 0
    outer loop
      vertex 99 90 0
      vertex 99 156 1
      vertex 99 156 0
    endloop
  endfacet
  facet normal -1 -0 0
    outer loop
      vertex 99 156 1
      vertex 99 90 0
      vertex 99 90 1
    endloop
  endfacet
  facet normal -1 0 0
    outer loop
      vertex 97.5 88 0
      vertex 97.5 90 1
      vertex 97.5 90 0
    endloop
  endfacet
  facet normal -1 -0 0
    outer loop
      vertex 97.5 90 1
      vertex 97.5 88 0
      vertex 97.5 88 1
    endloop
  endfacet
  facet normal -0 0 1
    outer loop
      vertex 97.5 90 1
      vertex 99 88 1
      vertex 99 90 1
    endloop
  endfacet
  facet normal 0 0 1
    outer loop
      vertex 99 88 1
      vertex 97.5 90 1
      vertex 97.5 88 1
    endloop
  endfacet
  facet normal -0 0 1
    outer loop
      vertex 97.5 158 1
      vertex 99 156 1
      vertex 99 158 1
    endloop
  endfacet
  facet normal 0 0 1
    outer loop
      vertex 99 156 1
      vertex 97.5 158 1
      vertex 97.5 156 1
    endloop
  endfacet
  facet normal -0 0 1
    outer loop
      vertex 99 156 1
      vertex 103 86 1
      vertex 103 163 1
    endloop
  endfacet
  facet normal -0 0 1
    outer loop
      vertex 99 88 1
      vertex 103 86 1
      vertex 99 90 1
    endloop
  endfacet
  facet normal 0 0 1
    outer loop
      vertex 99 158 1
      vertex 103 163 1
      vertex 99 163 1
    endloop
  endfacet
  facet normal 0 0 1
    outer loop
      vertex 99 156 1
      vertex 103 163 1
      vertex 99 158 1
    endloop
  endfacet
  facet normal 0 0 1
    outer loop
      vertex 103 86 1
      vertex 99 156 1
      vertex 99 90 1
    endloop
  endfacet
  facet normal 0 0 1
    outer loop
      vertex 99 86 1
      vertex 103 86 1
      vertex 99 88 1
    endloop
  endfacet
  facet normal 0 0 1
    outer loop
      vertex 103 86 1
      vertex 99 86 1
      vertex 101.4 83 1
    endloop
  endfacet
  facet normal 0 0 1
    outer loop
      vertex 101.4 83 1
      vertex 99 86 1
      vertex 100.6 83 1
    endloop
  endfacet
  facet normal 0 1 -0
    outer loop
      vertex 99 90 0
      vertex 97.5 90 1
      vertex 99 90 1
    endloop
  endfacet
  facet normal 0 1 0
    outer loop
      vertex 97.5 90 1
      vertex 99 90 0
      vertex 97.5 90 0
    endloop
  endfacet
  facet normal 0 -1 0
    outer loop
      vertex 97.5 88 0
      vertex 99 88 1
      vertex 97.5 88 1
    endloop
  endfacet
  facet normal 0 -1 -0
    outer loop
      vertex 99 88 1
      vertex 97.5 88 0
      vertex 99 88 0
    endloop
  endfacet
  facet normal -1 0 0
    outer loop
      vertex 97.5 156 0
      vertex 97.5 158 1
      vertex 97.5 158 0
    endloop
  endfacet
  facet normal -1 -0 0
    outer loop
      vertex 97.5 158 1
      vertex 97.5 156 0
      vertex 97.5 156 1
    endloop
  endfacet
  facet normal 0 1 -0
    outer loop
      vertex 99 158 0
      vertex 97.5 158 1
      vertex 99 158 1
    endloop
  endfacet
  facet normal 0 1 0
    outer loop
      vertex 97.5 158 1
      vertex 99 158 0
      vertex 97.5 158 0
    endloop
  endfacet
  facet normal 0 -1 0
    outer loop
      vertex 97.5 156 0
      vertex 99 156 1
      vertex 97.5 156 1
    endloop
  endfacet
  facet normal 0 -1 -0
    outer loop
      vertex 99 156 1
      vertex 97.5 156 0
      vertex 99 156 0
    endloop
  endfacet
  facet normal 1 -0 0
    outer loop
      vertex 103 86 1
      vertex 103 163 0
      vertex 103 163 1
    endloop
  endfacet
  facet normal 1 0 0
    outer loop
      vertex 103 163 0
      vertex 103 86 1
      vertex 103 86 0
    endloop
  endfacet
  facet normal -0.882353 -0.470588 0
    outer loop
      vertex 100.6 83 0
      vertex 99 86 1
      vertex 99 86 0
    endloop
  endfacet
  facet normal -0.882353 -0.470588 0
    outer loop
      vertex 99 86 1
      vertex 100.6 83 0
      vertex 100.6 83 1
    endloop
  endfacet
  facet normal 0.882353 -0.470588 0
    outer loop
      vertex 101.4 83 1
      vertex 103 86 0
      vertex 103 86 1
    endloop
  endfacet
  facet normal 0.882353 -0.470588 0
    outer loop
      vertex 103 86 0
      vertex 101.4 83 1
      vertex 101.4 83 0
    endloop
  endfacet
  facet normal 0 1 -0
    outer loop
      vertex 103 163 0
      vertex 99 163 1
      vertex 103 163 1
    endloop
  endfacet
  facet normal 0 1 0
    outer loop
      vertex 99 163 1
      vertex 103 163 0
      vertex 99 163 0
    endloop
  endfacet
  facet normal 0 -1 0
    outer loop
      vertex 100.6 83 0
      vertex 101.4 83 1
      vertex 100.6 83 1
    endloop
  endfacet
  facet normal 0 -1 -0
    outer loop
      vertex 101.4 83 1
      vertex 100.6 83 0
      vertex 101.4 83 0
    endloop
  endfacet
  facet normal 0 0 -1
    outer loop
      vertex 105 156 0
      vertex 106.5 158 0
      vertex 106.5 156 0
    endloop
  endfacet
  facet normal -0 0 -1
    outer loop
      vertex 106.5 158 0
      vertex 105 156 0
      vertex 105 158 0
    endloop
  endfacet
  facet normal 0 0 -1
    outer loop
      vertex 105 88 0
      vertex 106.5 90 0
      vertex 106.5 88 0
    endloop
  endfacet
  facet normal -0 0 -1
    outer loop
      vertex 106.5 90 0
      vertex 105 88 0
      vertex 105 90 0
    endloop
  endfacet
  facet normal 0 0 -1
    outer loop
      vertex 106.5 86 0
      vertex 110.5 86 0
      vertex 108.9 83 0
    endloop
  endfacet
  facet normal 0 0 -1
    outer loop
      vertex 106.5 86 0
      vertex 108.9 83 0
      vertex 108.1 83 0
    endloop
  endfacet
  facet normal 0 0 -1
    outer loop
      vertex 110.5 86 0
      vertex 106.5 86 0
      vertex 106.5 88 0
    endloop
  endfacet
  facet normal 0 0 -1
    outer loop
      vertex 110.5 86 0
      vertex 106.5 88 0
      vertex 106.5 90 0
    endloop
  endfacet
  facet normal 0 0 -1
    outer loop
      vertex 106.5 156 0
      vertex 110.5 86 0
      vertex 106.5 90 0
    endloop
  endfacet
  facet normal 0 0 -1
    outer loop
      vertex 110.5 86 0
      vertex 106.5 156 0
      vertex 110.5 163 0
    endloop
  endfacet
  facet normal 0 0 -1
    outer loop
      vertex 106.5 158 0
      vertex 110.5 163 0
      vertex 106.5 156 0
    endloop
  endfacet
  facet normal -0 0 -1
    outer loop
      vertex 110.5 163 0
      vertex 106.5 158 0
      vertex 106.5 163 0
    endloop
  endfacet
  facet normal -1 0 0
    outer loop
      vertex 106.5 86 0
      vertex 106.5 88 1
      vertex 106.5 88 0
    endloop
  endfacet
  facet normal -1 -0 0
    outer loop
      vertex 106.5 88 1
      vertex 106.5 86 0
      vertex 106.5 86 1
    endloop
  endfacet
  facet normal -1 0 0
    outer loop
      vertex 106.5 158 0
      vertex 106.5 163 1
      vertex 106.5 163 0
    endloop
  endfacet
  facet normal -1 -0 0
    outer loop
      vertex 106.5 163 1
      vertex 106.5 158 0
      vertex 106.5 158 1
    endloop
  endfacet
  facet normal -1 0 0
    outer loop
      vertex 106.5 90 0
      vertex 106.5 156 1
      vertex 106.5 156 0
    endloop
  endfacet
  facet normal -1 -0 0
    outer loop
      vertex 106.5 156 1
      vertex 106.5 90 0
      vertex 106.5 90 1
    endloop
  endfacet
  facet normal -1 0 0
    outer loop
      vertex 105 88 0
      vertex 105 90 1
      vertex 105 90 0
    endloop
  endfacet
  facet normal -1 -0 0
    outer loop
      vertex 105 90 1
      vertex 105 88 0
      vertex 105 88 1
    endloop
  endfacet
  facet normal -0 0 1
    outer loop
      vertex 105 90 1
      vertex 106.5 88 1
      vertex 106.5 90 1
    endloop
  endfacet
  facet normal 0 0 1
    outer loop
      vertex 106.5 88 1
      vertex 105 90 1
      vertex 105 88 1
    endloop
  endfacet
  facet normal -0 0 1
    outer loop
      vertex 105 158 1
      vertex 106.5 156 1
      vertex 106.5 158 1
    endloop
  endfacet
  facet normal 0 0 1
    outer loop
      vertex 106.5 156 1
      vertex 105 158 1
      vertex 105 156 1
    endloop
  endfacet
  facet normal -0 0 1
    outer loop
      vertex 106.5 156 1
      vertex 110.5 86 1
      vertex 110.5 163 1
    endloop
  endfacet
  facet normal -0 0 1
    outer loop
      vertex 106.5 88 1
      vertex 110.5 86 1
      vertex 106.5 90 1
    endloop
  endfacet
  facet normal 0 0 1
    outer loop
      vertex 106.5 158 1
      vertex 110.5 163 1
      vertex 106.5 163 1
    endloop
  endfacet
  facet normal 0 0 1
    outer loop
      vertex 106.5 156 1
      vertex 110.5 163 1
      vertex 106.5 158 1
    endloop
  endfacet
  facet normal 0 0 1
    outer loop
      vertex 110.5 86 1
      vertex 106.5 156 1
      vertex 106.5 90 1
    endloop
  endfacet
  facet normal 0 0 1
    outer loop
      vertex 106.5 86 1
      vertex 110.5 86 1
      vertex 106.5 88 1
    endloop
  endfacet
  facet normal 0 0 1
    outer loop
      vertex 110.5 86 1
      vertex 106.5 86 1
      vertex 108.9 83 1
    endloop
  endfacet
  facet normal 0 0 1
    outer loop
      vertex 108.9 83 1
      vertex 106.5 86 1
      vertex 108.1 83 1
    endloop
  endfacet
  facet normal 0 1 -0
    outer loop
      vertex 106.5 90 0
      vertex 105 90 1
      vertex 106.5 90 1
    endloop
  endfacet
  facet normal 0 1 0
    outer loop
      vertex 105 90 1
      vertex 106.5 90 0
      vertex 105 90 0
    endloop
  endfacet
  facet normal 0 -1 0
    outer loop
      vertex 105 88 0
      vertex 106.5 88 1
      vertex 105 88 1
    endloop
  endfacet
  facet normal 0 -1 -0
    outer loop
      vertex 106.5 88 1
      vertex 105 88 0
      vertex 106.5 88 0
    endloop
  endfacet
  facet normal -1 0 0
    outer loop
      vertex 105 156 0
      vertex 105 158 1
      vertex 105 158 0
    endloop
  endfacet
  facet normal -1 -0 0
    outer loop
      vertex 105 158 1
      vertex 105 156 0
      vertex 105 156 1
    endloop
  endfacet
  facet normal 0 1 -0
    outer loop
      vertex 106.5 158 0
      vertex 105 158 1
      vertex 106.5 158 1
    endloop
  endfacet
  facet normal 0 1 0
    outer loop
      vertex 105 158 1
      vertex 106.5 158 0
      vertex 105 158 0
    endloop
  endfacet
  facet normal 0 -1 0
    outer loop
      vertex 105 156 0
      vertex 106.5 156 1
      vertex 105 156 1
    endloop
  endfacet
  facet normal 0 -1 -0
    outer loop
      vertex 106.5 156 1
      vertex 105 156 0
      vertex 106.5 156 0
    endloop
  endfacet
  facet normal 1 -0 0
    outer loop
      vertex 110.5 86 1
      vertex 110.5 163 0
      vertex 110.5 163 1
    endloop
  endfacet
  facet normal 1 0 0
    outer loop
      vertex 110.5 163 0
      vertex 110.5 86 1
      vertex 110.5 86 0
    endloop
  endfacet
  facet normal -0.882353 -0.470588 0
    outer loop
      vertex 108.1 83 0
      vertex 106.5 86 1
      vertex 106.5 86 0
    endloop
  endfacet
  facet normal -0.882353 -0.470588 0
    outer loop
      vertex 106.5 86 1
      vertex 108.1 83 0
      vertex 108.1 83 1
    endloop
  endfacet
  facet normal 0.882353 -0.470588 0
    outer loop
      vertex 108.9 83 1
      vertex 110.5 86 0
      vertex 110.5 86 1
    endloop
  endfacet
  facet normal 0.882353 -0.470588 0
    outer loop
      vertex 110.5 86 0
      vertex 108.9 83 1
      vertex 108.9 83 0
    endloop
  endfacet
  facet normal 0 1 -0
    outer loop
      vertex 110.5 163 0
      vertex 106.5 163 1
      vertex 110.5 163 1
    endloop
  endfacet
  facet normal 0 1 0
    outer loop
      vertex 106.5 163 1
      vertex 110.5 163 0
      vertex 106.5 163 0
    endloop
  endfacet
  facet normal 0 -1 0
    outer loop
      vertex 108.1 83 0
      vertex 108.9 83 1
      vertex 108.1 83 1
    endloop
  endfacet
  facet normal 0 -1 -0
    outer loop
      vertex 108.9 83 1
      vertex 108.1 83 0
      vertex 108.9 83 0
    endloop
  endfacet
  facet normal 0 0 -1
    outer loop
      vertex 112.5 156 0
      vertex 114 158 0
      vertex 114 156 0
    endloop
  endfacet
  facet normal -0 0 -1
    outer loop
      vertex 114 158 0
      vertex 112.5 156 0
      vertex 112.5 158 0
    endloop
  endfacet
  facet normal 0 0 -1
    outer loop
      vertex 112.5 88 0
      vertex 114 90 0
      vertex 114 88 0
    endloop
  endfacet
  facet normal -0 0 -1
    outer loop
      vertex 114 90 0
      vertex 112.5 88 0
      vertex 112.5 90 0
    endloop
  endfacet
  facet normal 0 0 -1
    outer loop
      vertex 114 86 0
      vertex 118 86 0
      vertex 116.4 83 0
    endloop
  endfacet
  facet normal 0 0 -1
    outer loop
      vertex 114 86 0
      vertex 116.4 83 0
      vertex 115.6 83 0
    endloop
  endfacet
  facet normal 0 0 -1
    outer loop
      vertex 118 86 0
      vertex 114 86 0
      vertex 114 88 0
    endloop
  endfacet
  facet normal 0 0 -1
    outer loop
      vertex 118 86 0
      vertex 114 88 0
      vertex 114 90 0
    endloop
  endfacet
  facet normal 0 0 -1
    outer loop
      vertex 114 156 0
      vertex 118 86 0
      vertex 114 90 0
    endloop
  endfacet
  facet normal 0 0 -1
    outer loop
      vertex 118 86 0
      vertex 114 156 0
      vertex 118 163 0
    endloop
  endfacet
  facet normal 0 0 -1
    outer loop
      vertex 114 158 0
      vertex 118 163 0
      vertex 114 156 0
    endloop
  endfacet
  facet normal -0 0 -1
    outer loop
      vertex 118 163 0
      vertex 114 158 0
      vertex 114 163 0
    endloop
  endfacet
  facet normal -1 0 0
    outer loop
      vertex 114 86 0
      vertex 114 88 1
      vertex 114 88 0
    endloop
  endfacet
  facet normal -1 -0 0
    outer loop
      vertex 114 88 1
      vertex 114 86 0
      vertex 114 86 1
    endloop
  endfacet
  facet normal -1 0 0
    outer loop
      vertex 114 158 0
      vertex 114 163 1
      vertex 114 163 0
    endloop
  endfacet
  facet normal -1 -0 0
    outer loop
      vertex 114 163 1
      vertex 114 158 0
      vertex 114 158 1
    endloop
  endfacet
  facet normal -1 0 0
    outer loop
      vertex 114 90 0
      vertex 114 156 1
      vertex 114 156 0
    endloop
  endfacet
  facet normal -1 -0 0
    outer loop
      vertex 114 156 1
      vertex 114 90 0
      vertex 114 90 1
    endloop
  endfacet
  facet normal -1 0 0
    outer loop
      vertex 112.5 88 0
      vertex 112.5 90 1
      vertex 112.5 90 0
    endloop
  endfacet
  facet normal -1 -0 0
    outer loop
      vertex 112.5 90 1
      vertex 112.5 88 0
      vertex 112.5 88 1
    endloop
  endfacet
  facet normal -0 0 1
    outer loop
      vertex 112.5 90 1
      vertex 114 88 1
      vertex 114 90 1
    endloop
  endfacet
  facet normal 0 0 1
    outer loop
      vertex 114 88 1
      vertex 112.5 90 1
      vertex 112.5 88 1
    endloop
  endfacet
  facet normal -0 0 1
    outer loop
      vertex 112.5 158 1
      vertex 114 156 1
      vertex 114 158 1
    endloop
  endfacet
  facet normal 0 0 1
    outer loop
      vertex 114 156 1
      vertex 112.5 158 1
      vertex 112.5 156 1
    endloop
  endfacet
  facet normal -0 0 1
    outer loop
      vertex 114 156 1
      vertex 118 86 1
      vertex 118 163 1
    endloop
  endfacet
  facet normal -0 0 1
    outer loop
      vertex 114 88 1
      vertex 118 86 1
      vertex 114 90 1
    endloop
  endfacet
  facet normal 0 0 1
    outer loop
      vertex 114 158 1
      vertex 118 163 1
      vertex 114 163 1
    endloop
  endfacet
  facet normal 0 0 1
    outer loop
      vertex 114 156 1
      vertex 118 163 1
      vertex 114 158 1
    endloop
  endfacet
  facet normal 0 0 1
    outer loop
      vertex 118 86 1
      vertex 114 156 1
      vertex 114 90 1
    endloop
  endfacet
  facet normal 0 0 1
    outer loop
      vertex 114 86 1
      vertex 118 86 1
      vertex 114 88 1
    endloop
  endfacet
  facet normal 0 0 1
    outer loop
      vertex 118 86 1
      vertex 114 86 1
      vertex 116.4 83 1
    endloop
  endfacet
  facet normal 0 0 1
    outer loop
      vertex 116.4 83 1
      vertex 114 86 1
      vertex 115.6 83 1
    endloop
  endfacet
  facet normal 0 1 -0
    outer loop
      vertex 114 90 0
      vertex 112.5 90 1
      vertex 114 90 1
    endloop
  endfacet
  facet normal 0 1 0
    outer loop
      vertex 112.5 90 1
      vertex 114 90 0
      vertex 112.5 90 0
    endloop
  endfacet
  facet normal 0 -1 0
    outer loop
      vertex 112.5 88 0
      vertex 114 88 1
      vertex 112.5 88 1
    endloop
  endfacet
  facet normal 0 -1 -0
    outer loop
      vertex 114 88 1
      vertex 112.5 88 0
      vertex 114 88 0
    endloop
  endfacet
  facet normal -1 0 0
    outer loop
      vertex 112.5 156 0
      vertex 112.5 158 1
      vertex 112.5 158 0
    endloop
  endfacet
  facet normal -1 -0 0
    outer loop
      vertex 112.5 158 1
      vertex 112.5 156 0
      vertex 112.5 156 1
    endloop
  endfacet
  facet normal 0 1 -0
    outer loop
      vertex 114 158 0
      vertex 112.5 158 1
      vertex 114 158 1
    endloop
  endfacet
  facet normal 0 1 0
    outer loop
      vertex 112.5 158 1
      vertex 114 158 0
      vertex 112.5 158 0
    endloop
  endfacet
  facet normal 0 -1 0
    outer loop
      vertex 112.5 156 0
      vertex 114 156 1
      vertex 112.5 156 1
    endloop
  endfacet
  facet normal 0 -1 -0
    outer loop
      vertex 114 156 1
      vertex 112.5 156 0
      vertex 114 156 0
    endloop
  endfacet
  facet normal 1 -0 0
    outer loop
      vertex 118 86 1
      vertex 118 163 0
      vertex 118 163 1
    endloop
  endfacet
  facet normal 1 0 0
    outer loop
      vertex 118 163 0
      vertex 118 86 1
      vertex 118 86 0
    endloop
  endfacet
  facet normal -0.882353 -0.470588 0
    outer loop
      vertex 115.6 83 0
      vertex 114 86 1
      vertex 114 86 0
    endloop
  endfacet
  facet normal -0.882353 -0.470588 0
    outer loop
      vertex 114 86 1
      vertex 115.6 83 0
      vertex 115.6 83 1
    endloop
  endfacet
  facet normal 0.882353 -0.470588 0
    outer loop
      vertex 116.4 83 1
      vertex 118 86 0
      vertex 118 86 1
    endloop
  endfacet
  facet normal 0.882353 -0.470588 0
    outer loop
      vertex 118 86 0
      vertex 116.4 83 1
      vertex 116.4 83 0
    endloop
  endfacet
  facet normal 0 1 -0
    outer loop
      vertex 118 163 0
      vertex 114 163 1
      vertex 118 163 1
    endloop
  endfacet
  facet normal 0 1 0
    outer loop
      vertex 114 163 1
      vertex 118 163 0
      vertex 114 163 0
    endloop
  endfacet
  facet normal 0 -1 0
    outer loop
      vertex 115.6 83 0
      vertex 116.4 83 1
      vertex 115.6 83 1
    endloop
  endfacet
  facet normal 0 -1 -0
    outer loop
      vertex 116.4 83 1
      vertex 115.6 83 0
      vertex 116.4 83 0
    endloop
  endfacet
  facet normal 0 0 -1
    outer loop
      vertex 120 156 0
      vertex 121.5 158 0
      vertex 121.5 156 0
    endloop
  endfacet
  facet normal -0 0 -1
    outer loop
      vertex 121.5 158 0
      vertex 120 156 0
      vertex 120 158 0
    endloop
  endfacet
  facet normal 0 0 -1
    outer loop
      vertex 120 88 0
      vertex 121.5 90 0
      vertex 121.5 88 0
    endloop
  endfacet
  facet normal -0 0 -1
    outer loop
      vertex 121.5 90 0
      vertex 120 88 0
      vertex 120 90 0
    endloop
  endfacet
  facet normal 0 0 -1
    outer loop
      vertex 121.5 86 0
      vertex 125.5 86 0
      vertex 123.9 83 0
    endloop
  endfacet
  facet normal 0 0 -1
    outer loop
      vertex 121.5 86 0
      vertex 123.9 83 0
      vertex 123.1 83 0
    endloop
  endfacet
  facet normal 0 0 -1
    outer loop
      vertex 125.5 86 0
      vertex 121.5 86 0
      vertex 121.5 88 0
    endloop
  endfacet
  facet normal 0 0 -1
    outer loop
      vertex 125.5 86 0
      vertex 121.5 88 0
      vertex 121.5 90 0
    endloop
  endfacet
  facet normal 0 0 -1
    outer loop
      vertex 121.5 156 0
      vertex 125.5 86 0
      vertex 121.5 90 0
    endloop
  endfacet
  facet normal 0 0 -1
    outer loop
      vertex 125.5 86 0
      vertex 121.5 156 0
      vertex 125.5 163 0
    endloop
  endfacet
  facet normal 0 0 -1
    outer loop
      vertex 121.5 158 0
      vertex 125.5 163 0
      vertex 121.5 156 0
    endloop
  endfacet
  facet normal -0 0 -1
    outer loop
      vertex 125.5 163 0
      vertex 121.5 158 0
      vertex 121.5 163 0
    endloop
  endfacet
  facet normal -1 0 0
    outer loop
      vertex 121.5 86 0
      vertex 121.5 88 1
      vertex 121.5 88 0
    endloop
  endfacet
  facet normal -1 -0 0
    outer loop
      vertex 121.5 88 1
      vertex 121.5 86 0
      vertex 121.5 86 1
    endloop
  endfacet
  facet normal -1 0 0
    outer loop
      vertex 121.5 158 0
      vertex 121.5 163 1
      vertex 121.5 163 0
    endloop
  endfacet
  facet normal -1 -0 0
    outer loop
      vertex 121.5 163 1
      vertex 121.5 158 0
      vertex 121.5 158 1
    endloop
  endfacet
  facet normal -1 0 0
    outer loop
      vertex 121.5 90 0
      vertex 121.5 156 1
      vertex 121.5 156 0
    endloop
  endfacet
  facet normal -1 -0 0
    outer loop
      vertex 121.5 156 1
      vertex 121.5 90 0
      vertex 121.5 90 1
    endloop
  endfacet
  facet normal -1 0 0
    outer loop
      vertex 120 88 0
      vertex 120 90 1
      vertex 120 90 0
    endloop
  endfacet
  facet normal -1 -0 0
    outer loop
      vertex 120 90 1
      vertex 120 88 0
      vertex 120 88 1
    endloop
  endfacet
  facet normal -0 0 1
    outer loop
      vertex 120 90 1
      vertex 121.5 88 1
      vertex 121.5 90 1
    endloop
  endfacet
  facet normal 0 0 1
    outer loop
      vertex 121.5 88 1
      vertex 120 90 1
      vertex 120 88 1
    endloop
  endfacet
  facet normal -0 0 1
    outer loop
      vertex 120 158 1
      vertex 121.5 156 1
      vertex 121.5 158 1
    endloop
  endfacet
  facet normal 0 0 1
    outer loop
      vertex 121.5 156 1
      vertex 120 158 1
      vertex 120 156 1
    endloop
  endfacet
  facet normal -0 0 1
    outer loop
      vertex 121.5 156 1
      vertex 125.5 86 1
      vertex 125.5 163 1
    endloop
  endfacet
  facet normal -0 0 1
    outer loop
      vertex 121.5 88 1
      vertex 125.5 86 1
      vertex 121.5 90 1
    endloop
  endfacet
  facet normal 0 0 1
    outer loop
      vertex 121.5 158 1
      vertex 125.5 163 1
      vertex 121.5 163 1
    endloop
  endfacet
  facet normal 0 0 1
    outer loop
      vertex 121.5 156 1
      vertex 125.5 163 1
      vertex 121.5 158 1
    endloop
  endfacet
  facet normal 0 0 1
    outer loop
      vertex 125.5 86 1
      vertex 121.5 156 1
      vertex 121.5 90 1
    endloop
  endfacet
  facet normal 0 0 1
    outer loop
      vertex 121.5 86 1
      vertex 125.5 86 1
      vertex 121.5 88 1
    endloop
  endfacet
  facet normal 0 0 1
    outer loop
      vertex 125.5 86 1
      vertex 121.5 86 1
      vertex 123.9 83 1
    endloop
  endfacet
  facet normal 0 0 1
    outer loop
      vertex 123.9 83 1
      vertex 121.5 86 1
      vertex 123.1 83 1
    endloop
  endfacet
  facet normal 0 1 -0
    outer loop
      vertex 121.5 90 0
      vertex 120 90 1
      vertex 121.5 90 1
    endloop
  endfacet
  facet normal 0 1 0
    outer loop
      vertex 120 90 1
      vertex 121.5 90 0
      vertex 120 90 0
    endloop
  endfacet
  facet normal 0 -1 0
    outer loop
      vertex 120 88 0
      vertex 121.5 88 1
      vertex 120 88 1
    endloop
  endfacet
  facet normal 0 -1 -0
    outer loop
      vertex 121.5 88 1
      vertex 120 88 0
      vertex 121.5 88 0
    endloop
  endfacet
  facet normal -1 0 0
    outer loop
      vertex 120 156 0
      vertex 120 158 1
      vertex 120 158 0
    endloop
  endfacet
  facet normal -1 -0 0
    outer loop
      vertex 120 158 1
      vertex 120 156 0
      vertex 120 156 1
    endloop
  endfacet
  facet normal 0 1 -0
    outer loop
      vertex 121.5 158 0
      vertex 120 158 1
      vertex 121.5 158 1
    endloop
  endfacet
  facet normal 0 1 0
    outer loop
      vertex 120 158 1
      vertex 121.5 158 0
      vertex 120 158 0
    endloop
  endfacet
  facet normal 0 -1 0
    outer loop
      vertex 120 156 0
      vertex 121.5 156 1
      vertex 120 156 1
    endloop
  endfacet
  facet normal 0 -1 -0
    outer loop
      vertex 121.5 156 1
      vertex 120 156 0
      vertex 121.5 156 0
    endloop
  endfacet
  facet normal 1 -0 0
    outer loop
      vertex 125.5 86 1
      vertex 125.5 163 0
      vertex 125.5 163 1
    endloop
  endfacet
  facet normal 1 0 0
    outer loop
      vertex 125.5 163 0
      vertex 125.5 86 1
      vertex 125.5 86 0
    endloop
  endfacet
  facet normal -0.882353 -0.470588 0
    outer loop
      vertex 123.1 83 0
      vertex 121.5 86 1
      vertex 121.5 86 0
    endloop
  endfacet
  facet normal -0.882353 -0.470588 0
    outer loop
      vertex 121.5 86 1
      vertex 123.1 83 0
      vertex 123.1 83 1
    endloop
  endfacet
  facet normal 0.882353 -0.470588 0
    outer loop
      vertex 123.9 83 1
      vertex 125.5 86 0
      vertex 125.5 86 1
    endloop
  endfacet
  facet normal 0.882353 -0.470588 0
    outer loop
      vertex 125.5 86 0
      vertex 123.9 83 1
      vertex 123.9 83 0
    endloop
  endfacet
  facet normal 0 1 -0
    outer loop
      vertex 125.5 163 0
      vertex 121.5 163 1
      vertex 125.5 163 1
    endloop
  endfacet
  facet normal 0 1 0
    outer loop
      vertex 121.5 163 1
      vertex 125.5 163 0
      vertex 121.5 163 0
    endloop
  endfacet
  facet normal 0 -1 0
    outer loop
      vertex 123.1 83 0
      vertex 123.9 83 1
      vertex 123.1 83 1
    endloop
  endfacet
  facet normal 0 -1 -0
    outer loop
      vertex 123.9 83 1
      vertex 123.1 83 0
      vertex 123.9 83 0
    endloop
  endfacet
endsolid OpenSCAD_Model
