solid OpenSCAD_Model
  facet normal 0 0 1
    outer loop
      vertex 6.08939 15.8634 5
      vertex 7.0928 15.4364 5
      vertex 6.91127 15.523 5
    endloop
  endfacet
  facet normal 0 0 1
    outer loop
      vertex 7.0928 15.4364 5
      vertex 6.08939 15.8634 5
      vertex 7.0928 -15.4364 5
    endloop
  endfacet
  facet normal 0 0 1
    outer loop
      vertex 6.08939 -15.8634 5
      vertex 7.0928 -15.4364 5
      vertex 6.08939 15.8634 5
    endloop
  endfacet
  facet normal 0 0 1
    outer loop
      vertex 7.0928 -15.4364 5
      vertex 6.08939 -15.8634 5
      vertex 6.91127 -15.523 5
    endloop
  endfacet
  facet normal 0 0 1
    outer loop
      vertex 5.25082 16.1604 5
      vertex 6.08939 -15.8634 5
      vertex 6.08939 15.8634 5
    endloop
  endfacet
  facet normal 0 0 1
    outer loop
      vertex 5.25082 16.1604 5
      vertex 5.25082 -16.1604 5
      vertex 6.08939 -15.8634 5
    endloop
  endfacet
  facet normal 0 0 1
    outer loop
      vertex 4.39785 16.413 5
      vertex 5.25082 -16.1604 5
      vertex 5.25082 16.1604 5
    endloop
  endfacet
  facet normal 0 0 1
    outer loop
      vertex 4.39785 16.413 5
      vertex 4.39785 -16.413 5
      vertex 5.25082 -16.1604 5
    endloop
  endfacet
  facet normal 0 0 1
    outer loop
      vertex 3.53284 16.6207 5
      vertex 4.39785 -16.413 5
      vertex 4.39785 16.413 5
    endloop
  endfacet
  facet normal 0 0 1
    outer loop
      vertex 3.53284 16.6207 5
      vertex 3.53284 -16.6207 5
      vertex 4.39785 -16.413 5
    endloop
  endfacet
  facet normal 0 0 1
    outer loop
      vertex 2.65813 16.7828 5
      vertex 3.53284 -16.6207 5
      vertex 3.53284 16.6207 5
    endloop
  endfacet
  facet normal 0 0 1
    outer loop
      vertex 2.65813 16.7828 5
      vertex 2.65813 -16.7828 5
      vertex 3.53284 -16.6207 5
    endloop
  endfacet
  facet normal 0 0 1
    outer loop
      vertex 1.77615 16.8989 5
      vertex 2.65813 -16.7828 5
      vertex 2.65813 16.7828 5
    endloop
  endfacet
  facet normal 0 0 1
    outer loop
      vertex 1.77615 16.8989 5
      vertex 1.77615 -16.8989 5
      vertex 2.65813 -16.7828 5
    endloop
  endfacet
  facet normal 0 0 1
    outer loop
      vertex 0.889292 16.9687 5
      vertex 1.77615 -16.8989 5
      vertex 1.77615 16.8989 5
    endloop
  endfacet
  facet normal 0 0 1
    outer loop
      vertex 0.889292 16.9687 5
      vertex 0.889292 -16.9687 5
      vertex 1.77615 -16.8989 5
    endloop
  endfacet
  facet normal 0 0 1
    outer loop
      vertex 0 16.992 5
      vertex 0.889292 -16.9687 5
      vertex 0.889292 16.9687 5
    endloop
  endfacet
  facet normal 0 0 1
    outer loop
      vertex 0 16.992 5
      vertex 0 -16.992 5
      vertex 0.889292 -16.9687 5
    endloop
  endfacet
  facet normal -0 0 1
    outer loop
      vertex -0.889292 16.9687 5
      vertex 0 -16.992 5
      vertex 0 16.992 5
    endloop
  endfacet
  facet normal 0 0 1
    outer loop
      vertex -0.889292 16.9687 5
      vertex -0.889292 -16.9687 5
      vertex 0 -16.992 5
    endloop
  endfacet
  facet normal -0 0 1
    outer loop
      vertex -1.77615 16.8989 5
      vertex -0.889292 -16.9687 5
      vertex -0.889292 16.9687 5
    endloop
  endfacet
  facet normal 0 0 1
    outer loop
      vertex -1.77615 16.8989 5
      vertex -1.77615 -16.8989 5
      vertex -0.889292 -16.9687 5
    endloop
  endfacet
  facet normal -0 0 1
    outer loop
      vertex -2.65813 16.7828 5
      vertex -1.77615 -16.8989 5
      vertex -1.77615 16.8989 5
    endloop
  endfacet
  facet normal 0 0 1
    outer loop
      vertex -2.65813 16.7828 5
      vertex -2.65813 -16.7828 5
      vertex -1.77615 -16.8989 5
    endloop
  endfacet
  facet normal -0 0 1
    outer loop
      vertex -3.53284 16.6207 5
      vertex -2.65813 -16.7828 5
      vertex -2.65813 16.7828 5
    endloop
  endfacet
  facet normal 0 0 1
    outer loop
      vertex -3.53284 16.6207 5
      vertex -3.53284 -16.6207 5
      vertex -2.65813 -16.7828 5
    endloop
  endfacet
  facet normal -0 0 1
    outer loop
      vertex -4.39785 16.413 5
      vertex -3.53284 -16.6207 5
      vertex -3.53284 16.6207 5
    endloop
  endfacet
  facet normal 0 0 1
    outer loop
      vertex -4.39785 16.413 5
      vertex -4.39785 -16.413 5
      vertex -3.53284 -16.6207 5
    endloop
  endfacet
  facet normal -0 0 1
    outer loop
      vertex -5.25082 16.1604 5
      vertex -4.39785 -16.413 5
      vertex -4.39785 16.413 5
    endloop
  endfacet
  facet normal 0 0 1
    outer loop
      vertex -5.25082 16.1604 5
      vertex -5.25082 -16.1604 5
      vertex -4.39785 -16.413 5
    endloop
  endfacet
  facet normal -0 0 1
    outer loop
      vertex -6.08939 15.8634 5
      vertex -5.25082 -16.1604 5
      vertex -5.25082 16.1604 5
    endloop
  endfacet
  facet normal 0 0 1
    outer loop
      vertex -6.08939 15.8634 5
      vertex -6.08939 -15.8634 5
      vertex -5.25082 -16.1604 5
    endloop
  endfacet
  facet normal 0 0 1
    outer loop
      vertex -7.0928 15.4364 5
      vertex -6.08939 15.8634 5
      vertex -6.91127 15.523 5
    endloop
  endfacet
  facet normal 0 0 1
    outer loop
      vertex -6.08939 15.8634 5
      vertex -7.0928 15.4364 5
      vertex -6.08939 -15.8634 5
    endloop
  endfacet
  facet normal -0 0 1
    outer loop
      vertex -7.0928 -15.4364 5
      vertex -6.08939 -15.8634 5
      vertex -7.0928 15.4364 5
    endloop
  endfacet
  facet normal 0 0 1
    outer loop
      vertex -6.08939 -15.8634 5
      vertex -7.0928 -15.4364 5
      vertex -6.91127 -15.523 5
    endloop
  endfacet
  facet normal -0.894427 0 -0.447214
    outer loop
      vertex 4.8852 -16.2687 5.602
      vertex 4.8362 16.2832 5.7
      vertex 4.8852 16.2687 5.602
    endloop
  endfacet
  facet normal -0.894427 -0 -0.447214
    outer loop
      vertex 4.8362 16.2832 5.7
      vertex 4.8852 -16.2687 5.602
      vertex 4.8362 -16.2832 5.7
    endloop
  endfacet
  facet normal 0.894427 0 -0.447214
    outer loop
      vertex -4.8362 16.2832 5.7
      vertex -4.8852 -16.2687 5.602
      vertex -4.8852 16.2687 5.602
    endloop
  endfacet
  facet normal 0.894427 0 -0.447214
    outer loop
      vertex -4.8852 -16.2687 5.602
      vertex -4.8362 16.2832 5.7
      vertex -4.8362 -16.2832 5.7
    endloop
  endfacet
  facet normal -0.182216 0.983259 0
    outer loop
      vertex 3.53284 -16.6207 5
      vertex 2.65813 -16.7828 5.7
      vertex 3.53284 -16.6207 5.7
    endloop
  endfacet
  facet normal -0.182216 0.983259 0
    outer loop
      vertex 2.65813 -16.7828 5.7
      vertex 3.53284 -16.6207 5
      vertex 2.65813 -16.7828 5
    endloop
  endfacet
  facet normal -0.283924 -0.958847 -9.20717e-05
    outer loop
      vertex 4.39785 16.413 5.7
      vertex 4.8852 16.2687 5.602
      vertex 4.8362 16.2832 5.7
    endloop
  endfacet
  facet normal -0.283907 -0.958852 0
    outer loop
      vertex 4.8852 16.2687 5.602
      vertex 4.39785 16.413 5.7
      vertex 4.39785 16.413 5
    endloop
  endfacet
  facet normal -0.283773 -0.958891 -0.00096888
    outer loop
      vertex 4.8852 16.2687 5.602
      vertex 5.25082 16.1604 5.7
      vertex 4.9342 16.2541 5.7
    endloop
  endfacet
  facet normal -0.283952 -0.958838 3.92862e-05
    outer loop
      vertex 5.25082 16.1604 5
      vertex 4.8852 16.2687 5.602
      vertex 4.39785 16.413 5
    endloop
  endfacet
  facet normal -0.284012 -0.958821 0
    outer loop
      vertex 4.8852 16.2687 5.602
      vertex 5.25082 16.1604 5
      vertex 5.25082 16.1604 5.7
    endloop
  endfacet
  facet normal -0.233477 -0.972362 0
    outer loop
      vertex 3.53284 16.6207 5
      vertex 4.39785 16.413 5.7
      vertex 3.53284 16.6207 5.7
    endloop
  endfacet
  facet normal -0.233477 -0.972362 -0
    outer loop
      vertex 4.39785 16.413 5.7
      vertex 3.53284 16.6207 5
      vertex 4.39785 16.413 5
    endloop
  endfacet
  facet normal 0.13051 -0.991447 0
    outer loop
      vertex -2.65813 16.7828 5
      vertex -1.77615 16.8989 5.7
      vertex -2.65813 16.7828 5.7
    endloop
  endfacet
  facet normal 0.13051 -0.991447 0
    outer loop
      vertex -1.77615 16.8989 5.7
      vertex -2.65813 16.7828 5
      vertex -1.77615 16.8989 5
    endloop
  endfacet
  facet normal 0.233477 0.972362 -0
    outer loop
      vertex -3.53284 -16.6207 5
      vertex -4.39785 -16.413 5.7
      vertex -3.53284 -16.6207 5.7
    endloop
  endfacet
  facet normal 0.233477 0.972362 0
    outer loop
      vertex -4.39785 -16.413 5.7
      vertex -3.53284 -16.6207 5
      vertex -4.39785 -16.413 5
    endloop
  endfacet
  facet normal -0.0261916 0.999657 0
    outer loop
      vertex 0.889292 -16.9687 5
      vertex 0 -16.992 5.7
      vertex 0.889292 -16.9687 5.7
    endloop
  endfacet
  facet normal -0.0261916 0.999657 0
    outer loop
      vertex 0 -16.992 5.7
      vertex 0.889292 -16.9687 5
      vertex 0 -16.992 5
    endloop
  endfacet
  facet normal 0.13051 0.991447 -0
    outer loop
      vertex -1.77615 -16.8989 5
      vertex -2.65813 -16.7828 5.7
      vertex -1.77615 -16.8989 5.7
    endloop
  endfacet
  facet normal 0.13051 0.991447 0
    outer loop
      vertex -2.65813 -16.7828 5.7
      vertex -1.77615 -16.8989 5
      vertex -2.65813 -16.7828 5
    endloop
  endfacet
  facet normal 0.233477 -0.972362 0
    outer loop
      vertex -4.39785 16.413 5
      vertex -3.53284 16.6207 5.7
      vertex -4.39785 16.413 5.7
    endloop
  endfacet
  facet normal 0.233477 -0.972362 0
    outer loop
      vertex -3.53284 16.6207 5.7
      vertex -4.39785 16.413 5
      vertex -3.53284 16.6207 5
    endloop
  endfacet
  facet normal 0.182216 -0.983259 0
    outer loop
      vertex -3.53284 16.6207 5
      vertex -2.65813 16.7828 5.7
      vertex -3.53284 16.6207 5.7
    endloop
  endfacet
  facet normal 0.182216 -0.983259 0
    outer loop
      vertex -2.65813 16.7828 5.7
      vertex -3.53284 16.6207 5
      vertex -2.65813 16.7828 5
    endloop
  endfacet
  facet normal -0.0784622 0.996917 0
    outer loop
      vertex 1.77615 -16.8989 5
      vertex 0.889292 -16.9687 5.7
      vertex 1.77615 -16.8989 5.7
    endloop
  endfacet
  facet normal -0.0784622 0.996917 0
    outer loop
      vertex 0.889292 -16.9687 5.7
      vertex 1.77615 -16.8989 5
      vertex 0.889292 -16.9687 5
    endloop
  endfacet
  facet normal -0.0784622 -0.996917 0
    outer loop
      vertex 0.889292 16.9687 5
      vertex 1.77615 16.8989 5.7
      vertex 0.889292 16.9687 5.7
    endloop
  endfacet
  facet normal -0.0784622 -0.996917 -0
    outer loop
      vertex 1.77615 16.8989 5.7
      vertex 0.889292 16.9687 5
      vertex 1.77615 16.8989 5
    endloop
  endfacet
  facet normal 0.283773 -0.958891 -0.00096888
    outer loop
      vertex -5.25082 16.1604 5.7
      vertex -4.8852 16.2687 5.602
      vertex -4.9342 16.2541 5.7
    endloop
  endfacet
  facet normal 0.284012 -0.958821 0
    outer loop
      vertex -4.8852 16.2687 5.602
      vertex -5.25082 16.1604 5.7
      vertex -5.25082 16.1604 5
    endloop
  endfacet
  facet normal 0.283924 -0.958847 -9.20717e-05
    outer loop
      vertex -4.8852 16.2687 5.602
      vertex -4.39785 16.413 5.7
      vertex -4.8362 16.2832 5.7
    endloop
  endfacet
  facet normal 0.283952 -0.958838 3.92862e-05
    outer loop
      vertex -4.39785 16.413 5
      vertex -4.8852 16.2687 5.602
      vertex -5.25082 16.1604 5
    endloop
  endfacet
  facet normal 0.283907 -0.958852 0
    outer loop
      vertex -4.8852 16.2687 5.602
      vertex -4.39785 16.413 5
      vertex -4.39785 16.413 5.7
    endloop
  endfacet
  facet normal -0.13051 0.991447 0
    outer loop
      vertex 2.65813 -16.7828 5
      vertex 1.77615 -16.8989 5.7
      vertex 2.65813 -16.7828 5.7
    endloop
  endfacet
  facet normal -0.13051 0.991447 0
    outer loop
      vertex 1.77615 -16.8989 5.7
      vertex 2.65813 -16.7828 5
      vertex 1.77615 -16.8989 5
    endloop
  endfacet
  facet normal 0.283924 0.958847 -9.20717e-05
    outer loop
      vertex -4.39785 -16.413 5.7
      vertex -4.8852 -16.2687 5.602
      vertex -4.8362 -16.2832 5.7
    endloop
  endfacet
  facet normal 0.283907 0.958852 0
    outer loop
      vertex -4.8852 -16.2687 5.602
      vertex -4.39785 -16.413 5.7
      vertex -4.39785 -16.413 5
    endloop
  endfacet
  facet normal 0.283773 0.958891 -0.00096888
    outer loop
      vertex -4.8852 -16.2687 5.602
      vertex -5.25082 -16.1604 5.7
      vertex -4.9342 -16.2541 5.7
    endloop
  endfacet
  facet normal 0.283952 0.958838 3.92862e-05
    outer loop
      vertex -5.25082 -16.1604 5
      vertex -4.8852 -16.2687 5.602
      vertex -4.39785 -16.413 5
    endloop
  endfacet
  facet normal 0.284012 0.958821 0
    outer loop
      vertex -4.8852 -16.2687 5.602
      vertex -5.25082 -16.1604 5
      vertex -5.25082 -16.1604 5.7
    endloop
  endfacet
  facet normal 0.0784622 0.996917 -0
    outer loop
      vertex -0.889292 -16.9687 5
      vertex -1.77615 -16.8989 5.7
      vertex -0.889292 -16.9687 5.7
    endloop
  endfacet
  facet normal 0.0784622 0.996917 0
    outer loop
      vertex -1.77615 -16.8989 5.7
      vertex -0.889292 -16.9687 5
      vertex -1.77615 -16.8989 5
    endloop
  endfacet
  facet normal -0.182216 -0.983259 0
    outer loop
      vertex 2.65813 16.7828 5
      vertex 3.53284 16.6207 5.7
      vertex 2.65813 16.7828 5.7
    endloop
  endfacet
  facet normal -0.182216 -0.983259 -0
    outer loop
      vertex 3.53284 16.6207 5.7
      vertex 2.65813 16.7828 5
      vertex 3.53284 16.6207 5
    endloop
  endfacet
  facet normal 0.0784622 -0.996917 0
    outer loop
      vertex -1.77615 16.8989 5
      vertex -0.889292 16.9687 5.7
      vertex -1.77615 16.8989 5.7
    endloop
  endfacet
  facet normal 0.0784622 -0.996917 0
    outer loop
      vertex -0.889292 16.9687 5.7
      vertex -1.77615 16.8989 5
      vertex -0.889292 16.9687 5
    endloop
  endfacet
  facet normal 0.0261916 0.999657 -0
    outer loop
      vertex 0 -16.992 5
      vertex -0.889292 -16.9687 5.7
      vertex 0 -16.992 5.7
    endloop
  endfacet
  facet normal 0.0261916 0.999657 0
    outer loop
      vertex -0.889292 -16.9687 5.7
      vertex 0 -16.992 5
      vertex -0.889292 -16.9687 5
    endloop
  endfacet
  facet normal -0.0261916 -0.999657 0
    outer loop
      vertex 0 16.992 5
      vertex 0.889292 16.9687 5.7
      vertex 0 16.992 5.7
    endloop
  endfacet
  facet normal -0.0261916 -0.999657 -0
    outer loop
      vertex 0.889292 16.9687 5.7
      vertex 0 16.992 5
      vertex 0.889292 16.9687 5
    endloop
  endfacet
  facet normal -0.13051 -0.991447 0
    outer loop
      vertex 1.77615 16.8989 5
      vertex 2.65813 16.7828 5.7
      vertex 1.77615 16.8989 5.7
    endloop
  endfacet
  facet normal -0.13051 -0.991447 -0
    outer loop
      vertex 2.65813 16.7828 5.7
      vertex 1.77615 16.8989 5
      vertex 2.65813 16.7828 5
    endloop
  endfacet
  facet normal 0.0261916 -0.999657 0
    outer loop
      vertex -0.889292 16.9687 5
      vertex 0 16.992 5.7
      vertex -0.889292 16.9687 5.7
    endloop
  endfacet
  facet normal 0.0261916 -0.999657 0
    outer loop
      vertex 0 16.992 5.7
      vertex -0.889292 16.9687 5
      vertex 0 16.992 5
    endloop
  endfacet
  facet normal -0.233477 0.972362 0
    outer loop
      vertex 4.39785 -16.413 5
      vertex 3.53284 -16.6207 5.7
      vertex 4.39785 -16.413 5.7
    endloop
  endfacet
  facet normal -0.233477 0.972362 0
    outer loop
      vertex 3.53284 -16.6207 5.7
      vertex 4.39785 -16.413 5
      vertex 3.53284 -16.6207 5
    endloop
  endfacet
  facet normal -0.283773 0.958891 -0.00096888
    outer loop
      vertex 5.25082 -16.1604 5.7
      vertex 4.8852 -16.2687 5.602
      vertex 4.9342 -16.2541 5.7
    endloop
  endfacet
  facet normal -0.284012 0.958821 0
    outer loop
      vertex 4.8852 -16.2687 5.602
      vertex 5.25082 -16.1604 5.7
      vertex 5.25082 -16.1604 5
    endloop
  endfacet
  facet normal -0.283924 0.958847 -9.20717e-05
    outer loop
      vertex 4.8852 -16.2687 5.602
      vertex 4.39785 -16.413 5.7
      vertex 4.8362 -16.2832 5.7
    endloop
  endfacet
  facet normal -0.283952 0.958838 3.92862e-05
    outer loop
      vertex 4.39785 -16.413 5
      vertex 4.8852 -16.2687 5.602
      vertex 5.25082 -16.1604 5
    endloop
  endfacet
  facet normal -0.283907 0.958852 0
    outer loop
      vertex 4.8852 -16.2687 5.602
      vertex 4.39785 -16.413 5
      vertex 4.39785 -16.413 5.7
    endloop
  endfacet
  facet normal 0.182216 0.983259 -0
    outer loop
      vertex -2.65813 -16.7828 5
      vertex -3.53284 -16.6207 5.7
      vertex -2.65813 -16.7828 5.7
    endloop
  endfacet
  facet normal 0.182216 0.983259 0
    outer loop
      vertex -3.53284 -16.6207 5.7
      vertex -2.65813 -16.7828 5
      vertex -3.53284 -16.6207 5
    endloop
  endfacet
  facet normal -0.894427 0 -0.447214
    outer loop
      vertex -4.8852 16.2687 5.602
      vertex -4.9342 -16.2541 5.7
      vertex -4.9342 16.2541 5.7
    endloop
  endfacet
  facet normal -0.894427 0 -0.447214
    outer loop
      vertex -4.9342 -16.2541 5.7
      vertex -4.8852 16.2687 5.602
      vertex -4.8852 -16.2687 5.602
    endloop
  endfacet
  facet normal 0.894427 -3.32437e-14 -0.447214
    outer loop
      vertex -6.7478 15.5907 5.7
      vertex -7.0928 15.4364 5.01
      vertex -6.91127 15.523 5.37306
    endloop
  endfacet
  facet normal 0.894427 0 -0.447214
    outer loop
      vertex -6.7478 15.5907 5.7
      vertex -7.0928 -15.4364 5.01
      vertex -7.0928 15.4364 5.01
    endloop
  endfacet
  facet normal 0.894427 1.09609e-17 -0.447214
    outer loop
      vertex -6.7478 15.5907 5.7
      vertex -6.91127 -15.523 5.37306
      vertex -7.0928 -15.4364 5.01
    endloop
  endfacet
  facet normal 0.894427 0 -0.447214
    outer loop
      vertex -6.91127 -15.523 5.37306
      vertex -6.7478 15.5907 5.7
      vertex -6.7478 -15.5907 5.7
    endloop
  endfacet
  facet normal 1 -0 0
    outer loop
      vertex -7.0928 -15.4364 5.01
      vertex -7.0928 15.4364 5
      vertex -7.0928 15.4364 5.01
    endloop
  endfacet
  facet normal 1 0 0
    outer loop
      vertex -7.0928 15.4364 5
      vertex -7.0928 -15.4364 5.01
      vertex -7.0928 -15.4364 5
    endloop
  endfacet
  facet normal 0.382647 -0.923895 -1.09627e-05
    outer loop
      vertex -6.08939 15.8634 5
      vertex -6.7478 15.5907 5.7
      vertex -6.91127 15.523 5.37306
    endloop
  endfacet
  facet normal 0.382651 -0.923893 0
    outer loop
      vertex -6.08939 15.8634 5
      vertex -6.91127 15.523 5.37306
      vertex -6.91127 15.523 5
    endloop
  endfacet
  facet normal 0.382657 -0.923891 0
    outer loop
      vertex -6.7478 15.5907 5.7
      vertex -6.08939 15.8634 5
      vertex -6.08939 15.8634 5.7
    endloop
  endfacet
  facet normal 0.43057 0.902557 -0
    outer loop
      vertex -6.91127 -15.523 5
      vertex -7.0928 -15.4364 5.01
      vertex -6.91127 -15.523 5.37306
    endloop
  endfacet
  facet normal 0.43057 0.902557 0
    outer loop
      vertex -7.0928 -15.4364 5.01
      vertex -6.91127 -15.523 5
      vertex -7.0928 -15.4364 5
    endloop
  endfacet
  facet normal 0.333854 -0.942625 0
    outer loop
      vertex -6.08939 15.8634 5
      vertex -5.25082 16.1604 5.7
      vertex -6.08939 15.8634 5.7
    endloop
  endfacet
  facet normal 0.333854 -0.942625 0
    outer loop
      vertex -5.25082 16.1604 5.7
      vertex -6.08939 15.8634 5
      vertex -5.25082 16.1604 5
    endloop
  endfacet
  facet normal 0.43057 -0.902557 0
    outer loop
      vertex -6.91127 15.523 5
      vertex -7.0928 15.4364 5.01
      vertex -7.0928 15.4364 5
    endloop
  endfacet
  facet normal 0.43057 -0.902557 0
    outer loop
      vertex -7.0928 15.4364 5.01
      vertex -6.91127 15.523 5
      vertex -6.91127 15.523 5.37306
    endloop
  endfacet
  facet normal 0.333854 0.942625 -0
    outer loop
      vertex -5.25082 -16.1604 5
      vertex -6.08939 -15.8634 5.7
      vertex -5.25082 -16.1604 5.7
    endloop
  endfacet
  facet normal 0.333854 0.942625 0
    outer loop
      vertex -6.08939 -15.8634 5.7
      vertex -5.25082 -16.1604 5
      vertex -6.08939 -15.8634 5
    endloop
  endfacet
  facet normal 0.382657 0.923891 -0
    outer loop
      vertex -6.08939 -15.8634 5
      vertex -6.7478 -15.5907 5.7
      vertex -6.08939 -15.8634 5.7
    endloop
  endfacet
  facet normal 0.382647 0.923895 -1.09627e-05
    outer loop
      vertex -6.7478 -15.5907 5.7
      vertex -6.08939 -15.8634 5
      vertex -6.91127 -15.523 5.37306
    endloop
  endfacet
  facet normal 0.382651 0.923893 0
    outer loop
      vertex -6.91127 -15.523 5.37306
      vertex -6.08939 -15.8634 5
      vertex -6.91127 -15.523 5
    endloop
  endfacet
  facet normal -0.894427 -3.32437e-14 -0.447214
    outer loop
      vertex 7.0928 15.4364 5.01
      vertex 6.7478 15.5907 5.7
      vertex 6.91127 15.523 5.37306
    endloop
  endfacet
  facet normal -0.894427 0 -0.447214
    outer loop
      vertex 7.0928 -15.4364 5.01
      vertex 6.7478 15.5907 5.7
      vertex 7.0928 15.4364 5.01
    endloop
  endfacet
  facet normal -0.894427 1.1509e-17 -0.447214
    outer loop
      vertex 6.91127 -15.523 5.37306
      vertex 6.7478 15.5907 5.7
      vertex 7.0928 -15.4364 5.01
    endloop
  endfacet
  facet normal -0.894427 -0 -0.447214
    outer loop
      vertex 6.7478 15.5907 5.7
      vertex 6.91127 -15.523 5.37306
      vertex 6.7478 -15.5907 5.7
    endloop
  endfacet
  facet normal -1 0 0
    outer loop
      vertex 7.0928 -15.4364 5
      vertex 7.0928 15.4364 5.01
      vertex 7.0928 15.4364 5
    endloop
  endfacet
  facet normal -1 -0 0
    outer loop
      vertex 7.0928 15.4364 5.01
      vertex 7.0928 -15.4364 5
      vertex 7.0928 -15.4364 5.01
    endloop
  endfacet
  facet normal 0.894427 0 -0.447214
    outer loop
      vertex 4.9342 -16.2541 5.7
      vertex 4.8852 16.2687 5.602
      vertex 4.9342 16.2541 5.7
    endloop
  endfacet
  facet normal 0.894427 0 -0.447214
    outer loop
      vertex 4.8852 16.2687 5.602
      vertex 4.9342 -16.2541 5.7
      vertex 4.8852 -16.2687 5.602
    endloop
  endfacet
  facet normal -0.43057 0.902557 0
    outer loop
      vertex 6.91127 -15.523 5
      vertex 7.0928 -15.4364 5.01
      vertex 7.0928 -15.4364 5
    endloop
  endfacet
  facet normal -0.43057 0.902557 0
    outer loop
      vertex 7.0928 -15.4364 5.01
      vertex 6.91127 -15.523 5
      vertex 6.91127 -15.523 5.37306
    endloop
  endfacet
  facet normal -0.333854 0.942625 0
    outer loop
      vertex 6.08939 -15.8634 5
      vertex 5.25082 -16.1604 5.7
      vertex 6.08939 -15.8634 5.7
    endloop
  endfacet
  facet normal -0.333854 0.942625 0
    outer loop
      vertex 5.25082 -16.1604 5.7
      vertex 6.08939 -15.8634 5
      vertex 5.25082 -16.1604 5
    endloop
  endfacet
  facet normal -0.382647 0.923895 -1.09627e-05
    outer loop
      vertex 6.08939 -15.8634 5
      vertex 6.7478 -15.5907 5.7
      vertex 6.91127 -15.523 5.37306
    endloop
  endfacet
  facet normal -0.382651 0.923893 0
    outer loop
      vertex 6.08939 -15.8634 5
      vertex 6.91127 -15.523 5.37306
      vertex 6.91127 -15.523 5
    endloop
  endfacet
  facet normal -0.382657 0.923891 0
    outer loop
      vertex 6.7478 -15.5907 5.7
      vertex 6.08939 -15.8634 5
      vertex 6.08939 -15.8634 5.7
    endloop
  endfacet
  facet normal -0.43057 -0.902557 0
    outer loop
      vertex 6.91127 15.523 5
      vertex 7.0928 15.4364 5.01
      vertex 6.91127 15.523 5.37306
    endloop
  endfacet
  facet normal -0.43057 -0.902557 -0
    outer loop
      vertex 7.0928 15.4364 5.01
      vertex 6.91127 15.523 5
      vertex 7.0928 15.4364 5
    endloop
  endfacet
  facet normal -0.333854 -0.942625 0
    outer loop
      vertex 5.25082 16.1604 5
      vertex 6.08939 15.8634 5.7
      vertex 5.25082 16.1604 5.7
    endloop
  endfacet
  facet normal -0.333854 -0.942625 -0
    outer loop
      vertex 6.08939 15.8634 5.7
      vertex 5.25082 16.1604 5
      vertex 6.08939 15.8634 5
    endloop
  endfacet
  facet normal -0.382657 -0.923891 0
    outer loop
      vertex 6.08939 15.8634 5
      vertex 6.7478 15.5907 5.7
      vertex 6.08939 15.8634 5.7
    endloop
  endfacet
  facet normal -0.382647 -0.923895 -1.09627e-05
    outer loop
      vertex 6.7478 15.5907 5.7
      vertex 6.08939 15.8634 5
      vertex 6.91127 15.523 5.37306
    endloop
  endfacet
  facet normal -0.382651 -0.923893 -0
    outer loop
      vertex 6.91127 15.523 5.37306
      vertex 6.08939 15.8634 5
      vertex 6.91127 15.523 5
    endloop
  endfacet
  facet normal 0.793348 -0.608768 0
    outer loop
      vertex 13.5617 15.8157 6
      vertex 13.8239 16.1574 1.5
      vertex 13.8239 16.1574 6
    endloop
  endfacet
  facet normal 0.793348 -0.608768 0
    outer loop
      vertex 13.8239 16.1574 1.5
      vertex 13.5617 15.8157 6
      vertex 13.5617 15.8157 1.5
    endloop
  endfacet
  facet normal -0.923926 -0.38257 0
    outer loop
      vertex 16.5844 15.4177 1.5
      vertex 16.4196 15.8157 6
      vertex 16.4196 15.8157 1.5
    endloop
  endfacet
  facet normal -0.923926 -0.38257 0
    outer loop
      vertex 16.4196 15.8157 6
      vertex 16.5844 15.4177 1.5
      vertex 16.5844 15.4177 6
    endloop
  endfacet
  facet normal 0.608656 -0.793434 0
    outer loop
      vertex 13.8239 16.1574 1.5
      vertex 14.1657 16.4196 6
      vertex 13.8239 16.1574 6
    endloop
  endfacet
  facet normal 0.608656 -0.793434 0
    outer loop
      vertex 14.1657 16.4196 6
      vertex 13.8239 16.1574 1.5
      vertex 14.1657 16.4196 1.5
    endloop
  endfacet
  facet normal -0.991423 0.130689 0
    outer loop
      vertex 16.5844 14.5636 1.5
      vertex 16.6407 14.9907 6
      vertex 16.6407 14.9907 1.5
    endloop
  endfacet
  facet normal -0.991423 0.130689 0
    outer loop
      vertex 16.6407 14.9907 6
      vertex 16.5844 14.5636 1.5
      vertex 16.5844 14.5636 6
    endloop
  endfacet
  facet normal -0.38257 0.923926 0
    outer loop
      vertex 15.8157 13.5617 1.5
      vertex 15.4177 13.3969 6
      vertex 15.8157 13.5617 6
    endloop
  endfacet
  facet normal -0.38257 0.923926 0
    outer loop
      vertex 15.4177 13.3969 6
      vertex 15.8157 13.5617 1.5
      vertex 15.4177 13.3969 1.5
    endloop
  endfacet
  facet normal 0.382653 0.923892 -0
    outer loop
      vertex 14.5636 13.3969 1.5
      vertex 14.1657 13.5617 6
      vertex 14.5636 13.3969 6
    endloop
  endfacet
  facet normal 0.382653 0.923892 0
    outer loop
      vertex 14.1657 13.5617 6
      vertex 14.5636 13.3969 1.5
      vertex 14.1657 13.5617 1.5
    endloop
  endfacet
  facet normal 0.923926 -0.38257 0
    outer loop
      vertex 13.3969 15.4177 6
      vertex 13.5617 15.8157 1.5
      vertex 13.5617 15.8157 6
    endloop
  endfacet
  facet normal 0.923926 -0.38257 0
    outer loop
      vertex 13.5617 15.8157 1.5
      vertex 13.3969 15.4177 6
      vertex 13.3969 15.4177 1.5
    endloop
  endfacet
  facet normal -0.608768 -0.793348 0
    outer loop
      vertex 15.8157 16.4196 1.5
      vertex 16.1574 16.1574 6
      vertex 15.8157 16.4196 6
    endloop
  endfacet
  facet normal -0.608768 -0.793348 -0
    outer loop
      vertex 16.1574 16.1574 6
      vertex 15.8157 16.4196 1.5
      vertex 16.1574 16.1574 1.5
    endloop
  endfacet
  facet normal -0.991419 -0.130719 0
    outer loop
      vertex 16.6407 14.9907 1.5
      vertex 16.5844 15.4177 6
      vertex 16.5844 15.4177 1.5
    endloop
  endfacet
  facet normal -0.991419 -0.130719 0
    outer loop
      vertex 16.5844 15.4177 6
      vertex 16.6407 14.9907 1.5
      vertex 16.6407 14.9907 6
    endloop
  endfacet
  facet normal -0.793434 0.608656 0
    outer loop
      vertex 16.1574 13.8239 1.5
      vertex 16.4196 14.1657 6
      vertex 16.4196 14.1657 1.5
    endloop
  endfacet
  facet normal -0.793434 0.608656 0
    outer loop
      vertex 16.4196 14.1657 6
      vertex 16.1574 13.8239 1.5
      vertex 16.1574 13.8239 6
    endloop
  endfacet
  facet normal -0.130491 0.99145 0
    outer loop
      vertex 15.4177 13.3969 1.5
      vertex 14.9907 13.3407 6
      vertex 15.4177 13.3969 6
    endloop
  endfacet
  facet normal -0.130491 0.99145 0
    outer loop
      vertex 14.9907 13.3407 6
      vertex 15.4177 13.3969 1.5
      vertex 14.9907 13.3407 1.5
    endloop
  endfacet
  facet normal 0.130689 -0.991423 0
    outer loop
      vertex 14.5636 16.5844 1.5
      vertex 14.9907 16.6407 6
      vertex 14.5636 16.5844 6
    endloop
  endfacet
  facet normal 0.130689 -0.991423 0
    outer loop
      vertex 14.9907 16.6407 6
      vertex 14.5636 16.5844 1.5
      vertex 14.9907 16.6407 1.5
    endloop
  endfacet
  facet normal 0.923892 0.382653 0
    outer loop
      vertex 13.5617 14.1657 6
      vertex 13.3969 14.5636 1.5
      vertex 13.3969 14.5636 6
    endloop
  endfacet
  facet normal 0.923892 0.382653 0
    outer loop
      vertex 13.3969 14.5636 1.5
      vertex 13.5617 14.1657 6
      vertex 13.5617 14.1657 1.5
    endloop
  endfacet
  facet normal 0.991454 0.130461 0
    outer loop
      vertex 13.3969 14.5636 6
      vertex 13.3407 14.9907 1.5
      vertex 13.3407 14.9907 6
    endloop
  endfacet
  facet normal 0.991454 0.130461 0
    outer loop
      vertex 13.3407 14.9907 1.5
      vertex 13.3969 14.5636 6
      vertex 13.3969 14.5636 1.5
    endloop
  endfacet
  facet normal -0.793348 -0.608768 0
    outer loop
      vertex 16.4196 15.8157 1.5
      vertex 16.1574 16.1574 6
      vertex 16.1574 16.1574 1.5
    endloop
  endfacet
  facet normal -0.793348 -0.608768 0
    outer loop
      vertex 16.1574 16.1574 6
      vertex 16.4196 15.8157 1.5
      vertex 16.4196 15.8157 6
    endloop
  endfacet
  facet normal 0.793434 0.608656 0
    outer loop
      vertex 13.8239 13.8239 6
      vertex 13.5617 14.1657 1.5
      vertex 13.5617 14.1657 6
    endloop
  endfacet
  facet normal 0.793434 0.608656 0
    outer loop
      vertex 13.5617 14.1657 1.5
      vertex 13.8239 13.8239 6
      vertex 13.8239 13.8239 1.5
    endloop
  endfacet
  facet normal -0.38257 -0.923926 0
    outer loop
      vertex 15.4177 16.5844 1.5
      vertex 15.8157 16.4196 6
      vertex 15.4177 16.5844 6
    endloop
  endfacet
  facet normal -0.38257 -0.923926 -0
    outer loop
      vertex 15.8157 16.4196 6
      vertex 15.4177 16.5844 1.5
      vertex 15.8157 16.4196 1.5
    endloop
  endfacet
  facet normal -0.923892 0.382653 0
    outer loop
      vertex 16.4196 14.1657 1.5
      vertex 16.5844 14.5636 6
      vertex 16.5844 14.5636 1.5
    endloop
  endfacet
  facet normal -0.923892 0.382653 0
    outer loop
      vertex 16.5844 14.5636 6
      vertex 16.4196 14.1657 1.5
      vertex 16.4196 14.1657 6
    endloop
  endfacet
  facet normal 0.99145 -0.130491 0
    outer loop
      vertex 13.3407 14.9907 6
      vertex 13.3969 15.4177 1.5
      vertex 13.3969 15.4177 6
    endloop
  endfacet
  facet normal 0.99145 -0.130491 0
    outer loop
      vertex 13.3969 15.4177 1.5
      vertex 13.3407 14.9907 6
      vertex 13.3407 14.9907 1.5
    endloop
  endfacet
  facet normal 0.130461 0.991454 -0
    outer loop
      vertex 14.9907 13.3407 1.5
      vertex 14.5636 13.3969 6
      vertex 14.9907 13.3407 6
    endloop
  endfacet
  facet normal 0.130461 0.991454 0
    outer loop
      vertex 14.5636 13.3969 6
      vertex 14.9907 13.3407 1.5
      vertex 14.5636 13.3969 1.5
    endloop
  endfacet
  facet normal 0.382653 -0.923892 0
    outer loop
      vertex 14.1657 16.4196 1.5
      vertex 14.5636 16.5844 6
      vertex 14.1657 16.4196 6
    endloop
  endfacet
  facet normal 0.382653 -0.923892 0
    outer loop
      vertex 14.5636 16.5844 6
      vertex 14.1657 16.4196 1.5
      vertex 14.5636 16.5844 1.5
    endloop
  endfacet
  facet normal -0.608768 0.793348 0
    outer loop
      vertex 16.1574 13.8239 1.5
      vertex 15.8157 13.5617 6
      vertex 16.1574 13.8239 6
    endloop
  endfacet
  facet normal -0.608768 0.793348 0
    outer loop
      vertex 15.8157 13.5617 6
      vertex 16.1574 13.8239 1.5
      vertex 15.8157 13.5617 1.5
    endloop
  endfacet
  facet normal 0 0 1
    outer loop
      vertex 16.5844 15.4177 1.5
      vertex 16.5844 14.5636 1.5
      vertex 16.6407 14.9907 1.5
    endloop
  endfacet
  facet normal 0 0 1
    outer loop
      vertex 16.4196 15.8157 1.5
      vertex 16.5844 14.5636 1.5
      vertex 16.5844 15.4177 1.5
    endloop
  endfacet
  facet normal 0 0 1
    outer loop
      vertex 16.4196 15.8157 1.5
      vertex 16.4196 14.1657 1.5
      vertex 16.5844 14.5636 1.5
    endloop
  endfacet
  facet normal 0 0 1
    outer loop
      vertex 16.1574 16.1574 1.5
      vertex 16.4196 14.1657 1.5
      vertex 16.4196 15.8157 1.5
    endloop
  endfacet
  facet normal 0 0 1
    outer loop
      vertex 16.1574 16.1574 1.5
      vertex 16.1574 13.8239 1.5
      vertex 16.4196 14.1657 1.5
    endloop
  endfacet
  facet normal 0 0 1
    outer loop
      vertex 15.8157 16.4196 1.5
      vertex 16.1574 13.8239 1.5
      vertex 16.1574 16.1574 1.5
    endloop
  endfacet
  facet normal 0 0 1
    outer loop
      vertex 15.8157 16.4196 1.5
      vertex 15.8157 13.5617 1.5
      vertex 16.1574 13.8239 1.5
    endloop
  endfacet
  facet normal 0 0 1
    outer loop
      vertex 15.4177 16.5844 1.5
      vertex 15.8157 13.5617 1.5
      vertex 15.8157 16.4196 1.5
    endloop
  endfacet
  facet normal 0 0 1
    outer loop
      vertex 15.4177 16.5844 1.5
      vertex 15.4177 13.3969 1.5
      vertex 15.8157 13.5617 1.5
    endloop
  endfacet
  facet normal 0 0 1
    outer loop
      vertex 14.9907 16.6407 1.5
      vertex 15.4177 13.3969 1.5
      vertex 15.4177 16.5844 1.5
    endloop
  endfacet
  facet normal 0 0 1
    outer loop
      vertex 14.9907 16.6407 1.5
      vertex 14.9907 13.3407 1.5
      vertex 15.4177 13.3969 1.5
    endloop
  endfacet
  facet normal -0 0 1
    outer loop
      vertex 14.5636 16.5844 1.5
      vertex 14.9907 13.3407 1.5
      vertex 14.9907 16.6407 1.5
    endloop
  endfacet
  facet normal 0 0 1
    outer loop
      vertex 14.5636 16.5844 1.5
      vertex 14.5636 13.3969 1.5
      vertex 14.9907 13.3407 1.5
    endloop
  endfacet
  facet normal -0 0 1
    outer loop
      vertex 14.1657 16.4196 1.5
      vertex 14.5636 13.3969 1.5
      vertex 14.5636 16.5844 1.5
    endloop
  endfacet
  facet normal 0 0 1
    outer loop
      vertex 14.1657 16.4196 1.5
      vertex 14.1657 13.5617 1.5
      vertex 14.5636 13.3969 1.5
    endloop
  endfacet
  facet normal -0 0 1
    outer loop
      vertex 13.8239 16.1574 1.5
      vertex 14.1657 13.5617 1.5
      vertex 14.1657 16.4196 1.5
    endloop
  endfacet
  facet normal 0 0 1
    outer loop
      vertex 13.8239 16.1574 1.5
      vertex 13.8239 13.8239 1.5
      vertex 14.1657 13.5617 1.5
    endloop
  endfacet
  facet normal -0 0 1
    outer loop
      vertex 13.5617 15.8157 1.5
      vertex 13.8239 13.8239 1.5
      vertex 13.8239 16.1574 1.5
    endloop
  endfacet
  facet normal 0 0 1
    outer loop
      vertex 13.5617 15.8157 1.5
      vertex 13.5617 14.1657 1.5
      vertex 13.8239 13.8239 1.5
    endloop
  endfacet
  facet normal -0 0 1
    outer loop
      vertex 13.3969 15.4177 1.5
      vertex 13.5617 14.1657 1.5
      vertex 13.5617 15.8157 1.5
    endloop
  endfacet
  facet normal 0 0 1
    outer loop
      vertex 13.3969 15.4177 1.5
      vertex 13.3969 14.5636 1.5
      vertex 13.5617 14.1657 1.5
    endloop
  endfacet
  facet normal 0 -0 1
    outer loop
      vertex 13.3969 14.5636 1.5
      vertex 13.3969 15.4177 1.5
      vertex 13.3407 14.9907 1.5
    endloop
  endfacet
  facet normal 0.608656 0.793434 -0
    outer loop
      vertex 14.1657 13.5617 1.5
      vertex 13.8239 13.8239 6
      vertex 14.1657 13.5617 6
    endloop
  endfacet
  facet normal 0.608656 0.793434 0
    outer loop
      vertex 13.8239 13.8239 6
      vertex 14.1657 13.5617 1.5
      vertex 13.8239 13.8239 1.5
    endloop
  endfacet
  facet normal -0.130719 -0.991419 0
    outer loop
      vertex 14.9907 16.6407 1.5
      vertex 15.4177 16.5844 6
      vertex 14.9907 16.6407 6
    endloop
  endfacet
  facet normal -0.130719 -0.991419 -0
    outer loop
      vertex 15.4177 16.5844 6
      vertex 14.9907 16.6407 1.5
      vertex 15.4177 16.5844 1.5
    endloop
  endfacet
  facet normal -0.130461 0.991454 0
    outer loop
      vertex -14.5636 13.3969 1.5
      vertex -14.9907 13.3407 6
      vertex -14.5636 13.3969 6
    endloop
  endfacet
  facet normal -0.130461 0.991454 0
    outer loop
      vertex -14.9907 13.3407 6
      vertex -14.5636 13.3969 1.5
      vertex -14.9907 13.3407 1.5
    endloop
  endfacet
  facet normal -0.923926 -0.38257 0
    outer loop
      vertex -13.3969 15.4177 1.5
      vertex -13.5617 15.8157 6
      vertex -13.5617 15.8157 1.5
    endloop
  endfacet
  facet normal -0.923926 -0.38257 0
    outer loop
      vertex -13.5617 15.8157 6
      vertex -13.3969 15.4177 1.5
      vertex -13.3969 15.4177 6
    endloop
  endfacet
  facet normal -0.99145 -0.130491 0
    outer loop
      vertex -13.3407 14.9907 1.5
      vertex -13.3969 15.4177 6
      vertex -13.3969 15.4177 1.5
    endloop
  endfacet
  facet normal -0.99145 -0.130491 0
    outer loop
      vertex -13.3969 15.4177 6
      vertex -13.3407 14.9907 1.5
      vertex -13.3407 14.9907 6
    endloop
  endfacet
  facet normal -0.793348 -0.608768 0
    outer loop
      vertex -13.5617 15.8157 1.5
      vertex -13.8239 16.1574 6
      vertex -13.8239 16.1574 1.5
    endloop
  endfacet
  facet normal -0.793348 -0.608768 0
    outer loop
      vertex -13.8239 16.1574 6
      vertex -13.5617 15.8157 1.5
      vertex -13.5617 15.8157 6
    endloop
  endfacet
  facet normal -0.130689 -0.991423 0
    outer loop
      vertex -14.9907 16.6407 1.5
      vertex -14.5636 16.5844 6
      vertex -14.9907 16.6407 6
    endloop
  endfacet
  facet normal -0.130689 -0.991423 -0
    outer loop
      vertex -14.5636 16.5844 6
      vertex -14.9907 16.6407 1.5
      vertex -14.5636 16.5844 1.5
    endloop
  endfacet
  facet normal 0.608768 -0.793348 0
    outer loop
      vertex -16.1574 16.1574 1.5
      vertex -15.8157 16.4196 6
      vertex -16.1574 16.1574 6
    endloop
  endfacet
  facet normal 0.608768 -0.793348 0
    outer loop
      vertex -15.8157 16.4196 6
      vertex -16.1574 16.1574 1.5
      vertex -15.8157 16.4196 1.5
    endloop
  endfacet
  facet normal -0.608656 -0.793434 0
    outer loop
      vertex -14.1657 16.4196 1.5
      vertex -13.8239 16.1574 6
      vertex -14.1657 16.4196 6
    endloop
  endfacet
  facet normal -0.608656 -0.793434 -0
    outer loop
      vertex -13.8239 16.1574 6
      vertex -14.1657 16.4196 1.5
      vertex -13.8239 16.1574 1.5
    endloop
  endfacet
  facet normal 0.793348 -0.608768 0
    outer loop
      vertex -16.4196 15.8157 6
      vertex -16.1574 16.1574 1.5
      vertex -16.1574 16.1574 6
    endloop
  endfacet
  facet normal 0.793348 -0.608768 0
    outer loop
      vertex -16.1574 16.1574 1.5
      vertex -16.4196 15.8157 6
      vertex -16.4196 15.8157 1.5
    endloop
  endfacet
  facet normal 0.923892 0.382653 0
    outer loop
      vertex -16.4196 14.1657 6
      vertex -16.5844 14.5636 1.5
      vertex -16.5844 14.5636 6
    endloop
  endfacet
  facet normal 0.923892 0.382653 0
    outer loop
      vertex -16.5844 14.5636 1.5
      vertex -16.4196 14.1657 6
      vertex -16.4196 14.1657 1.5
    endloop
  endfacet
  facet normal 0.38257 -0.923926 0
    outer loop
      vertex -15.8157 16.4196 1.5
      vertex -15.4177 16.5844 6
      vertex -15.8157 16.4196 6
    endloop
  endfacet
  facet normal 0.38257 -0.923926 0
    outer loop
      vertex -15.4177 16.5844 6
      vertex -15.8157 16.4196 1.5
      vertex -15.4177 16.5844 1.5
    endloop
  endfacet
  facet normal -0.382653 0.923892 0
    outer loop
      vertex -14.1657 13.5617 1.5
      vertex -14.5636 13.3969 6
      vertex -14.1657 13.5617 6
    endloop
  endfacet
  facet normal -0.382653 0.923892 0
    outer loop
      vertex -14.5636 13.3969 6
      vertex -14.1657 13.5617 1.5
      vertex -14.5636 13.3969 1.5
    endloop
  endfacet
  facet normal 0.608768 0.793348 -0
    outer loop
      vertex -15.8157 13.5617 1.5
      vertex -16.1574 13.8239 6
      vertex -15.8157 13.5617 6
    endloop
  endfacet
  facet normal 0.608768 0.793348 0
    outer loop
      vertex -16.1574 13.8239 6
      vertex -15.8157 13.5617 1.5
      vertex -16.1574 13.8239 1.5
    endloop
  endfacet
  facet normal -0.991454 0.130461 0
    outer loop
      vertex -13.3969 14.5636 1.5
      vertex -13.3407 14.9907 6
      vertex -13.3407 14.9907 1.5
    endloop
  endfacet
  facet normal -0.991454 0.130461 0
    outer loop
      vertex -13.3407 14.9907 6
      vertex -13.3969 14.5636 1.5
      vertex -13.3969 14.5636 6
    endloop
  endfacet
  facet normal -0.793434 0.608656 0
    outer loop
      vertex -13.8239 13.8239 1.5
      vertex -13.5617 14.1657 6
      vertex -13.5617 14.1657 1.5
    endloop
  endfacet
  facet normal -0.793434 0.608656 0
    outer loop
      vertex -13.5617 14.1657 6
      vertex -13.8239 13.8239 1.5
      vertex -13.8239 13.8239 6
    endloop
  endfacet
  facet normal 0.991419 -0.130719 0
    outer loop
      vertex -16.6407 14.9907 6
      vertex -16.5844 15.4177 1.5
      vertex -16.5844 15.4177 6
    endloop
  endfacet
  facet normal 0.991419 -0.130719 0
    outer loop
      vertex -16.5844 15.4177 1.5
      vertex -16.6407 14.9907 6
      vertex -16.6407 14.9907 1.5
    endloop
  endfacet
  facet normal -0.382653 -0.923892 0
    outer loop
      vertex -14.5636 16.5844 1.5
      vertex -14.1657 16.4196 6
      vertex -14.5636 16.5844 6
    endloop
  endfacet
  facet normal -0.382653 -0.923892 -0
    outer loop
      vertex -14.1657 16.4196 6
      vertex -14.5636 16.5844 1.5
      vertex -14.1657 16.4196 1.5
    endloop
  endfacet
  facet normal 0.923926 -0.38257 0
    outer loop
      vertex -16.5844 15.4177 6
      vertex -16.4196 15.8157 1.5
      vertex -16.4196 15.8157 6
    endloop
  endfacet
  facet normal 0.923926 -0.38257 0
    outer loop
      vertex -16.4196 15.8157 1.5
      vertex -16.5844 15.4177 6
      vertex -16.5844 15.4177 1.5
    endloop
  endfacet
  facet normal -0.923892 0.382653 0
    outer loop
      vertex -13.5617 14.1657 1.5
      vertex -13.3969 14.5636 6
      vertex -13.3969 14.5636 1.5
    endloop
  endfacet
  facet normal -0.923892 0.382653 0
    outer loop
      vertex -13.3969 14.5636 6
      vertex -13.5617 14.1657 1.5
      vertex -13.5617 14.1657 6
    endloop
  endfacet
  facet normal 0.38257 0.923926 -0
    outer loop
      vertex -15.4177 13.3969 1.5
      vertex -15.8157 13.5617 6
      vertex -15.4177 13.3969 6
    endloop
  endfacet
  facet normal 0.38257 0.923926 0
    outer loop
      vertex -15.8157 13.5617 6
      vertex -15.4177 13.3969 1.5
      vertex -15.8157 13.5617 1.5
    endloop
  endfacet
  facet normal 0.130491 0.99145 -0
    outer loop
      vertex -14.9907 13.3407 1.5
      vertex -15.4177 13.3969 6
      vertex -14.9907 13.3407 6
    endloop
  endfacet
  facet normal 0.130491 0.99145 0
    outer loop
      vertex -15.4177 13.3969 6
      vertex -14.9907 13.3407 1.5
      vertex -15.4177 13.3969 1.5
    endloop
  endfacet
  facet normal -0.608656 0.793434 0
    outer loop
      vertex -13.8239 13.8239 1.5
      vertex -14.1657 13.5617 6
      vertex -13.8239 13.8239 6
    endloop
  endfacet
  facet normal -0.608656 0.793434 0
    outer loop
      vertex -14.1657 13.5617 6
      vertex -13.8239 13.8239 1.5
      vertex -14.1657 13.5617 1.5
    endloop
  endfacet
  facet normal 0 0 1
    outer loop
      vertex -13.3969 15.4177 1.5
      vertex -13.3969 14.5636 1.5
      vertex -13.3407 14.9907 1.5
    endloop
  endfacet
  facet normal 0 0 1
    outer loop
      vertex -13.5617 15.8157 1.5
      vertex -13.3969 14.5636 1.5
      vertex -13.3969 15.4177 1.5
    endloop
  endfacet
  facet normal 0 0 1
    outer loop
      vertex -13.5617 15.8157 1.5
      vertex -13.5617 14.1657 1.5
      vertex -13.3969 14.5636 1.5
    endloop
  endfacet
  facet normal 0 0 1
    outer loop
      vertex -13.8239 16.1574 1.5
      vertex -13.5617 14.1657 1.5
      vertex -13.5617 15.8157 1.5
    endloop
  endfacet
  facet normal 0 0 1
    outer loop
      vertex -13.8239 16.1574 1.5
      vertex -13.8239 13.8239 1.5
      vertex -13.5617 14.1657 1.5
    endloop
  endfacet
  facet normal 0 0 1
    outer loop
      vertex -14.1657 16.4196 1.5
      vertex -13.8239 13.8239 1.5
      vertex -13.8239 16.1574 1.5
    endloop
  endfacet
  facet normal 0 0 1
    outer loop
      vertex -14.1657 16.4196 1.5
      vertex -14.1657 13.5617 1.5
      vertex -13.8239 13.8239 1.5
    endloop
  endfacet
  facet normal 0 0 1
    outer loop
      vertex -14.5636 16.5844 1.5
      vertex -14.1657 13.5617 1.5
      vertex -14.1657 16.4196 1.5
    endloop
  endfacet
  facet normal 0 0 1
    outer loop
      vertex -14.5636 16.5844 1.5
      vertex -14.5636 13.3969 1.5
      vertex -14.1657 13.5617 1.5
    endloop
  endfacet
  facet normal 0 0 1
    outer loop
      vertex -14.9907 16.6407 1.5
      vertex -14.5636 13.3969 1.5
      vertex -14.5636 16.5844 1.5
    endloop
  endfacet
  facet normal 0 0 1
    outer loop
      vertex -14.9907 16.6407 1.5
      vertex -14.9907 13.3407 1.5
      vertex -14.5636 13.3969 1.5
    endloop
  endfacet
  facet normal -0 0 1
    outer loop
      vertex -15.4177 16.5844 1.5
      vertex -14.9907 13.3407 1.5
      vertex -14.9907 16.6407 1.5
    endloop
  endfacet
  facet normal 0 0 1
    outer loop
      vertex -15.4177 16.5844 1.5
      vertex -15.4177 13.3969 1.5
      vertex -14.9907 13.3407 1.5
    endloop
  endfacet
  facet normal -0 0 1
    outer loop
      vertex -15.8157 16.4196 1.5
      vertex -15.4177 13.3969 1.5
      vertex -15.4177 16.5844 1.5
    endloop
  endfacet
  facet normal 0 0 1
    outer loop
      vertex -15.8157 16.4196 1.5
      vertex -15.8157 13.5617 1.5
      vertex -15.4177 13.3969 1.5
    endloop
  endfacet
  facet normal -0 0 1
    outer loop
      vertex -16.1574 16.1574 1.5
      vertex -15.8157 13.5617 1.5
      vertex -15.8157 16.4196 1.5
    endloop
  endfacet
  facet normal 0 0 1
    outer loop
      vertex -16.1574 16.1574 1.5
      vertex -16.1574 13.8239 1.5
      vertex -15.8157 13.5617 1.5
    endloop
  endfacet
  facet normal -0 0 1
    outer loop
      vertex -16.4196 15.8157 1.5
      vertex -16.1574 13.8239 1.5
      vertex -16.1574 16.1574 1.5
    endloop
  endfacet
  facet normal 0 0 1
    outer loop
      vertex -16.4196 15.8157 1.5
      vertex -16.4196 14.1657 1.5
      vertex -16.1574 13.8239 1.5
    endloop
  endfacet
  facet normal -0 0 1
    outer loop
      vertex -16.5844 15.4177 1.5
      vertex -16.4196 14.1657 1.5
      vertex -16.4196 15.8157 1.5
    endloop
  endfacet
  facet normal 0 0 1
    outer loop
      vertex -16.5844 15.4177 1.5
      vertex -16.5844 14.5636 1.5
      vertex -16.4196 14.1657 1.5
    endloop
  endfacet
  facet normal 0 -0 1
    outer loop
      vertex -16.5844 14.5636 1.5
      vertex -16.5844 15.4177 1.5
      vertex -16.6407 14.9907 1.5
    endloop
  endfacet
  facet normal 0.793434 0.608656 0
    outer loop
      vertex -16.1574 13.8239 6
      vertex -16.4196 14.1657 1.5
      vertex -16.4196 14.1657 6
    endloop
  endfacet
  facet normal 0.793434 0.608656 0
    outer loop
      vertex -16.4196 14.1657 1.5
      vertex -16.1574 13.8239 6
      vertex -16.1574 13.8239 1.5
    endloop
  endfacet
  facet normal 0.991423 0.130689 0
    outer loop
      vertex -16.5844 14.5636 6
      vertex -16.6407 14.9907 1.5
      vertex -16.6407 14.9907 6
    endloop
  endfacet
  facet normal 0.991423 0.130689 0
    outer loop
      vertex -16.6407 14.9907 1.5
      vertex -16.5844 14.5636 6
      vertex -16.5844 14.5636 1.5
    endloop
  endfacet
  facet normal 0.130719 -0.991419 0
    outer loop
      vertex -15.4177 16.5844 1.5
      vertex -14.9907 16.6407 6
      vertex -15.4177 16.5844 6
    endloop
  endfacet
  facet normal 0.130719 -0.991419 0
    outer loop
      vertex -14.9907 16.6407 6
      vertex -15.4177 16.5844 1.5
      vertex -14.9907 16.6407 1.5
    endloop
  endfacet
  facet normal 0.991419 0.130719 0
    outer loop
      vertex -16.5844 -15.4177 6
      vertex -16.6407 -14.9907 1.5
      vertex -16.6407 -14.9907 6
    endloop
  endfacet
  facet normal 0.991419 0.130719 0
    outer loop
      vertex -16.6407 -14.9907 1.5
      vertex -16.5844 -15.4177 6
      vertex -16.5844 -15.4177 1.5
    endloop
  endfacet
  facet normal 0.793348 0.608768 0
    outer loop
      vertex -16.1574 -16.1574 6
      vertex -16.4196 -15.8157 1.5
      vertex -16.4196 -15.8157 6
    endloop
  endfacet
  facet normal 0.793348 0.608768 0
    outer loop
      vertex -16.4196 -15.8157 1.5
      vertex -16.1574 -16.1574 6
      vertex -16.1574 -16.1574 1.5
    endloop
  endfacet
  facet normal -0.991454 -0.130461 0
    outer loop
      vertex -13.3407 -14.9907 1.5
      vertex -13.3969 -14.5636 6
      vertex -13.3969 -14.5636 1.5
    endloop
  endfacet
  facet normal -0.991454 -0.130461 0
    outer loop
      vertex -13.3969 -14.5636 6
      vertex -13.3407 -14.9907 1.5
      vertex -13.3407 -14.9907 6
    endloop
  endfacet
  facet normal 0 0 1
    outer loop
      vertex -13.3969 -14.5636 1.5
      vertex -13.3969 -15.4177 1.5
      vertex -13.3407 -14.9907 1.5
    endloop
  endfacet
  facet normal 0 0 1
    outer loop
      vertex -13.5617 -14.1657 1.5
      vertex -13.3969 -15.4177 1.5
      vertex -13.3969 -14.5636 1.5
    endloop
  endfacet
  facet normal 0 0 1
    outer loop
      vertex -13.5617 -14.1657 1.5
      vertex -13.5617 -15.8157 1.5
      vertex -13.3969 -15.4177 1.5
    endloop
  endfacet
  facet normal 0 0 1
    outer loop
      vertex -13.8239 -13.8239 1.5
      vertex -13.5617 -15.8157 1.5
      vertex -13.5617 -14.1657 1.5
    endloop
  endfacet
  facet normal 0 0 1
    outer loop
      vertex -13.8239 -13.8239 1.5
      vertex -13.8239 -16.1574 1.5
      vertex -13.5617 -15.8157 1.5
    endloop
  endfacet
  facet normal 0 0 1
    outer loop
      vertex -14.1657 -13.5617 1.5
      vertex -13.8239 -16.1574 1.5
      vertex -13.8239 -13.8239 1.5
    endloop
  endfacet
  facet normal 0 0 1
    outer loop
      vertex -14.1657 -13.5617 1.5
      vertex -14.1657 -16.4196 1.5
      vertex -13.8239 -16.1574 1.5
    endloop
  endfacet
  facet normal 0 0 1
    outer loop
      vertex -14.5636 -13.3969 1.5
      vertex -14.1657 -16.4196 1.5
      vertex -14.1657 -13.5617 1.5
    endloop
  endfacet
  facet normal 0 0 1
    outer loop
      vertex -14.5636 -13.3969 1.5
      vertex -14.5636 -16.5844 1.5
      vertex -14.1657 -16.4196 1.5
    endloop
  endfacet
  facet normal 0 0 1
    outer loop
      vertex -14.9907 -13.3407 1.5
      vertex -14.5636 -16.5844 1.5
      vertex -14.5636 -13.3969 1.5
    endloop
  endfacet
  facet normal 0 0 1
    outer loop
      vertex -14.9907 -13.3407 1.5
      vertex -14.9907 -16.6407 1.5
      vertex -14.5636 -16.5844 1.5
    endloop
  endfacet
  facet normal -0 0 1
    outer loop
      vertex -15.4177 -13.3969 1.5
      vertex -14.9907 -16.6407 1.5
      vertex -14.9907 -13.3407 1.5
    endloop
  endfacet
  facet normal 0 0 1
    outer loop
      vertex -15.4177 -13.3969 1.5
      vertex -15.4177 -16.5844 1.5
      vertex -14.9907 -16.6407 1.5
    endloop
  endfacet
  facet normal -0 0 1
    outer loop
      vertex -15.8157 -13.5617 1.5
      vertex -15.4177 -16.5844 1.5
      vertex -15.4177 -13.3969 1.5
    endloop
  endfacet
  facet normal 0 0 1
    outer loop
      vertex -15.8157 -13.5617 1.5
      vertex -15.8157 -16.4196 1.5
      vertex -15.4177 -16.5844 1.5
    endloop
  endfacet
  facet normal -0 0 1
    outer loop
      vertex -16.1574 -13.8239 1.5
      vertex -15.8157 -16.4196 1.5
      vertex -15.8157 -13.5617 1.5
    endloop
  endfacet
  facet normal 0 0 1
    outer loop
      vertex -16.1574 -13.8239 1.5
      vertex -16.1574 -16.1574 1.5
      vertex -15.8157 -16.4196 1.5
    endloop
  endfacet
  facet normal -0 0 1
    outer loop
      vertex -16.4196 -14.1657 1.5
      vertex -16.1574 -16.1574 1.5
      vertex -16.1574 -13.8239 1.5
    endloop
  endfacet
  facet normal 0 0 1
    outer loop
      vertex -16.4196 -14.1657 1.5
      vertex -16.4196 -15.8157 1.5
      vertex -16.1574 -16.1574 1.5
    endloop
  endfacet
  facet normal -0 0 1
    outer loop
      vertex -16.5844 -14.5636 1.5
      vertex -16.4196 -15.8157 1.5
      vertex -16.4196 -14.1657 1.5
    endloop
  endfacet
  facet normal 0 0 1
    outer loop
      vertex -16.5844 -14.5636 1.5
      vertex -16.5844 -15.4177 1.5
      vertex -16.4196 -15.8157 1.5
    endloop
  endfacet
  facet normal 0 -0 1
    outer loop
      vertex -16.5844 -15.4177 1.5
      vertex -16.5844 -14.5636 1.5
      vertex -16.6407 -14.9907 1.5
    endloop
  endfacet
  facet normal 0.923892 -0.382653 0
    outer loop
      vertex -16.5844 -14.5636 6
      vertex -16.4196 -14.1657 1.5
      vertex -16.4196 -14.1657 6
    endloop
  endfacet
  facet normal 0.923892 -0.382653 0
    outer loop
      vertex -16.4196 -14.1657 1.5
      vertex -16.5844 -14.5636 6
      vertex -16.5844 -14.5636 1.5
    endloop
  endfacet
  facet normal 0.130719 0.991419 -0
    outer loop
      vertex -14.9907 -16.6407 1.5
      vertex -15.4177 -16.5844 6
      vertex -14.9907 -16.6407 6
    endloop
  endfacet
  facet normal 0.130719 0.991419 0
    outer loop
      vertex -15.4177 -16.5844 6
      vertex -14.9907 -16.6407 1.5
      vertex -15.4177 -16.5844 1.5
    endloop
  endfacet
  facet normal -0.923892 -0.382653 0
    outer loop
      vertex -13.3969 -14.5636 1.5
      vertex -13.5617 -14.1657 6
      vertex -13.5617 -14.1657 1.5
    endloop
  endfacet
  facet normal -0.923892 -0.382653 0
    outer loop
      vertex -13.5617 -14.1657 6
      vertex -13.3969 -14.5636 1.5
      vertex -13.3969 -14.5636 6
    endloop
  endfacet
  facet normal -0.608656 0.793434 0
    outer loop
      vertex -13.8239 -16.1574 1.5
      vertex -14.1657 -16.4196 6
      vertex -13.8239 -16.1574 6
    endloop
  endfacet
  facet normal -0.608656 0.793434 0
    outer loop
      vertex -14.1657 -16.4196 6
      vertex -13.8239 -16.1574 1.5
      vertex -14.1657 -16.4196 1.5
    endloop
  endfacet
  facet normal -0.608656 -0.793434 0
    outer loop
      vertex -14.1657 -13.5617 1.5
      vertex -13.8239 -13.8239 6
      vertex -14.1657 -13.5617 6
    endloop
  endfacet
  facet normal -0.608656 -0.793434 -0
    outer loop
      vertex -13.8239 -13.8239 6
      vertex -14.1657 -13.5617 1.5
      vertex -13.8239 -13.8239 1.5
    endloop
  endfacet
  facet normal -0.130461 -0.991454 0
    outer loop
      vertex -14.9907 -13.3407 1.5
      vertex -14.5636 -13.3969 6
      vertex -14.9907 -13.3407 6
    endloop
  endfacet
  facet normal -0.130461 -0.991454 -0
    outer loop
      vertex -14.5636 -13.3969 6
      vertex -14.9907 -13.3407 1.5
      vertex -14.5636 -13.3969 1.5
    endloop
  endfacet
  facet normal 0.38257 0.923926 -0
    outer loop
      vertex -15.4177 -16.5844 1.5
      vertex -15.8157 -16.4196 6
      vertex -15.4177 -16.5844 6
    endloop
  endfacet
  facet normal 0.38257 0.923926 0
    outer loop
      vertex -15.8157 -16.4196 6
      vertex -15.4177 -16.5844 1.5
      vertex -15.8157 -16.4196 1.5
    endloop
  endfacet
  facet normal -0.793434 -0.608656 0
    outer loop
      vertex -13.5617 -14.1657 1.5
      vertex -13.8239 -13.8239 6
      vertex -13.8239 -13.8239 1.5
    endloop
  endfacet
  facet normal -0.793434 -0.608656 0
    outer loop
      vertex -13.8239 -13.8239 6
      vertex -13.5617 -14.1657 1.5
      vertex -13.5617 -14.1657 6
    endloop
  endfacet
  facet normal -0.382653 0.923892 0
    outer loop
      vertex -14.1657 -16.4196 1.5
      vertex -14.5636 -16.5844 6
      vertex -14.1657 -16.4196 6
    endloop
  endfacet
  facet normal -0.382653 0.923892 0
    outer loop
      vertex -14.5636 -16.5844 6
      vertex -14.1657 -16.4196 1.5
      vertex -14.5636 -16.5844 1.5
    endloop
  endfacet
  facet normal -0.793348 0.608768 0
    outer loop
      vertex -13.8239 -16.1574 1.5
      vertex -13.5617 -15.8157 6
      vertex -13.5617 -15.8157 1.5
    endloop
  endfacet
  facet normal -0.793348 0.608768 0
    outer loop
      vertex -13.5617 -15.8157 6
      vertex -13.8239 -16.1574 1.5
      vertex -13.8239 -16.1574 6
    endloop
  endfacet
  facet normal 0.130491 -0.99145 0
    outer loop
      vertex -15.4177 -13.3969 1.5
      vertex -14.9907 -13.3407 6
      vertex -15.4177 -13.3969 6
    endloop
  endfacet
  facet normal 0.130491 -0.99145 0
    outer loop
      vertex -14.9907 -13.3407 6
      vertex -15.4177 -13.3969 1.5
      vertex -14.9907 -13.3407 1.5
    endloop
  endfacet
  facet normal 0.793434 -0.608656 0
    outer loop
      vertex -16.4196 -14.1657 6
      vertex -16.1574 -13.8239 1.5
      vertex -16.1574 -13.8239 6
    endloop
  endfacet
  facet normal 0.793434 -0.608656 0
    outer loop
      vertex -16.1574 -13.8239 1.5
      vertex -16.4196 -14.1657 6
      vertex -16.4196 -14.1657 1.5
    endloop
  endfacet
  facet normal 0.608768 0.793348 -0
    outer loop
      vertex -15.8157 -16.4196 1.5
      vertex -16.1574 -16.1574 6
      vertex -15.8157 -16.4196 6
    endloop
  endfacet
  facet normal 0.608768 0.793348 0
    outer loop
      vertex -16.1574 -16.1574 6
      vertex -15.8157 -16.4196 1.5
      vertex -16.1574 -16.1574 1.5
    endloop
  endfacet
  facet normal -0.382653 -0.923892 0
    outer loop
      vertex -14.5636 -13.3969 1.5
      vertex -14.1657 -13.5617 6
      vertex -14.5636 -13.3969 6
    endloop
  endfacet
  facet normal -0.382653 -0.923892 -0
    outer loop
      vertex -14.1657 -13.5617 6
      vertex -14.5636 -13.3969 1.5
      vertex -14.1657 -13.5617 1.5
    endloop
  endfacet
  facet normal 0.38257 -0.923926 0
    outer loop
      vertex -15.8157 -13.5617 1.5
      vertex -15.4177 -13.3969 6
      vertex -15.8157 -13.5617 6
    endloop
  endfacet
  facet normal 0.38257 -0.923926 0
    outer loop
      vertex -15.4177 -13.3969 6
      vertex -15.8157 -13.5617 1.5
      vertex -15.4177 -13.3969 1.5
    endloop
  endfacet
  facet normal 0.991423 -0.130689 0
    outer loop
      vertex -16.6407 -14.9907 6
      vertex -16.5844 -14.5636 1.5
      vertex -16.5844 -14.5636 6
    endloop
  endfacet
  facet normal 0.991423 -0.130689 0
    outer loop
      vertex -16.5844 -14.5636 1.5
      vertex -16.6407 -14.9907 6
      vertex -16.6407 -14.9907 1.5
    endloop
  endfacet
  facet normal -0.130689 0.991423 0
    outer loop
      vertex -14.5636 -16.5844 1.5
      vertex -14.9907 -16.6407 6
      vertex -14.5636 -16.5844 6
    endloop
  endfacet
  facet normal -0.130689 0.991423 0
    outer loop
      vertex -14.9907 -16.6407 6
      vertex -14.5636 -16.5844 1.5
      vertex -14.9907 -16.6407 1.5
    endloop
  endfacet
  facet normal 0.923926 0.38257 0
    outer loop
      vertex -16.4196 -15.8157 6
      vertex -16.5844 -15.4177 1.5
      vertex -16.5844 -15.4177 6
    endloop
  endfacet
  facet normal 0.923926 0.38257 0
    outer loop
      vertex -16.5844 -15.4177 1.5
      vertex -16.4196 -15.8157 6
      vertex -16.4196 -15.8157 1.5
    endloop
  endfacet
  facet normal 0.608768 -0.793348 0
    outer loop
      vertex -16.1574 -13.8239 1.5
      vertex -15.8157 -13.5617 6
      vertex -16.1574 -13.8239 6
    endloop
  endfacet
  facet normal 0.608768 -0.793348 0
    outer loop
      vertex -15.8157 -13.5617 6
      vertex -16.1574 -13.8239 1.5
      vertex -15.8157 -13.5617 1.5
    endloop
  endfacet
  facet normal -0.923926 0.38257 0
    outer loop
      vertex -13.5617 -15.8157 1.5
      vertex -13.3969 -15.4177 6
      vertex -13.3969 -15.4177 1.5
    endloop
  endfacet
  facet normal -0.923926 0.38257 0
    outer loop
      vertex -13.3969 -15.4177 6
      vertex -13.5617 -15.8157 1.5
      vertex -13.5617 -15.8157 6
    endloop
  endfacet
  facet normal -0.99145 0.130491 0
    outer loop
      vertex -13.3969 -15.4177 1.5
      vertex -13.3407 -14.9907 6
      vertex -13.3407 -14.9907 1.5
    endloop
  endfacet
  facet normal -0.99145 0.130491 0
    outer loop
      vertex -13.3407 -14.9907 6
      vertex -13.3969 -15.4177 1.5
      vertex -13.3969 -15.4177 6
    endloop
  endfacet
  facet normal -0.38257 0.923926 0
    outer loop
      vertex 15.8157 -16.4196 1.5
      vertex 15.4177 -16.5844 6
      vertex 15.8157 -16.4196 6
    endloop
  endfacet
  facet normal -0.38257 0.923926 0
    outer loop
      vertex 15.4177 -16.5844 6
      vertex 15.8157 -16.4196 1.5
      vertex 15.4177 -16.5844 1.5
    endloop
  endfacet
  facet normal -0.923892 -0.382653 0
    outer loop
      vertex 16.5844 -14.5636 1.5
      vertex 16.4196 -14.1657 6
      vertex 16.4196 -14.1657 1.5
    endloop
  endfacet
  facet normal -0.923892 -0.382653 0
    outer loop
      vertex 16.4196 -14.1657 6
      vertex 16.5844 -14.5636 1.5
      vertex 16.5844 -14.5636 6
    endloop
  endfacet
  facet normal -0.991423 -0.130689 0
    outer loop
      vertex 16.6407 -14.9907 1.5
      vertex 16.5844 -14.5636 6
      vertex 16.5844 -14.5636 1.5
    endloop
  endfacet
  facet normal -0.991423 -0.130689 0
    outer loop
      vertex 16.5844 -14.5636 6
      vertex 16.6407 -14.9907 1.5
      vertex 16.6407 -14.9907 6
    endloop
  endfacet
  facet normal -0.793434 -0.608656 0
    outer loop
      vertex 16.4196 -14.1657 1.5
      vertex 16.1574 -13.8239 6
      vertex 16.1574 -13.8239 1.5
    endloop
  endfacet
  facet normal -0.793434 -0.608656 0
    outer loop
      vertex 16.1574 -13.8239 6
      vertex 16.4196 -14.1657 1.5
      vertex 16.4196 -14.1657 6
    endloop
  endfacet
  facet normal -0.793348 0.608768 0
    outer loop
      vertex 16.1574 -16.1574 1.5
      vertex 16.4196 -15.8157 6
      vertex 16.4196 -15.8157 1.5
    endloop
  endfacet
  facet normal -0.793348 0.608768 0
    outer loop
      vertex 16.4196 -15.8157 6
      vertex 16.1574 -16.1574 1.5
      vertex 16.1574 -16.1574 6
    endloop
  endfacet
  facet normal -0.130719 0.991419 0
    outer loop
      vertex 15.4177 -16.5844 1.5
      vertex 14.9907 -16.6407 6
      vertex 15.4177 -16.5844 6
    endloop
  endfacet
  facet normal -0.130719 0.991419 0
    outer loop
      vertex 14.9907 -16.6407 6
      vertex 15.4177 -16.5844 1.5
      vertex 14.9907 -16.6407 1.5
    endloop
  endfacet
  facet normal 0.793434 -0.608656 0
    outer loop
      vertex 13.5617 -14.1657 6
      vertex 13.8239 -13.8239 1.5
      vertex 13.8239 -13.8239 6
    endloop
  endfacet
  facet normal 0.793434 -0.608656 0
    outer loop
      vertex 13.8239 -13.8239 1.5
      vertex 13.5617 -14.1657 6
      vertex 13.5617 -14.1657 1.5
    endloop
  endfacet
  facet normal 0.130689 0.991423 -0
    outer loop
      vertex 14.9907 -16.6407 1.5
      vertex 14.5636 -16.5844 6
      vertex 14.9907 -16.6407 6
    endloop
  endfacet
  facet normal 0.130689 0.991423 0
    outer loop
      vertex 14.5636 -16.5844 6
      vertex 14.9907 -16.6407 1.5
      vertex 14.5636 -16.5844 1.5
    endloop
  endfacet
  facet normal -0.923926 0.38257 0
    outer loop
      vertex 16.4196 -15.8157 1.5
      vertex 16.5844 -15.4177 6
      vertex 16.5844 -15.4177 1.5
    endloop
  endfacet
  facet normal -0.923926 0.38257 0
    outer loop
      vertex 16.5844 -15.4177 6
      vertex 16.4196 -15.8157 1.5
      vertex 16.4196 -15.8157 6
    endloop
  endfacet
  facet normal 0.923926 0.38257 0
    outer loop
      vertex 13.5617 -15.8157 6
      vertex 13.3969 -15.4177 1.5
      vertex 13.3969 -15.4177 6
    endloop
  endfacet
  facet normal 0.923926 0.38257 0
    outer loop
      vertex 13.3969 -15.4177 1.5
      vertex 13.5617 -15.8157 6
      vertex 13.5617 -15.8157 1.5
    endloop
  endfacet
  facet normal 0.608656 -0.793434 0
    outer loop
      vertex 13.8239 -13.8239 1.5
      vertex 14.1657 -13.5617 6
      vertex 13.8239 -13.8239 6
    endloop
  endfacet
  facet normal 0.608656 -0.793434 0
    outer loop
      vertex 14.1657 -13.5617 6
      vertex 13.8239 -13.8239 1.5
      vertex 14.1657 -13.5617 1.5
    endloop
  endfacet
  facet normal -0.608768 -0.793348 0
    outer loop
      vertex 15.8157 -13.5617 1.5
      vertex 16.1574 -13.8239 6
      vertex 15.8157 -13.5617 6
    endloop
  endfacet
  facet normal -0.608768 -0.793348 -0
    outer loop
      vertex 16.1574 -13.8239 6
      vertex 15.8157 -13.5617 1.5
      vertex 16.1574 -13.8239 1.5
    endloop
  endfacet
  facet normal -0.130491 -0.99145 0
    outer loop
      vertex 14.9907 -13.3407 1.5
      vertex 15.4177 -13.3969 6
      vertex 14.9907 -13.3407 6
    endloop
  endfacet
  facet normal -0.130491 -0.99145 -0
    outer loop
      vertex 15.4177 -13.3969 6
      vertex 14.9907 -13.3407 1.5
      vertex 15.4177 -13.3969 1.5
    endloop
  endfacet
  facet normal 0.382653 -0.923892 0
    outer loop
      vertex 14.1657 -13.5617 1.5
      vertex 14.5636 -13.3969 6
      vertex 14.1657 -13.5617 6
    endloop
  endfacet
  facet normal 0.382653 -0.923892 0
    outer loop
      vertex 14.5636 -13.3969 6
      vertex 14.1657 -13.5617 1.5
      vertex 14.5636 -13.3969 1.5
    endloop
  endfacet
  facet normal 0.130461 -0.991454 0
    outer loop
      vertex 14.5636 -13.3969 1.5
      vertex 14.9907 -13.3407 6
      vertex 14.5636 -13.3969 6
    endloop
  endfacet
  facet normal 0.130461 -0.991454 0
    outer loop
      vertex 14.9907 -13.3407 6
      vertex 14.5636 -13.3969 1.5
      vertex 14.9907 -13.3407 1.5
    endloop
  endfacet
  facet normal 0 0 1
    outer loop
      vertex 16.5844 -14.5636 1.5
      vertex 16.5844 -15.4177 1.5
      vertex 16.6407 -14.9907 1.5
    endloop
  endfacet
  facet normal 0 0 1
    outer loop
      vertex 16.4196 -14.1657 1.5
      vertex 16.5844 -15.4177 1.5
      vertex 16.5844 -14.5636 1.5
    endloop
  endfacet
  facet normal 0 0 1
    outer loop
      vertex 16.4196 -14.1657 1.5
      vertex 16.4196 -15.8157 1.5
      vertex 16.5844 -15.4177 1.5
    endloop
  endfacet
  facet normal 0 0 1
    outer loop
      vertex 16.1574 -13.8239 1.5
      vertex 16.4196 -15.8157 1.5
      vertex 16.4196 -14.1657 1.5
    endloop
  endfacet
  facet normal 0 0 1
    outer loop
      vertex 16.1574 -13.8239 1.5
      vertex 16.1574 -16.1574 1.5
      vertex 16.4196 -15.8157 1.5
    endloop
  endfacet
  facet normal 0 0 1
    outer loop
      vertex 15.8157 -13.5617 1.5
      vertex 16.1574 -16.1574 1.5
      vertex 16.1574 -13.8239 1.5
    endloop
  endfacet
  facet normal 0 0 1
    outer loop
      vertex 15.8157 -13.5617 1.5
      vertex 15.8157 -16.4196 1.5
      vertex 16.1574 -16.1574 1.5
    endloop
  endfacet
  facet normal 0 0 1
    outer loop
      vertex 15.4177 -13.3969 1.5
      vertex 15.8157 -16.4196 1.5
      vertex 15.8157 -13.5617 1.5
    endloop
  endfacet
  facet normal 0 0 1
    outer loop
      vertex 15.4177 -13.3969 1.5
      vertex 15.4177 -16.5844 1.5
      vertex 15.8157 -16.4196 1.5
    endloop
  endfacet
  facet normal 0 0 1
    outer loop
      vertex 14.9907 -13.3407 1.5
      vertex 15.4177 -16.5844 1.5
      vertex 15.4177 -13.3969 1.5
    endloop
  endfacet
  facet normal 0 0 1
    outer loop
      vertex 14.9907 -13.3407 1.5
      vertex 14.9907 -16.6407 1.5
      vertex 15.4177 -16.5844 1.5
    endloop
  endfacet
  facet normal -0 0 1
    outer loop
      vertex 14.5636 -13.3969 1.5
      vertex 14.9907 -16.6407 1.5
      vertex 14.9907 -13.3407 1.5
    endloop
  endfacet
  facet normal 0 0 1
    outer loop
      vertex 14.5636 -13.3969 1.5
      vertex 14.5636 -16.5844 1.5
      vertex 14.9907 -16.6407 1.5
    endloop
  endfacet
  facet normal -0 0 1
    outer loop
      vertex 14.1657 -13.5617 1.5
      vertex 14.5636 -16.5844 1.5
      vertex 14.5636 -13.3969 1.5
    endloop
  endfacet
  facet normal 0 0 1
    outer loop
      vertex 14.1657 -13.5617 1.5
      vertex 14.1657 -16.4196 1.5
      vertex 14.5636 -16.5844 1.5
    endloop
  endfacet
  facet normal -0 0 1
    outer loop
      vertex 13.8239 -13.8239 1.5
      vertex 14.1657 -16.4196 1.5
      vertex 14.1657 -13.5617 1.5
    endloop
  endfacet
  facet normal 0 0 1
    outer loop
      vertex 13.8239 -13.8239 1.5
      vertex 13.8239 -16.1574 1.5
      vertex 14.1657 -16.4196 1.5
    endloop
  endfacet
  facet normal -0 0 1
    outer loop
      vertex 13.5617 -14.1657 1.5
      vertex 13.8239 -16.1574 1.5
      vertex 13.8239 -13.8239 1.5
    endloop
  endfacet
  facet normal 0 0 1
    outer loop
      vertex 13.5617 -14.1657 1.5
      vertex 13.5617 -15.8157 1.5
      vertex 13.8239 -16.1574 1.5
    endloop
  endfacet
  facet normal -0 0 1
    outer loop
      vertex 13.3969 -14.5636 1.5
      vertex 13.5617 -15.8157 1.5
      vertex 13.5617 -14.1657 1.5
    endloop
  endfacet
  facet normal 0 0 1
    outer loop
      vertex 13.3969 -14.5636 1.5
      vertex 13.3969 -15.4177 1.5
      vertex 13.5617 -15.8157 1.5
    endloop
  endfacet
  facet normal 0 -0 1
    outer loop
      vertex 13.3969 -15.4177 1.5
      vertex 13.3969 -14.5636 1.5
      vertex 13.3407 -14.9907 1.5
    endloop
  endfacet
  facet normal -0.608768 0.793348 0
    outer loop
      vertex 16.1574 -16.1574 1.5
      vertex 15.8157 -16.4196 6
      vertex 16.1574 -16.1574 6
    endloop
  endfacet
  facet normal -0.608768 0.793348 0
    outer loop
      vertex 15.8157 -16.4196 6
      vertex 16.1574 -16.1574 1.5
      vertex 15.8157 -16.4196 1.5
    endloop
  endfacet
  facet normal 0.608656 0.793434 -0
    outer loop
      vertex 14.1657 -16.4196 1.5
      vertex 13.8239 -16.1574 6
      vertex 14.1657 -16.4196 6
    endloop
  endfacet
  facet normal 0.608656 0.793434 0
    outer loop
      vertex 13.8239 -16.1574 6
      vertex 14.1657 -16.4196 1.5
      vertex 13.8239 -16.1574 1.5
    endloop
  endfacet
  facet normal -0.991419 0.130719 0
    outer loop
      vertex 16.5844 -15.4177 1.5
      vertex 16.6407 -14.9907 6
      vertex 16.6407 -14.9907 1.5
    endloop
  endfacet
  facet normal -0.991419 0.130719 0
    outer loop
      vertex 16.6407 -14.9907 6
      vertex 16.5844 -15.4177 1.5
      vertex 16.5844 -15.4177 6
    endloop
  endfacet
  facet normal 0.99145 0.130491 0
    outer loop
      vertex 13.3969 -15.4177 6
      vertex 13.3407 -14.9907 1.5
      vertex 13.3407 -14.9907 6
    endloop
  endfacet
  facet normal 0.99145 0.130491 0
    outer loop
      vertex 13.3407 -14.9907 1.5
      vertex 13.3969 -15.4177 6
      vertex 13.3969 -15.4177 1.5
    endloop
  endfacet
  facet normal 0.991454 -0.130461 0
    outer loop
      vertex 13.3407 -14.9907 6
      vertex 13.3969 -14.5636 1.5
      vertex 13.3969 -14.5636 6
    endloop
  endfacet
  facet normal 0.991454 -0.130461 0
    outer loop
      vertex 13.3969 -14.5636 1.5
      vertex 13.3407 -14.9907 6
      vertex 13.3407 -14.9907 1.5
    endloop
  endfacet
  facet normal -0.38257 -0.923926 0
    outer loop
      vertex 15.4177 -13.3969 1.5
      vertex 15.8157 -13.5617 6
      vertex 15.4177 -13.3969 6
    endloop
  endfacet
  facet normal -0.38257 -0.923926 -0
    outer loop
      vertex 15.8157 -13.5617 6
      vertex 15.4177 -13.3969 1.5
      vertex 15.8157 -13.5617 1.5
    endloop
  endfacet
  facet normal 0.793348 0.608768 0
    outer loop
      vertex 13.8239 -16.1574 6
      vertex 13.5617 -15.8157 1.5
      vertex 13.5617 -15.8157 6
    endloop
  endfacet
  facet normal 0.793348 0.608768 0
    outer loop
      vertex 13.5617 -15.8157 1.5
      vertex 13.8239 -16.1574 6
      vertex 13.8239 -16.1574 1.5
    endloop
  endfacet
  facet normal 0.382653 0.923892 -0
    outer loop
      vertex 14.5636 -16.5844 1.5
      vertex 14.1657 -16.4196 6
      vertex 14.5636 -16.5844 6
    endloop
  endfacet
  facet normal 0.382653 0.923892 0
    outer loop
      vertex 14.1657 -16.4196 6
      vertex 14.5636 -16.5844 1.5
      vertex 14.1657 -16.4196 1.5
    endloop
  endfacet
  facet normal 0.923892 -0.382653 0
    outer loop
      vertex 13.3969 -14.5636 6
      vertex 13.5617 -14.1657 1.5
      vertex 13.5617 -14.1657 6
    endloop
  endfacet
  facet normal 0.923892 -0.382653 0
    outer loop
      vertex 13.5617 -14.1657 1.5
      vertex 13.3969 -14.5636 6
      vertex 13.3969 -14.5636 1.5
    endloop
  endfacet
  facet normal 0.0784143 -0.996921 0
    outer loop
      vertex 1.2927 -24.6661 0
      vertex 2.58185 -24.5647 6
      vertex 1.2927 -24.6661 6
    endloop
  endfacet
  facet normal 0.0784143 -0.996921 0
    outer loop
      vertex 2.58185 -24.5647 6
      vertex 1.2927 -24.6661 0
      vertex 2.58185 -24.5647 0
    endloop
  endfacet
  facet normal 0.999656 -0.0262152 0
    outer loop
      vertex 24.6661 -1.2927 6
      vertex 24.7 0 0
      vertex 24.7 0 6
    endloop
  endfacet
  facet normal 0.999656 -0.0262152 0
    outer loop
      vertex 24.7 0 0
      vertex 24.6661 -1.2927 6
      vertex 24.6661 -1.2927 0
    endloop
  endfacet
  facet normal 0.996921 0.0784143 0
    outer loop
      vertex 24.6661 1.2927 6
      vertex 24.5647 2.58185 0
      vertex 24.5647 2.58185 6
    endloop
  endfacet
  facet normal 0.996921 0.0784143 0
    outer loop
      vertex 24.5647 2.58185 0
      vertex 24.6661 1.2927 6
      vertex 24.6661 1.2927 0
    endloop
  endfacet
  facet normal 0.999656 0.0262152 0
    outer loop
      vertex 24.7 0 6
      vertex 24.6661 1.2927 0
      vertex 24.6661 1.2927 6
    endloop
  endfacet
  facet normal 0.999656 0.0262152 0
    outer loop
      vertex 24.6661 1.2927 0
      vertex 24.7 0 6
      vertex 24.7 0 0
    endloop
  endfacet
  facet normal 0.991444 0.130535 0
    outer loop
      vertex 24.5647 2.58185 6
      vertex 24.3959 3.86393 0
      vertex 24.3959 3.86393 6
    endloop
  endfacet
  facet normal 0.991444 0.130535 0
    outer loop
      vertex 24.3959 3.86393 0
      vertex 24.5647 2.58185 6
      vertex 24.5647 2.58185 0
    endloop
  endfacet
  facet normal -0.793354 -0.608761 0
    outer loop
      vertex -19.1955 -15.5442 0
      vertex -19.9827 -14.5183 6
      vertex -19.9827 -14.5183 0
    endloop
  endfacet
  facet normal -0.793354 -0.608761 0
    outer loop
      vertex -19.9827 -14.5183 6
      vertex -19.1955 -15.5442 0
      vertex -19.1955 -15.5442 6
    endloop
  endfacet
  facet normal -0.333834 0.942632 0
    outer loop
      vertex -7.63272 23.4911 0
      vertex -8.85169 23.0594 6
      vertex -7.63272 23.4911 6
    endloop
  endfacet
  facet normal -0.333834 0.942632 0
    outer loop
      vertex -8.85169 23.0594 6
      vertex -7.63272 23.4911 0
      vertex -8.85169 23.0594 0
    endloop
  endfacet
  facet normal 0.430495 -0.902593 0
    outer loop
      vertex 10.0464 -22.5646 0
      vertex 11.2136 -22.0079 6
      vertex 10.0464 -22.5646 6
    endloop
  endfacet
  facet normal 0.430495 -0.902593 0
    outer loop
      vertex 11.2136 -22.0079 6
      vertex 10.0464 -22.5646 0
      vertex 11.2136 -22.0079 0
    endloop
  endfacet
  facet normal 0.130535 0.991444 -0
    outer loop
      vertex 3.86393 24.3959 0
      vertex 2.58185 24.5647 6
      vertex 3.86393 24.3959 6
    endloop
  endfacet
  facet normal 0.130535 0.991444 0
    outer loop
      vertex 2.58185 24.5647 6
      vertex 3.86393 24.3959 0
      vertex 2.58185 24.5647 0
    endloop
  endfacet
  facet normal 0.793354 -0.608761 0
    outer loop
      vertex 19.1955 -15.5442 6
      vertex 19.9827 -14.5183 0
      vertex 19.9827 -14.5183 6
    endloop
  endfacet
  facet normal 0.793354 -0.608761 0
    outer loop
      vertex 19.9827 -14.5183 0
      vertex 19.1955 -15.5442 6
      vertex 19.1955 -15.5442 0
    endloop
  endfacet
  facet normal 0.130535 -0.991444 0
    outer loop
      vertex 2.58185 -24.5647 0
      vertex 3.86393 -24.3959 6
      vertex 2.58185 -24.5647 6
    endloop
  endfacet
  facet normal 0.130535 -0.991444 0
    outer loop
      vertex 3.86393 -24.3959 6
      vertex 2.58185 -24.5647 0
      vertex 3.86393 -24.3959 0
    endloop
  endfacet
  facet normal -0.38264 -0.923897 0
    outer loop
      vertex -10.0464 -22.5646 0
      vertex -8.85169 -23.0594 6
      vertex -10.0464 -22.5646 6
    endloop
  endfacet
  facet normal -0.38264 -0.923897 -0
    outer loop
      vertex -8.85169 -23.0594 6
      vertex -10.0464 -22.5646 0
      vertex -8.85169 -23.0594 0
    endloop
  endfacet
  facet normal 0.923897 0.38264 0
    outer loop
      vertex 23.0594 8.85169 6
      vertex 22.5646 10.0464 0
      vertex 22.5646 10.0464 6
    endloop
  endfacet
  facet normal 0.923897 0.38264 0
    outer loop
      vertex 22.5646 10.0464 0
      vertex 23.0594 8.85169 6
      vertex 23.0594 8.85169 0
    endloop
  endfacet
  facet normal -0.688384 0.725347 0
    outer loop
      vertex -16.5275 18.3557 0
      vertex -17.4655 17.4655 6
      vertex -16.5275 18.3557 6
    endloop
  endfacet
  facet normal -0.688384 0.725347 0
    outer loop
      vertex -17.4655 17.4655 6
      vertex -16.5275 18.3557 0
      vertex -17.4655 17.4655 0
    endloop
  endfacet
  facet normal 0.0262152 -0.999656 0
    outer loop
      vertex 0 -24.7 0
      vertex 1.2927 -24.6661 6
      vertex 0 -24.7 6
    endloop
  endfacet
  facet normal 0.0262152 -0.999656 0
    outer loop
      vertex 1.2927 -24.6661 6
      vertex 0 -24.7 0
      vertex 1.2927 -24.6661 0
    endloop
  endfacet
  facet normal -0.760413 -0.64944 0
    outer loop
      vertex -18.3557 -16.5275 0
      vertex -19.1955 -15.5442 6
      vertex -19.1955 -15.5442 0
    endloop
  endfacet
  facet normal -0.760413 -0.64944 0
    outer loop
      vertex -19.1955 -15.5442 6
      vertex -18.3557 -16.5275 0
      vertex -18.3557 -16.5275 6
    endloop
  endfacet
  facet normal -0.87879 -0.47721 0
    outer loop
      vertex -21.3908 -12.35 0
      vertex -22.0079 -11.2136 6
      vertex -22.0079 -11.2136 0
    endloop
  endfacet
  facet normal -0.87879 -0.47721 0
    outer loop
      vertex -22.0079 -11.2136 6
      vertex -21.3908 -12.35 0
      vertex -21.3908 -12.35 6
    endloop
  endfacet
  facet normal 0.793354 0.608761 0
    outer loop
      vertex 19.9827 14.5183 6
      vertex 19.1955 15.5442 0
      vertex 19.1955 15.5442 6
    endloop
  endfacet
  facet normal 0.793354 0.608761 0
    outer loop
      vertex 19.1955 15.5442 0
      vertex 19.9827 14.5183 6
      vertex 19.9827 14.5183 0
    endloop
  endfacet
  facet normal 0.725347 0.688384 0
    outer loop
      vertex 18.3557 16.5275 6
      vertex 17.4655 17.4655 0
      vertex 17.4655 17.4655 6
    endloop
  endfacet
  facet normal 0.725347 0.688384 0
    outer loop
      vertex 17.4655 17.4655 0
      vertex 18.3557 16.5275 6
      vertex 18.3557 16.5275 0
    endloop
  endfacet
  facet normal -0.760413 0.64944 0
    outer loop
      vertex -19.1955 15.5442 0
      vertex -18.3557 16.5275 6
      vertex -18.3557 16.5275 0
    endloop
  endfacet
  facet normal -0.760413 0.64944 0
    outer loop
      vertex -18.3557 16.5275 6
      vertex -19.1955 15.5442 0
      vertex -19.1955 15.5442 6
    endloop
  endfacet
  facet normal -0.608761 0.793354 0
    outer loop
      vertex -14.5183 19.9827 0
      vertex -15.5442 19.1955 6
      vertex -14.5183 19.9827 6
    endloop
  endfacet
  facet normal -0.608761 0.793354 0
    outer loop
      vertex -15.5442 19.1955 6
      vertex -14.5183 19.9827 0
      vertex -15.5442 19.1955 0
    endloop
  endfacet
  facet normal 0.233389 0.972384 -0
    outer loop
      vertex 6.39283 23.8584 0
      vertex 5.13542 24.1602 6
      vertex 6.39283 23.8584 6
    endloop
  endfacet
  facet normal 0.233389 0.972384 0
    outer loop
      vertex 5.13542 24.1602 6
      vertex 6.39283 23.8584 0
      vertex 5.13542 24.1602 0
    endloop
  endfacet
  facet normal 0.824103 0.56644 0
    outer loop
      vertex 20.7152 13.4526 6
      vertex 19.9827 14.5183 0
      vertex 19.9827 14.5183 6
    endloop
  endfacet
  facet normal 0.824103 0.56644 0
    outer loop
      vertex 19.9827 14.5183 0
      vertex 20.7152 13.4526 6
      vertex 20.7152 13.4526 0
    endloop
  endfacet
  facet normal 0.996921 -0.0784143 0
    outer loop
      vertex 24.5647 -2.58185 6
      vertex 24.6661 -1.2927 0
      vertex 24.6661 -1.2927 6
    endloop
  endfacet
  facet normal 0.996921 -0.0784143 0
    outer loop
      vertex 24.6661 -1.2927 0
      vertex 24.5647 -2.58185 6
      vertex 24.5647 -2.58185 0
    endloop
  endfacet
  facet normal 0.942632 0.333834 0
    outer loop
      vertex 23.4911 7.63272 6
      vertex 23.0594 8.85169 0
      vertex 23.0594 8.85169 6
    endloop
  endfacet
  facet normal 0.942632 0.333834 0
    outer loop
      vertex 23.0594 8.85169 0
      vertex 23.4911 7.63272 6
      vertex 23.4911 7.63272 0
    endloop
  endfacet
  facet normal -0.130535 0.991444 0
    outer loop
      vertex -2.58185 24.5647 0
      vertex -3.86393 24.3959 6
      vertex -2.58185 24.5647 6
    endloop
  endfacet
  facet normal -0.130535 0.991444 0
    outer loop
      vertex -3.86393 24.3959 6
      vertex -2.58185 24.5647 0
      vertex -3.86393 24.3959 0
    endloop
  endfacet
  facet normal 0.47721 0.87879 -0
    outer loop
      vertex 12.35 21.3908 0
      vertex 11.2136 22.0079 6
      vertex 12.35 21.3908 6
    endloop
  endfacet
  facet normal 0.47721 0.87879 0
    outer loop
      vertex 11.2136 22.0079 6
      vertex 12.35 21.3908 0
      vertex 11.2136 22.0079 0
    endloop
  endfacet
  facet normal 0.284035 0.958814 -0
    outer loop
      vertex 7.63272 23.4911 0
      vertex 6.39283 23.8584 6
      vertex 7.63272 23.4911 6
    endloop
  endfacet
  facet normal 0.284035 0.958814 0
    outer loop
      vertex 6.39283 23.8584 6
      vertex 7.63272 23.4911 0
      vertex 6.39283 23.8584 0
    endloop
  endfacet
  facet normal 0.87879 0.47721 0
    outer loop
      vertex 22.0079 11.2136 6
      vertex 21.3908 12.35 0
      vertex 21.3908 12.35 6
    endloop
  endfacet
  facet normal 0.87879 0.47721 0
    outer loop
      vertex 21.3908 12.35 0
      vertex 22.0079 11.2136 6
      vertex 22.0079 11.2136 0
    endloop
  endfacet
  facet normal -0.0262152 0.999656 0
    outer loop
      vertex 0 24.7 0
      vertex -1.2927 24.6661 6
      vertex 0 24.7 6
    endloop
  endfacet
  facet normal -0.0262152 0.999656 0
    outer loop
      vertex -1.2927 24.6661 6
      vertex 0 24.7 0
      vertex -1.2927 24.6661 0
    endloop
  endfacet
  facet normal 0.991444 -0.130535 0
    outer loop
      vertex 24.3959 -3.86393 6
      vertex 24.5647 -2.58185 0
      vertex 24.5647 -2.58185 6
    endloop
  endfacet
  facet normal 0.991444 -0.130535 0
    outer loop
      vertex 24.5647 -2.58185 0
      vertex 24.3959 -3.86393 6
      vertex 24.3959 -3.86393 0
    endloop
  endfacet
  facet normal -0.972384 -0.233389 0
    outer loop
      vertex -23.8584 -6.39283 0
      vertex -24.1602 -5.13542 6
      vertex -24.1602 -5.13542 0
    endloop
  endfacet
  facet normal -0.972384 -0.233389 0
    outer loop
      vertex -24.1602 -5.13542 6
      vertex -23.8584 -6.39283 0
      vertex -23.8584 -6.39283 6
    endloop
  endfacet
  facet normal -0.852666 -0.522457 0
    outer loop
      vertex -20.7152 -13.4526 0
      vertex -21.3908 -12.35 6
      vertex -21.3908 -12.35 0
    endloop
  endfacet
  facet normal -0.852666 -0.522457 0
    outer loop
      vertex -21.3908 -12.35 6
      vertex -20.7152 -13.4526 0
      vertex -20.7152 -13.4526 6
    endloop
  endfacet
  facet normal -0.999656 -0.0262152 0
    outer loop
      vertex -24.6661 -1.2927 0
      vertex -24.7 0 6
      vertex -24.7 0 0
    endloop
  endfacet
  facet normal -0.999656 -0.0262152 0
    outer loop
      vertex -24.7 0 6
      vertex -24.6661 -1.2927 0
      vertex -24.6661 -1.2927 6
    endloop
  endfacet
  facet normal 0.972384 -0.233389 0
    outer loop
      vertex 23.8584 -6.39283 6
      vertex 24.1602 -5.13542 0
      vertex 24.1602 -5.13542 6
    endloop
  endfacet
  facet normal 0.972384 -0.233389 0
    outer loop
      vertex 24.1602 -5.13542 0
      vertex 23.8584 -6.39283 6
      vertex 23.8584 -6.39283 0
    endloop
  endfacet
  facet normal 0.902593 0.430495 0
    outer loop
      vertex 22.5646 10.0464 6
      vertex 22.0079 11.2136 0
      vertex 22.0079 11.2136 6
    endloop
  endfacet
  facet normal 0.902593 0.430495 0
    outer loop
      vertex 22.0079 11.2136 0
      vertex 22.5646 10.0464 6
      vertex 22.5646 10.0464 0
    endloop
  endfacet
  facet normal 0.852666 0.522457 0
    outer loop
      vertex 21.3908 12.35 6
      vertex 20.7152 13.4526 0
      vertex 20.7152 13.4526 6
    endloop
  endfacet
  facet normal 0.852666 0.522457 0
    outer loop
      vertex 20.7152 13.4526 0
      vertex 21.3908 12.35 6
      vertex 21.3908 12.35 0
    endloop
  endfacet
  facet normal -0.182268 -0.983249 0
    outer loop
      vertex -5.13542 -24.1602 0
      vertex -3.86393 -24.3959 6
      vertex -5.13542 -24.1602 6
    endloop
  endfacet
  facet normal -0.182268 -0.983249 -0
    outer loop
      vertex -3.86393 -24.3959 6
      vertex -5.13542 -24.1602 0
      vertex -3.86393 -24.3959 0
    endloop
  endfacet
  facet normal 0.983249 0.182268 0
    outer loop
      vertex 24.3959 3.86393 6
      vertex 24.1602 5.13542 0
      vertex 24.1602 5.13542 6
    endloop
  endfacet
  facet normal 0.983249 0.182268 0
    outer loop
      vertex 24.1602 5.13542 0
      vertex 24.3959 3.86393 6
      vertex 24.3959 3.86393 0
    endloop
  endfacet
  facet normal 0.182268 -0.983249 0
    outer loop
      vertex 3.86393 -24.3959 0
      vertex 5.13542 -24.1602 6
      vertex 3.86393 -24.3959 6
    endloop
  endfacet
  facet normal 0.182268 -0.983249 0
    outer loop
      vertex 5.13542 -24.1602 6
      vertex 3.86393 -24.3959 0
      vertex 5.13542 -24.1602 0
    endloop
  endfacet
  facet normal -0.983249 -0.182268 0
    outer loop
      vertex -24.1602 -5.13542 0
      vertex -24.3959 -3.86393 6
      vertex -24.3959 -3.86393 0
    endloop
  endfacet
  facet normal -0.983249 -0.182268 0
    outer loop
      vertex -24.3959 -3.86393 6
      vertex -24.1602 -5.13542 0
      vertex -24.1602 -5.13542 6
    endloop
  endfacet
  facet normal 0.430495 0.902593 -0
    outer loop
      vertex 11.2136 22.0079 0
      vertex 10.0464 22.5646 6
      vertex 11.2136 22.0079 6
    endloop
  endfacet
  facet normal 0.430495 0.902593 0
    outer loop
      vertex 10.0464 22.5646 6
      vertex 11.2136 22.0079 0
      vertex 10.0464 22.5646 0
    endloop
  endfacet
  facet normal -0.0784143 0.996921 0
    outer loop
      vertex -1.2927 24.6661 0
      vertex -2.58185 24.5647 6
      vertex -1.2927 24.6661 6
    endloop
  endfacet
  facet normal -0.0784143 0.996921 0
    outer loop
      vertex -2.58185 24.5647 6
      vertex -1.2927 24.6661 0
      vertex -2.58185 24.5647 0
    endloop
  endfacet
  facet normal -0.688384 -0.725347 0
    outer loop
      vertex -17.4655 -17.4655 0
      vertex -16.5275 -18.3557 6
      vertex -17.4655 -17.4655 6
    endloop
  endfacet
  facet normal -0.688384 -0.725347 -0
    outer loop
      vertex -16.5275 -18.3557 6
      vertex -17.4655 -17.4655 0
      vertex -16.5275 -18.3557 0
    endloop
  endfacet
  facet normal -0.284035 -0.958814 0
    outer loop
      vertex -7.63272 -23.4911 0
      vertex -6.39283 -23.8584 6
      vertex -7.63272 -23.4911 6
    endloop
  endfacet
  facet normal -0.284035 -0.958814 -0
    outer loop
      vertex -6.39283 -23.8584 6
      vertex -7.63272 -23.4911 0
      vertex -6.39283 -23.8584 0
    endloop
  endfacet
  facet normal -0.824103 -0.56644 0
    outer loop
      vertex -19.9827 -14.5183 0
      vertex -20.7152 -13.4526 6
      vertex -20.7152 -13.4526 0
    endloop
  endfacet
  facet normal -0.824103 -0.56644 0
    outer loop
      vertex -20.7152 -13.4526 6
      vertex -19.9827 -14.5183 0
      vertex -19.9827 -14.5183 6
    endloop
  endfacet
  facet normal 0.972384 0.233389 0
    outer loop
      vertex 24.1602 5.13542 6
      vertex 23.8584 6.39283 0
      vertex 23.8584 6.39283 6
    endloop
  endfacet
  facet normal 0.972384 0.233389 0
    outer loop
      vertex 23.8584 6.39283 0
      vertex 24.1602 5.13542 6
      vertex 24.1602 5.13542 0
    endloop
  endfacet
  facet normal 0.760413 -0.64944 0
    outer loop
      vertex 18.3557 -16.5275 6
      vertex 19.1955 -15.5442 0
      vertex 19.1955 -15.5442 6
    endloop
  endfacet
  facet normal 0.760413 -0.64944 0
    outer loop
      vertex 19.1955 -15.5442 0
      vertex 18.3557 -16.5275 6
      vertex 18.3557 -16.5275 0
    endloop
  endfacet
  facet normal 0.47721 -0.87879 0
    outer loop
      vertex 11.2136 -22.0079 0
      vertex 12.35 -21.3908 6
      vertex 11.2136 -22.0079 6
    endloop
  endfacet
  facet normal 0.47721 -0.87879 0
    outer loop
      vertex 12.35 -21.3908 6
      vertex 11.2136 -22.0079 0
      vertex 12.35 -21.3908 0
    endloop
  endfacet
  facet normal 0.284035 -0.958814 0
    outer loop
      vertex 6.39283 -23.8584 0
      vertex 7.63272 -23.4911 6
      vertex 6.39283 -23.8584 6
    endloop
  endfacet
  facet normal 0.284035 -0.958814 0
    outer loop
      vertex 7.63272 -23.4911 6
      vertex 6.39283 -23.8584 0
      vertex 7.63272 -23.4911 0
    endloop
  endfacet
  facet normal -0.0262152 -0.999656 0
    outer loop
      vertex -1.2927 -24.6661 0
      vertex 0 -24.7 6
      vertex -1.2927 -24.6661 6
    endloop
  endfacet
  facet normal -0.0262152 -0.999656 -0
    outer loop
      vertex 0 -24.7 6
      vertex -1.2927 -24.6661 0
      vertex 0 -24.7 0
    endloop
  endfacet
  facet normal 0.0262152 0.999656 -0
    outer loop
      vertex 1.2927 24.6661 0
      vertex 0 24.7 6
      vertex 1.2927 24.6661 6
    endloop
  endfacet
  facet normal 0.0262152 0.999656 0
    outer loop
      vertex 0 24.7 6
      vertex 1.2927 24.6661 0
      vertex 0 24.7 0
    endloop
  endfacet
  facet normal -0.923897 -0.38264 0
    outer loop
      vertex -22.5646 -10.0464 0
      vertex -23.0594 -8.85169 6
      vertex -23.0594 -8.85169 0
    endloop
  endfacet
  facet normal -0.923897 -0.38264 0
    outer loop
      vertex -23.0594 -8.85169 6
      vertex -22.5646 -10.0464 0
      vertex -22.5646 -10.0464 6
    endloop
  endfacet
  facet normal 0.233389 -0.972384 0
    outer loop
      vertex 5.13542 -24.1602 0
      vertex 6.39283 -23.8584 6
      vertex 5.13542 -24.1602 6
    endloop
  endfacet
  facet normal 0.233389 -0.972384 0
    outer loop
      vertex 6.39283 -23.8584 6
      vertex 5.13542 -24.1602 0
      vertex 6.39283 -23.8584 0
    endloop
  endfacet
  facet normal -0.284035 0.958814 0
    outer loop
      vertex -6.39283 23.8584 0
      vertex -7.63272 23.4911 6
      vertex -6.39283 23.8584 6
    endloop
  endfacet
  facet normal -0.284035 0.958814 0
    outer loop
      vertex -7.63272 23.4911 6
      vertex -6.39283 23.8584 0
      vertex -7.63272 23.4911 0
    endloop
  endfacet
  facet normal 0.38264 -0.923897 0
    outer loop
      vertex 8.85169 -23.0594 0
      vertex 10.0464 -22.5646 6
      vertex 8.85169 -23.0594 6
    endloop
  endfacet
  facet normal 0.38264 -0.923897 0
    outer loop
      vertex 10.0464 -22.5646 6
      vertex 8.85169 -23.0594 0
      vertex 10.0464 -22.5646 0
    endloop
  endfacet
  facet normal -0.47721 -0.87879 0
    outer loop
      vertex -12.35 -21.3908 0
      vertex -11.2136 -22.0079 6
      vertex -12.35 -21.3908 6
    endloop
  endfacet
  facet normal -0.47721 -0.87879 -0
    outer loop
      vertex -11.2136 -22.0079 6
      vertex -12.35 -21.3908 0
      vertex -11.2136 -22.0079 0
    endloop
  endfacet
  facet normal 0.688384 0.725347 -0
    outer loop
      vertex 17.4655 17.4655 0
      vertex 16.5275 18.3557 6
      vertex 17.4655 17.4655 6
    endloop
  endfacet
  facet normal 0.688384 0.725347 0
    outer loop
      vertex 16.5275 18.3557 6
      vertex 17.4655 17.4655 0
      vertex 16.5275 18.3557 0
    endloop
  endfacet
  facet normal 0.958814 -0.284035 0
    outer loop
      vertex 23.4911 -7.63272 6
      vertex 23.8584 -6.39283 0
      vertex 23.8584 -6.39283 6
    endloop
  endfacet
  facet normal 0.958814 -0.284035 0
    outer loop
      vertex 23.8584 -6.39283 0
      vertex 23.4911 -7.63272 6
      vertex 23.4911 -7.63272 0
    endloop
  endfacet
  facet normal -0.182268 0.983249 0
    outer loop
      vertex -3.86393 24.3959 0
      vertex -5.13542 24.1602 6
      vertex -3.86393 24.3959 6
    endloop
  endfacet
  facet normal -0.182268 0.983249 0
    outer loop
      vertex -5.13542 24.1602 6
      vertex -3.86393 24.3959 0
      vertex -5.13542 24.1602 0
    endloop
  endfacet
  facet normal -0.130535 -0.991444 0
    outer loop
      vertex -3.86393 -24.3959 0
      vertex -2.58185 -24.5647 6
      vertex -3.86393 -24.3959 6
    endloop
  endfacet
  facet normal -0.130535 -0.991444 -0
    outer loop
      vertex -2.58185 -24.5647 6
      vertex -3.86393 -24.3959 0
      vertex -2.58185 -24.5647 0
    endloop
  endfacet
  facet normal -0.902593 0.430495 0
    outer loop
      vertex -22.5646 10.0464 0
      vertex -22.0079 11.2136 6
      vertex -22.0079 11.2136 0
    endloop
  endfacet
  facet normal -0.902593 0.430495 0
    outer loop
      vertex -22.0079 11.2136 6
      vertex -22.5646 10.0464 0
      vertex -22.5646 10.0464 6
    endloop
  endfacet
  facet normal -0.725347 0.688384 0
    outer loop
      vertex -18.3557 16.5275 0
      vertex -17.4655 17.4655 6
      vertex -17.4655 17.4655 0
    endloop
  endfacet
  facet normal -0.725347 0.688384 0
    outer loop
      vertex -17.4655 17.4655 6
      vertex -18.3557 16.5275 0
      vertex -18.3557 16.5275 6
    endloop
  endfacet
  facet normal -0.333834 -0.942632 0
    outer loop
      vertex -8.85169 -23.0594 0
      vertex -7.63272 -23.4911 6
      vertex -8.85169 -23.0594 6
    endloop
  endfacet
  facet normal -0.333834 -0.942632 -0
    outer loop
      vertex -7.63272 -23.4911 6
      vertex -8.85169 -23.0594 0
      vertex -7.63272 -23.4911 0
    endloop
  endfacet
  facet normal -0.923897 0.38264 0
    outer loop
      vertex -23.0594 8.85169 0
      vertex -22.5646 10.0464 6
      vertex -22.5646 10.0464 0
    endloop
  endfacet
  facet normal -0.923897 0.38264 0
    outer loop
      vertex -22.5646 10.0464 6
      vertex -23.0594 8.85169 0
      vertex -23.0594 8.85169 6
    endloop
  endfacet
  facet normal 0.64944 0.760413 -0
    outer loop
      vertex 16.5275 18.3557 0
      vertex 15.5442 19.1955 6
      vertex 16.5275 18.3557 6
    endloop
  endfacet
  facet normal 0.64944 0.760413 0
    outer loop
      vertex 15.5442 19.1955 6
      vertex 16.5275 18.3557 0
      vertex 15.5442 19.1955 0
    endloop
  endfacet
  facet normal 0.760413 0.64944 0
    outer loop
      vertex 19.1955 15.5442 6
      vertex 18.3557 16.5275 0
      vertex 18.3557 16.5275 6
    endloop
  endfacet
  facet normal 0.760413 0.64944 0
    outer loop
      vertex 18.3557 16.5275 0
      vertex 19.1955 15.5442 6
      vertex 19.1955 15.5442 0
    endloop
  endfacet
  facet normal 0.56644 -0.824103 0
    outer loop
      vertex 13.4526 -20.7152 0
      vertex 14.5183 -19.9827 6
      vertex 13.4526 -20.7152 6
    endloop
  endfacet
  facet normal 0.56644 -0.824103 0
    outer loop
      vertex 14.5183 -19.9827 6
      vertex 13.4526 -20.7152 0
      vertex 14.5183 -19.9827 0
    endloop
  endfacet
  facet normal 0.182268 0.983249 -0
    outer loop
      vertex 5.13542 24.1602 0
      vertex 3.86393 24.3959 6
      vertex 5.13542 24.1602 6
    endloop
  endfacet
  facet normal 0.182268 0.983249 0
    outer loop
      vertex 3.86393 24.3959 6
      vertex 5.13542 24.1602 0
      vertex 3.86393 24.3959 0
    endloop
  endfacet
  facet normal -0.64944 -0.760413 0
    outer loop
      vertex -16.5275 -18.3557 0
      vertex -15.5442 -19.1955 6
      vertex -16.5275 -18.3557 6
    endloop
  endfacet
  facet normal -0.64944 -0.760413 -0
    outer loop
      vertex -15.5442 -19.1955 6
      vertex -16.5275 -18.3557 0
      vertex -15.5442 -19.1955 0
    endloop
  endfacet
  facet normal 0.56644 0.824103 -0
    outer loop
      vertex 14.5183 19.9827 0
      vertex 13.4526 20.7152 6
      vertex 14.5183 19.9827 6
    endloop
  endfacet
  facet normal 0.56644 0.824103 0
    outer loop
      vertex 13.4526 20.7152 6
      vertex 14.5183 19.9827 0
      vertex 13.4526 20.7152 0
    endloop
  endfacet
  facet normal 0.522457 0.852666 -0
    outer loop
      vertex 13.4526 20.7152 0
      vertex 12.35 21.3908 6
      vertex 13.4526 20.7152 6
    endloop
  endfacet
  facet normal 0.522457 0.852666 0
    outer loop
      vertex 12.35 21.3908 6
      vertex 13.4526 20.7152 0
      vertex 12.35 21.3908 0
    endloop
  endfacet
  facet normal -0.64944 0.760413 0
    outer loop
      vertex -15.5442 19.1955 0
      vertex -16.5275 18.3557 6
      vertex -15.5442 19.1955 6
    endloop
  endfacet
  facet normal -0.64944 0.760413 0
    outer loop
      vertex -16.5275 18.3557 6
      vertex -15.5442 19.1955 0
      vertex -16.5275 18.3557 0
    endloop
  endfacet
  facet normal 0.688384 -0.725347 0
    outer loop
      vertex 16.5275 -18.3557 0
      vertex 17.4655 -17.4655 6
      vertex 16.5275 -18.3557 6
    endloop
  endfacet
  facet normal 0.688384 -0.725347 0
    outer loop
      vertex 17.4655 -17.4655 6
      vertex 16.5275 -18.3557 0
      vertex 17.4655 -17.4655 0
    endloop
  endfacet
  facet normal -0.793354 0.608761 0
    outer loop
      vertex -19.9827 14.5183 0
      vertex -19.1955 15.5442 6
      vertex -19.1955 15.5442 0
    endloop
  endfacet
  facet normal -0.793354 0.608761 0
    outer loop
      vertex -19.1955 15.5442 6
      vertex -19.9827 14.5183 0
      vertex -19.9827 14.5183 6
    endloop
  endfacet
  facet normal -0.38264 0.923897 0
    outer loop
      vertex -8.85169 23.0594 0
      vertex -10.0464 22.5646 6
      vertex -8.85169 23.0594 6
    endloop
  endfacet
  facet normal -0.38264 0.923897 0
    outer loop
      vertex -10.0464 22.5646 6
      vertex -8.85169 23.0594 0
      vertex -10.0464 22.5646 0
    endloop
  endfacet
  facet normal 0.0784143 0.996921 -0
    outer loop
      vertex 2.58185 24.5647 0
      vertex 1.2927 24.6661 6
      vertex 2.58185 24.5647 6
    endloop
  endfacet
  facet normal 0.0784143 0.996921 0
    outer loop
      vertex 1.2927 24.6661 6
      vertex 2.58185 24.5647 0
      vertex 1.2927 24.6661 0
    endloop
  endfacet
  facet normal -0.942632 0.333834 0
    outer loop
      vertex -23.4911 7.63272 0
      vertex -23.0594 8.85169 6
      vertex -23.0594 8.85169 0
    endloop
  endfacet
  facet normal -0.942632 0.333834 0
    outer loop
      vertex -23.0594 8.85169 6
      vertex -23.4911 7.63272 0
      vertex -23.4911 7.63272 6
    endloop
  endfacet
  facet normal 0.38264 0.923897 -0
    outer loop
      vertex 10.0464 22.5646 0
      vertex 8.85169 23.0594 6
      vertex 10.0464 22.5646 6
    endloop
  endfacet
  facet normal 0.38264 0.923897 0
    outer loop
      vertex 8.85169 23.0594 6
      vertex 10.0464 22.5646 0
      vertex 8.85169 23.0594 0
    endloop
  endfacet
  facet normal 0.958814 0.284035 0
    outer loop
      vertex 23.8584 6.39283 6
      vertex 23.4911 7.63272 0
      vertex 23.4911 7.63272 6
    endloop
  endfacet
  facet normal 0.958814 0.284035 0
    outer loop
      vertex 23.4911 7.63272 0
      vertex 23.8584 6.39283 6
      vertex 23.8584 6.39283 0
    endloop
  endfacet
  facet normal -0.902593 -0.430495 0
    outer loop
      vertex -22.0079 -11.2136 0
      vertex -22.5646 -10.0464 6
      vertex -22.5646 -10.0464 0
    endloop
  endfacet
  facet normal -0.902593 -0.430495 0
    outer loop
      vertex -22.5646 -10.0464 6
      vertex -22.0079 -11.2136 0
      vertex -22.0079 -11.2136 6
    endloop
  endfacet
  facet normal -0.852666 0.522457 0
    outer loop
      vertex -21.3908 12.35 0
      vertex -20.7152 13.4526 6
      vertex -20.7152 13.4526 0
    endloop
  endfacet
  facet normal -0.852666 0.522457 0
    outer loop
      vertex -20.7152 13.4526 6
      vertex -21.3908 12.35 0
      vertex -21.3908 12.35 6
    endloop
  endfacet
  facet normal -0.56644 0.824103 0
    outer loop
      vertex -13.4526 20.7152 0
      vertex -14.5183 19.9827 6
      vertex -13.4526 20.7152 6
    endloop
  endfacet
  facet normal -0.56644 0.824103 0
    outer loop
      vertex -14.5183 19.9827 6
      vertex -13.4526 20.7152 0
      vertex -14.5183 19.9827 0
    endloop
  endfacet
  facet normal 0.608761 0.793354 -0
    outer loop
      vertex 15.5442 19.1955 0
      vertex 14.5183 19.9827 6
      vertex 15.5442 19.1955 6
    endloop
  endfacet
  facet normal 0.608761 0.793354 0
    outer loop
      vertex 14.5183 19.9827 6
      vertex 15.5442 19.1955 0
      vertex 14.5183 19.9827 0
    endloop
  endfacet
  facet normal 0.333834 0.942632 -0
    outer loop
      vertex 8.85169 23.0594 0
      vertex 7.63272 23.4911 6
      vertex 8.85169 23.0594 6
    endloop
  endfacet
  facet normal 0.333834 0.942632 0
    outer loop
      vertex 7.63272 23.4911 6
      vertex 8.85169 23.0594 0
      vertex 7.63272 23.4911 0
    endloop
  endfacet
  facet normal -0.996921 0.0784143 0
    outer loop
      vertex -24.6661 1.2927 0
      vertex -24.5647 2.58185 6
      vertex -24.5647 2.58185 0
    endloop
  endfacet
  facet normal -0.996921 0.0784143 0
    outer loop
      vertex -24.5647 2.58185 6
      vertex -24.6661 1.2927 0
      vertex -24.6661 1.2927 6
    endloop
  endfacet
  facet normal -0.824103 0.56644 0
    outer loop
      vertex -20.7152 13.4526 0
      vertex -19.9827 14.5183 6
      vertex -19.9827 14.5183 0
    endloop
  endfacet
  facet normal -0.824103 0.56644 0
    outer loop
      vertex -19.9827 14.5183 6
      vertex -20.7152 13.4526 0
      vertex -20.7152 13.4526 6
    endloop
  endfacet
  facet normal -0.725347 -0.688384 0
    outer loop
      vertex -17.4655 -17.4655 0
      vertex -18.3557 -16.5275 6
      vertex -18.3557 -16.5275 0
    endloop
  endfacet
  facet normal -0.725347 -0.688384 0
    outer loop
      vertex -18.3557 -16.5275 6
      vertex -17.4655 -17.4655 0
      vertex -17.4655 -17.4655 6
    endloop
  endfacet
  facet normal -0.972384 0.233389 0
    outer loop
      vertex -24.1602 5.13542 0
      vertex -23.8584 6.39283 6
      vertex -23.8584 6.39283 0
    endloop
  endfacet
  facet normal -0.972384 0.233389 0
    outer loop
      vertex -23.8584 6.39283 6
      vertex -24.1602 5.13542 0
      vertex -24.1602 5.13542 6
    endloop
  endfacet
  facet normal 0.64944 -0.760413 0
    outer loop
      vertex 15.5442 -19.1955 0
      vertex 16.5275 -18.3557 6
      vertex 15.5442 -19.1955 6
    endloop
  endfacet
  facet normal 0.64944 -0.760413 0
    outer loop
      vertex 16.5275 -18.3557 6
      vertex 15.5442 -19.1955 0
      vertex 16.5275 -18.3557 0
    endloop
  endfacet
  facet normal -0.522457 0.852666 0
    outer loop
      vertex -12.35 21.3908 0
      vertex -13.4526 20.7152 6
      vertex -12.35 21.3908 6
    endloop
  endfacet
  facet normal -0.522457 0.852666 0
    outer loop
      vertex -13.4526 20.7152 6
      vertex -12.35 21.3908 0
      vertex -13.4526 20.7152 0
    endloop
  endfacet
  facet normal -0.233389 -0.972384 0
    outer loop
      vertex -6.39283 -23.8584 0
      vertex -5.13542 -24.1602 6
      vertex -6.39283 -23.8584 6
    endloop
  endfacet
  facet normal -0.233389 -0.972384 -0
    outer loop
      vertex -5.13542 -24.1602 6
      vertex -6.39283 -23.8584 0
      vertex -5.13542 -24.1602 0
    endloop
  endfacet
  facet normal 0.333834 -0.942632 0
    outer loop
      vertex 7.63272 -23.4911 0
      vertex 8.85169 -23.0594 6
      vertex 7.63272 -23.4911 6
    endloop
  endfacet
  facet normal 0.333834 -0.942632 0
    outer loop
      vertex 8.85169 -23.0594 6
      vertex 7.63272 -23.4911 0
      vertex 8.85169 -23.0594 0
    endloop
  endfacet
  facet normal -0.942632 -0.333834 0
    outer loop
      vertex -23.0594 -8.85169 0
      vertex -23.4911 -7.63272 6
      vertex -23.4911 -7.63272 0
    endloop
  endfacet
  facet normal -0.942632 -0.333834 0
    outer loop
      vertex -23.4911 -7.63272 6
      vertex -23.0594 -8.85169 0
      vertex -23.0594 -8.85169 6
    endloop
  endfacet
  facet normal -0.522457 -0.852666 0
    outer loop
      vertex -13.4526 -20.7152 0
      vertex -12.35 -21.3908 6
      vertex -13.4526 -20.7152 6
    endloop
  endfacet
  facet normal -0.522457 -0.852666 -0
    outer loop
      vertex -12.35 -21.3908 6
      vertex -13.4526 -20.7152 0
      vertex -12.35 -21.3908 0
    endloop
  endfacet
  facet normal -0.958814 0.284035 0
    outer loop
      vertex -23.8584 6.39283 0
      vertex -23.4911 7.63272 6
      vertex -23.4911 7.63272 0
    endloop
  endfacet
  facet normal -0.958814 0.284035 0
    outer loop
      vertex -23.4911 7.63272 6
      vertex -23.8584 6.39283 0
      vertex -23.8584 6.39283 6
    endloop
  endfacet
  facet normal -0.996921 -0.0784143 0
    outer loop
      vertex -24.5647 -2.58185 0
      vertex -24.6661 -1.2927 6
      vertex -24.6661 -1.2927 0
    endloop
  endfacet
  facet normal -0.996921 -0.0784143 0
    outer loop
      vertex -24.6661 -1.2927 6
      vertex -24.5647 -2.58185 0
      vertex -24.5647 -2.58185 6
    endloop
  endfacet
  facet normal -0.991444 -0.130535 0
    outer loop
      vertex -24.3959 -3.86393 0
      vertex -24.5647 -2.58185 6
      vertex -24.5647 -2.58185 0
    endloop
  endfacet
  facet normal -0.991444 -0.130535 0
    outer loop
      vertex -24.5647 -2.58185 6
      vertex -24.3959 -3.86393 0
      vertex -24.3959 -3.86393 6
    endloop
  endfacet
  facet normal 0.902593 -0.430495 0
    outer loop
      vertex 22.0079 -11.2136 6
      vertex 22.5646 -10.0464 0
      vertex 22.5646 -10.0464 6
    endloop
  endfacet
  facet normal 0.902593 -0.430495 0
    outer loop
      vertex 22.5646 -10.0464 0
      vertex 22.0079 -11.2136 6
      vertex 22.0079 -11.2136 0
    endloop
  endfacet
  facet normal 0.87879 -0.47721 0
    outer loop
      vertex 21.3908 -12.35 6
      vertex 22.0079 -11.2136 0
      vertex 22.0079 -11.2136 6
    endloop
  endfacet
  facet normal 0.87879 -0.47721 0
    outer loop
      vertex 22.0079 -11.2136 0
      vertex 21.3908 -12.35 6
      vertex 21.3908 -12.35 0
    endloop
  endfacet
  facet normal -0.608761 -0.793354 0
    outer loop
      vertex -15.5442 -19.1955 0
      vertex -14.5183 -19.9827 6
      vertex -15.5442 -19.1955 6
    endloop
  endfacet
  facet normal -0.608761 -0.793354 -0
    outer loop
      vertex -14.5183 -19.9827 6
      vertex -15.5442 -19.1955 0
      vertex -14.5183 -19.9827 0
    endloop
  endfacet
  facet normal 0.824103 -0.56644 0
    outer loop
      vertex 19.9827 -14.5183 6
      vertex 20.7152 -13.4526 0
      vertex 20.7152 -13.4526 6
    endloop
  endfacet
  facet normal 0.824103 -0.56644 0
    outer loop
      vertex 20.7152 -13.4526 0
      vertex 19.9827 -14.5183 6
      vertex 19.9827 -14.5183 0
    endloop
  endfacet
  facet normal 0.522457 -0.852666 0
    outer loop
      vertex 12.35 -21.3908 0
      vertex 13.4526 -20.7152 6
      vertex 12.35 -21.3908 6
    endloop
  endfacet
  facet normal 0.522457 -0.852666 0
    outer loop
      vertex 13.4526 -20.7152 6
      vertex 12.35 -21.3908 0
      vertex 13.4526 -20.7152 0
    endloop
  endfacet
  facet normal 0.852666 -0.522457 0
    outer loop
      vertex 20.7152 -13.4526 6
      vertex 21.3908 -12.35 0
      vertex 21.3908 -12.35 6
    endloop
  endfacet
  facet normal 0.852666 -0.522457 0
    outer loop
      vertex 21.3908 -12.35 0
      vertex 20.7152 -13.4526 6
      vertex 20.7152 -13.4526 0
    endloop
  endfacet
  facet normal 0.983249 -0.182268 0
    outer loop
      vertex 24.1602 -5.13542 6
      vertex 24.3959 -3.86393 0
      vertex 24.3959 -3.86393 6
    endloop
  endfacet
  facet normal 0.983249 -0.182268 0
    outer loop
      vertex 24.3959 -3.86393 0
      vertex 24.1602 -5.13542 6
      vertex 24.1602 -5.13542 0
    endloop
  endfacet
  facet normal 0.608761 -0.793354 0
    outer loop
      vertex 14.5183 -19.9827 0
      vertex 15.5442 -19.1955 6
      vertex 14.5183 -19.9827 6
    endloop
  endfacet
  facet normal 0.608761 -0.793354 0
    outer loop
      vertex 15.5442 -19.1955 6
      vertex 14.5183 -19.9827 0
      vertex 15.5442 -19.1955 0
    endloop
  endfacet
  facet normal -0.430495 0.902593 0
    outer loop
      vertex -10.0464 22.5646 0
      vertex -11.2136 22.0079 6
      vertex -10.0464 22.5646 6
    endloop
  endfacet
  facet normal -0.430495 0.902593 0
    outer loop
      vertex -11.2136 22.0079 6
      vertex -10.0464 22.5646 0
      vertex -11.2136 22.0079 0
    endloop
  endfacet
  facet normal -0.0784143 -0.996921 0
    outer loop
      vertex -2.58185 -24.5647 0
      vertex -1.2927 -24.6661 6
      vertex -2.58185 -24.5647 6
    endloop
  endfacet
  facet normal -0.0784143 -0.996921 -0
    outer loop
      vertex -1.2927 -24.6661 6
      vertex -2.58185 -24.5647 0
      vertex -1.2927 -24.6661 0
    endloop
  endfacet
  facet normal 0 0 -1
    outer loop
      vertex 24.6661 -1.2927 0
      vertex 24.6661 1.2927 0
      vertex 24.7 0 0
    endloop
  endfacet
  facet normal 0 0 -1
    outer loop
      vertex 24.5647 -2.58185 0
      vertex 24.6661 1.2927 0
      vertex 24.6661 -1.2927 0
    endloop
  endfacet
  facet normal 0 0 -1
    outer loop
      vertex 24.5647 -2.58185 0
      vertex 24.5647 2.58185 0
      vertex 24.6661 1.2927 0
    endloop
  endfacet
  facet normal 0 0 -1
    outer loop
      vertex 24.3959 -3.86393 0
      vertex 24.5647 2.58185 0
      vertex 24.5647 -2.58185 0
    endloop
  endfacet
  facet normal 0 0 -1
    outer loop
      vertex 24.3959 -3.86393 0
      vertex 24.3959 3.86393 0
      vertex 24.5647 2.58185 0
    endloop
  endfacet
  facet normal 0 0 -1
    outer loop
      vertex 24.1602 -5.13542 0
      vertex 24.3959 3.86393 0
      vertex 24.3959 -3.86393 0
    endloop
  endfacet
  facet normal 0 0 -1
    outer loop
      vertex 24.1602 -5.13542 0
      vertex 24.1602 5.13542 0
      vertex 24.3959 3.86393 0
    endloop
  endfacet
  facet normal 0 0 -1
    outer loop
      vertex 23.8584 -6.39283 0
      vertex 24.1602 5.13542 0
      vertex 24.1602 -5.13542 0
    endloop
  endfacet
  facet normal 0 0 -1
    outer loop
      vertex 23.8584 -6.39283 0
      vertex 23.8584 6.39283 0
      vertex 24.1602 5.13542 0
    endloop
  endfacet
  facet normal 0 0 -1
    outer loop
      vertex 23.4911 -7.63272 0
      vertex 23.8584 6.39283 0
      vertex 23.8584 -6.39283 0
    endloop
  endfacet
  facet normal 0 0 -1
    outer loop
      vertex 23.4911 -7.63272 0
      vertex 23.4911 7.63272 0
      vertex 23.8584 6.39283 0
    endloop
  endfacet
  facet normal 0 0 -1
    outer loop
      vertex 23.0594 -8.85169 0
      vertex 23.4911 7.63272 0
      vertex 23.4911 -7.63272 0
    endloop
  endfacet
  facet normal 0 0 -1
    outer loop
      vertex 23.0594 -8.85169 0
      vertex 23.0594 8.85169 0
      vertex 23.4911 7.63272 0
    endloop
  endfacet
  facet normal 0 0 -1
    outer loop
      vertex 22.5646 -10.0464 0
      vertex 23.0594 8.85169 0
      vertex 23.0594 -8.85169 0
    endloop
  endfacet
  facet normal 0 0 -1
    outer loop
      vertex 22.5646 -10.0464 0
      vertex 22.5646 10.0464 0
      vertex 23.0594 8.85169 0
    endloop
  endfacet
  facet normal 0 0 -1
    outer loop
      vertex 22.0079 -11.2136 0
      vertex 22.5646 10.0464 0
      vertex 22.5646 -10.0464 0
    endloop
  endfacet
  facet normal 0 0 -1
    outer loop
      vertex 22.0079 -11.2136 0
      vertex 22.0079 11.2136 0
      vertex 22.5646 10.0464 0
    endloop
  endfacet
  facet normal 0 0 -1
    outer loop
      vertex 21.3908 -12.35 0
      vertex 22.0079 11.2136 0
      vertex 22.0079 -11.2136 0
    endloop
  endfacet
  facet normal 0 0 -1
    outer loop
      vertex 21.3908 -12.35 0
      vertex 21.3908 12.35 0
      vertex 22.0079 11.2136 0
    endloop
  endfacet
  facet normal 0 0 -1
    outer loop
      vertex 20.7152 -13.4526 0
      vertex 21.3908 12.35 0
      vertex 21.3908 -12.35 0
    endloop
  endfacet
  facet normal 0 0 -1
    outer loop
      vertex 20.7152 -13.4526 0
      vertex 20.7152 13.4526 0
      vertex 21.3908 12.35 0
    endloop
  endfacet
  facet normal 0 0 -1
    outer loop
      vertex 19.9827 -14.5183 0
      vertex 20.7152 13.4526 0
      vertex 20.7152 -13.4526 0
    endloop
  endfacet
  facet normal 0 0 -1
    outer loop
      vertex 19.9827 -14.5183 0
      vertex 19.9827 14.5183 0
      vertex 20.7152 13.4526 0
    endloop
  endfacet
  facet normal 0 0 -1
    outer loop
      vertex 19.1955 -15.5442 0
      vertex 19.9827 14.5183 0
      vertex 19.9827 -14.5183 0
    endloop
  endfacet
  facet normal 0 0 -1
    outer loop
      vertex 19.1955 -15.5442 0
      vertex 19.1955 15.5442 0
      vertex 19.9827 14.5183 0
    endloop
  endfacet
  facet normal 0 0 -1
    outer loop
      vertex 18.3557 -16.5275 0
      vertex 19.1955 15.5442 0
      vertex 19.1955 -15.5442 0
    endloop
  endfacet
  facet normal 0 0 -1
    outer loop
      vertex 18.3557 -16.5275 0
      vertex 18.3557 16.5275 0
      vertex 19.1955 15.5442 0
    endloop
  endfacet
  facet normal 0 0 -1
    outer loop
      vertex 17.4655 -17.4655 0
      vertex 18.3557 16.5275 0
      vertex 18.3557 -16.5275 0
    endloop
  endfacet
  facet normal 0 0 -1
    outer loop
      vertex 17.4655 -17.4655 0
      vertex 17.4655 17.4655 0
      vertex 18.3557 16.5275 0
    endloop
  endfacet
  facet normal 0 0 -1
    outer loop
      vertex 16.5275 -18.3557 0
      vertex 17.4655 17.4655 0
      vertex 17.4655 -17.4655 0
    endloop
  endfacet
  facet normal 0 0 -1
    outer loop
      vertex 16.5275 -18.3557 0
      vertex 16.5275 18.3557 0
      vertex 17.4655 17.4655 0
    endloop
  endfacet
  facet normal 0 0 -1
    outer loop
      vertex 15.5442 -19.1955 0
      vertex 16.5275 18.3557 0
      vertex 16.5275 -18.3557 0
    endloop
  endfacet
  facet normal 0 0 -1
    outer loop
      vertex 15.5442 -19.1955 0
      vertex 15.5442 19.1955 0
      vertex 16.5275 18.3557 0
    endloop
  endfacet
  facet normal 0 0 -1
    outer loop
      vertex 14.5183 -19.9827 0
      vertex 15.5442 19.1955 0
      vertex 15.5442 -19.1955 0
    endloop
  endfacet
  facet normal 0 0 -1
    outer loop
      vertex 14.5183 -19.9827 0
      vertex 14.5183 19.9827 0
      vertex 15.5442 19.1955 0
    endloop
  endfacet
  facet normal 0 0 -1
    outer loop
      vertex 13.4526 -20.7152 0
      vertex 14.5183 19.9827 0
      vertex 14.5183 -19.9827 0
    endloop
  endfacet
  facet normal 0 0 -1
    outer loop
      vertex 13.4526 -20.7152 0
      vertex 13.4526 20.7152 0
      vertex 14.5183 19.9827 0
    endloop
  endfacet
  facet normal 0 0 -1
    outer loop
      vertex 12.35 -21.3908 0
      vertex 13.4526 20.7152 0
      vertex 13.4526 -20.7152 0
    endloop
  endfacet
  facet normal 0 0 -1
    outer loop
      vertex 12.35 -21.3908 0
      vertex 12.35 21.3908 0
      vertex 13.4526 20.7152 0
    endloop
  endfacet
  facet normal 0 0 -1
    outer loop
      vertex 11.2136 -22.0079 0
      vertex 12.35 21.3908 0
      vertex 12.35 -21.3908 0
    endloop
  endfacet
  facet normal 0 0 -1
    outer loop
      vertex 11.2136 -22.0079 0
      vertex 11.2136 22.0079 0
      vertex 12.35 21.3908 0
    endloop
  endfacet
  facet normal 0 0 -1
    outer loop
      vertex 10.0464 -22.5646 0
      vertex 11.2136 22.0079 0
      vertex 11.2136 -22.0079 0
    endloop
  endfacet
  facet normal 0 0 -1
    outer loop
      vertex 10.0464 -22.5646 0
      vertex 10.0464 22.5646 0
      vertex 11.2136 22.0079 0
    endloop
  endfacet
  facet normal 0 0 -1
    outer loop
      vertex 8.85169 -23.0594 0
      vertex 10.0464 22.5646 0
      vertex 10.0464 -22.5646 0
    endloop
  endfacet
  facet normal 0 0 -1
    outer loop
      vertex 8.85169 -23.0594 0
      vertex 8.85169 23.0594 0
      vertex 10.0464 22.5646 0
    endloop
  endfacet
  facet normal 0 0 -1
    outer loop
      vertex 7.63272 -23.4911 0
      vertex 8.85169 23.0594 0
      vertex 8.85169 -23.0594 0
    endloop
  endfacet
  facet normal 0 0 -1
    outer loop
      vertex 7.63272 -23.4911 0
      vertex 7.63272 23.4911 0
      vertex 8.85169 23.0594 0
    endloop
  endfacet
  facet normal 0 0 -1
    outer loop
      vertex 6.39283 -23.8584 0
      vertex 7.63272 23.4911 0
      vertex 7.63272 -23.4911 0
    endloop
  endfacet
  facet normal 0 0 -1
    outer loop
      vertex 6.39283 -23.8584 0
      vertex 6.39283 23.8584 0
      vertex 7.63272 23.4911 0
    endloop
  endfacet
  facet normal 0 0 -1
    outer loop
      vertex 5.13542 -24.1602 0
      vertex 6.39283 23.8584 0
      vertex 6.39283 -23.8584 0
    endloop
  endfacet
  facet normal 0 0 -1
    outer loop
      vertex 5.13542 -24.1602 0
      vertex 5.13542 24.1602 0
      vertex 6.39283 23.8584 0
    endloop
  endfacet
  facet normal 0 0 -1
    outer loop
      vertex 3.86393 -24.3959 0
      vertex 5.13542 24.1602 0
      vertex 5.13542 -24.1602 0
    endloop
  endfacet
  facet normal 0 0 -1
    outer loop
      vertex 3.86393 -24.3959 0
      vertex 3.86393 24.3959 0
      vertex 5.13542 24.1602 0
    endloop
  endfacet
  facet normal 0 0 -1
    outer loop
      vertex 2.58185 -24.5647 0
      vertex 3.86393 24.3959 0
      vertex 3.86393 -24.3959 0
    endloop
  endfacet
  facet normal 0 0 -1
    outer loop
      vertex 2.58185 -24.5647 0
      vertex 2.58185 24.5647 0
      vertex 3.86393 24.3959 0
    endloop
  endfacet
  facet normal 0 0 -1
    outer loop
      vertex 1.2927 -24.6661 0
      vertex 2.58185 24.5647 0
      vertex 2.58185 -24.5647 0
    endloop
  endfacet
  facet normal 0 0 -1
    outer loop
      vertex 1.2927 -24.6661 0
      vertex 1.2927 24.6661 0
      vertex 2.58185 24.5647 0
    endloop
  endfacet
  facet normal 0 0 -1
    outer loop
      vertex 0 -24.7 0
      vertex 1.2927 24.6661 0
      vertex 1.2927 -24.6661 0
    endloop
  endfacet
  facet normal 0 0 -1
    outer loop
      vertex 0 -24.7 0
      vertex 0 24.7 0
      vertex 1.2927 24.6661 0
    endloop
  endfacet
  facet normal 0 0 -1
    outer loop
      vertex -1.2927 -24.6661 0
      vertex 0 24.7 0
      vertex 0 -24.7 0
    endloop
  endfacet
  facet normal 0 0 -1
    outer loop
      vertex -1.2927 -24.6661 0
      vertex -1.2927 24.6661 0
      vertex 0 24.7 0
    endloop
  endfacet
  facet normal 0 0 -1
    outer loop
      vertex -2.58185 -24.5647 0
      vertex -1.2927 24.6661 0
      vertex -1.2927 -24.6661 0
    endloop
  endfacet
  facet normal 0 0 -1
    outer loop
      vertex -2.58185 -24.5647 0
      vertex -2.58185 24.5647 0
      vertex -1.2927 24.6661 0
    endloop
  endfacet
  facet normal 0 0 -1
    outer loop
      vertex -3.86393 -24.3959 0
      vertex -2.58185 24.5647 0
      vertex -2.58185 -24.5647 0
    endloop
  endfacet
  facet normal 0 0 -1
    outer loop
      vertex -3.86393 -24.3959 0
      vertex -3.86393 24.3959 0
      vertex -2.58185 24.5647 0
    endloop
  endfacet
  facet normal 0 0 -1
    outer loop
      vertex -5.13542 -24.1602 0
      vertex -3.86393 24.3959 0
      vertex -3.86393 -24.3959 0
    endloop
  endfacet
  facet normal 0 0 -1
    outer loop
      vertex -5.13542 -24.1602 0
      vertex -5.13542 24.1602 0
      vertex -3.86393 24.3959 0
    endloop
  endfacet
  facet normal 0 0 -1
    outer loop
      vertex -6.39283 -23.8584 0
      vertex -5.13542 24.1602 0
      vertex -5.13542 -24.1602 0
    endloop
  endfacet
  facet normal 0 0 -1
    outer loop
      vertex -6.39283 -23.8584 0
      vertex -6.39283 23.8584 0
      vertex -5.13542 24.1602 0
    endloop
  endfacet
  facet normal 0 0 -1
    outer loop
      vertex -7.63272 -23.4911 0
      vertex -6.39283 23.8584 0
      vertex -6.39283 -23.8584 0
    endloop
  endfacet
  facet normal 0 0 -1
    outer loop
      vertex -7.63272 -23.4911 0
      vertex -7.63272 23.4911 0
      vertex -6.39283 23.8584 0
    endloop
  endfacet
  facet normal 0 0 -1
    outer loop
      vertex -8.85169 -23.0594 0
      vertex -7.63272 23.4911 0
      vertex -7.63272 -23.4911 0
    endloop
  endfacet
  facet normal 0 0 -1
    outer loop
      vertex -8.85169 -23.0594 0
      vertex -8.85169 23.0594 0
      vertex -7.63272 23.4911 0
    endloop
  endfacet
  facet normal 0 0 -1
    outer loop
      vertex -10.0464 -22.5646 0
      vertex -8.85169 23.0594 0
      vertex -8.85169 -23.0594 0
    endloop
  endfacet
  facet normal 0 0 -1
    outer loop
      vertex -10.0464 -22.5646 0
      vertex -10.0464 22.5646 0
      vertex -8.85169 23.0594 0
    endloop
  endfacet
  facet normal 0 0 -1
    outer loop
      vertex -11.2136 -22.0079 0
      vertex -10.0464 22.5646 0
      vertex -10.0464 -22.5646 0
    endloop
  endfacet
  facet normal 0 0 -1
    outer loop
      vertex -11.2136 -22.0079 0
      vertex -11.2136 22.0079 0
      vertex -10.0464 22.5646 0
    endloop
  endfacet
  facet normal 0 0 -1
    outer loop
      vertex -12.35 -21.3908 0
      vertex -11.2136 22.0079 0
      vertex -11.2136 -22.0079 0
    endloop
  endfacet
  facet normal 0 0 -1
    outer loop
      vertex -12.35 -21.3908 0
      vertex -12.35 21.3908 0
      vertex -11.2136 22.0079 0
    endloop
  endfacet
  facet normal 0 0 -1
    outer loop
      vertex -13.4526 -20.7152 0
      vertex -12.35 21.3908 0
      vertex -12.35 -21.3908 0
    endloop
  endfacet
  facet normal 0 0 -1
    outer loop
      vertex -13.4526 -20.7152 0
      vertex -13.4526 20.7152 0
      vertex -12.35 21.3908 0
    endloop
  endfacet
  facet normal 0 0 -1
    outer loop
      vertex -14.5183 -19.9827 0
      vertex -13.4526 20.7152 0
      vertex -13.4526 -20.7152 0
    endloop
  endfacet
  facet normal 0 0 -1
    outer loop
      vertex -14.5183 -19.9827 0
      vertex -14.5183 19.9827 0
      vertex -13.4526 20.7152 0
    endloop
  endfacet
  facet normal 0 0 -1
    outer loop
      vertex -15.5442 -19.1955 0
      vertex -14.5183 19.9827 0
      vertex -14.5183 -19.9827 0
    endloop
  endfacet
  facet normal 0 0 -1
    outer loop
      vertex -15.5442 -19.1955 0
      vertex -15.5442 19.1955 0
      vertex -14.5183 19.9827 0
    endloop
  endfacet
  facet normal 0 0 -1
    outer loop
      vertex -16.5275 -18.3557 0
      vertex -15.5442 19.1955 0
      vertex -15.5442 -19.1955 0
    endloop
  endfacet
  facet normal 0 0 -1
    outer loop
      vertex -16.5275 -18.3557 0
      vertex -16.5275 18.3557 0
      vertex -15.5442 19.1955 0
    endloop
  endfacet
  facet normal 0 0 -1
    outer loop
      vertex -17.4655 -17.4655 0
      vertex -16.5275 18.3557 0
      vertex -16.5275 -18.3557 0
    endloop
  endfacet
  facet normal 0 0 -1
    outer loop
      vertex -17.4655 -17.4655 0
      vertex -17.4655 17.4655 0
      vertex -16.5275 18.3557 0
    endloop
  endfacet
  facet normal 0 0 -1
    outer loop
      vertex -18.3557 -16.5275 0
      vertex -17.4655 17.4655 0
      vertex -17.4655 -17.4655 0
    endloop
  endfacet
  facet normal 0 0 -1
    outer loop
      vertex -18.3557 -16.5275 0
      vertex -18.3557 16.5275 0
      vertex -17.4655 17.4655 0
    endloop
  endfacet
  facet normal 0 0 -1
    outer loop
      vertex -19.1955 -15.5442 0
      vertex -18.3557 16.5275 0
      vertex -18.3557 -16.5275 0
    endloop
  endfacet
  facet normal 0 0 -1
    outer loop
      vertex -19.1955 -15.5442 0
      vertex -19.1955 15.5442 0
      vertex -18.3557 16.5275 0
    endloop
  endfacet
  facet normal 0 0 -1
    outer loop
      vertex -19.9827 -14.5183 0
      vertex -19.1955 15.5442 0
      vertex -19.1955 -15.5442 0
    endloop
  endfacet
  facet normal 0 0 -1
    outer loop
      vertex -19.9827 -14.5183 0
      vertex -19.9827 14.5183 0
      vertex -19.1955 15.5442 0
    endloop
  endfacet
  facet normal 0 0 -1
    outer loop
      vertex -20.7152 -13.4526 0
      vertex -19.9827 14.5183 0
      vertex -19.9827 -14.5183 0
    endloop
  endfacet
  facet normal 0 0 -1
    outer loop
      vertex -20.7152 -13.4526 0
      vertex -20.7152 13.4526 0
      vertex -19.9827 14.5183 0
    endloop
  endfacet
  facet normal 0 0 -1
    outer loop
      vertex -21.3908 -12.35 0
      vertex -20.7152 13.4526 0
      vertex -20.7152 -13.4526 0
    endloop
  endfacet
  facet normal 0 0 -1
    outer loop
      vertex -21.3908 -12.35 0
      vertex -21.3908 12.35 0
      vertex -20.7152 13.4526 0
    endloop
  endfacet
  facet normal 0 0 -1
    outer loop
      vertex -22.0079 -11.2136 0
      vertex -21.3908 12.35 0
      vertex -21.3908 -12.35 0
    endloop
  endfacet
  facet normal 0 0 -1
    outer loop
      vertex -22.0079 -11.2136 0
      vertex -22.0079 11.2136 0
      vertex -21.3908 12.35 0
    endloop
  endfacet
  facet normal 0 0 -1
    outer loop
      vertex -22.5646 -10.0464 0
      vertex -22.0079 11.2136 0
      vertex -22.0079 -11.2136 0
    endloop
  endfacet
  facet normal 0 0 -1
    outer loop
      vertex -22.5646 -10.0464 0
      vertex -22.5646 10.0464 0
      vertex -22.0079 11.2136 0
    endloop
  endfacet
  facet normal 0 0 -1
    outer loop
      vertex -23.0594 -8.85169 0
      vertex -22.5646 10.0464 0
      vertex -22.5646 -10.0464 0
    endloop
  endfacet
  facet normal 0 0 -1
    outer loop
      vertex -23.0594 -8.85169 0
      vertex -23.0594 8.85169 0
      vertex -22.5646 10.0464 0
    endloop
  endfacet
  facet normal 0 0 -1
    outer loop
      vertex -23.4911 -7.63272 0
      vertex -23.0594 8.85169 0
      vertex -23.0594 -8.85169 0
    endloop
  endfacet
  facet normal 0 0 -1
    outer loop
      vertex -23.4911 -7.63272 0
      vertex -23.4911 7.63272 0
      vertex -23.0594 8.85169 0
    endloop
  endfacet
  facet normal 0 0 -1
    outer loop
      vertex -23.8584 -6.39283 0
      vertex -23.4911 7.63272 0
      vertex -23.4911 -7.63272 0
    endloop
  endfacet
  facet normal 0 0 -1
    outer loop
      vertex -23.8584 -6.39283 0
      vertex -23.8584 6.39283 0
      vertex -23.4911 7.63272 0
    endloop
  endfacet
  facet normal 0 0 -1
    outer loop
      vertex -24.1602 -5.13542 0
      vertex -23.8584 6.39283 0
      vertex -23.8584 -6.39283 0
    endloop
  endfacet
  facet normal 0 0 -1
    outer loop
      vertex -24.1602 -5.13542 0
      vertex -24.1602 5.13542 0
      vertex -23.8584 6.39283 0
    endloop
  endfacet
  facet normal 0 0 -1
    outer loop
      vertex -24.3959 -3.86393 0
      vertex -24.1602 5.13542 0
      vertex -24.1602 -5.13542 0
    endloop
  endfacet
  facet normal 0 0 -1
    outer loop
      vertex -24.3959 -3.86393 0
      vertex -24.3959 3.86393 0
      vertex -24.1602 5.13542 0
    endloop
  endfacet
  facet normal 0 0 -1
    outer loop
      vertex -24.5647 -2.58185 0
      vertex -24.3959 3.86393 0
      vertex -24.3959 -3.86393 0
    endloop
  endfacet
  facet normal 0 0 -1
    outer loop
      vertex -24.5647 -2.58185 0
      vertex -24.5647 2.58185 0
      vertex -24.3959 3.86393 0
    endloop
  endfacet
  facet normal 0 0 -1
    outer loop
      vertex -24.6661 -1.2927 0
      vertex -24.5647 2.58185 0
      vertex -24.5647 -2.58185 0
    endloop
  endfacet
  facet normal 0 0 -1
    outer loop
      vertex -24.6661 -1.2927 0
      vertex -24.6661 1.2927 0
      vertex -24.5647 2.58185 0
    endloop
  endfacet
  facet normal 0 -0 -1
    outer loop
      vertex -24.6661 1.2927 0
      vertex -24.6661 -1.2927 0
      vertex -24.7 0 0
    endloop
  endfacet
  facet normal -0.233389 0.972384 0
    outer loop
      vertex -5.13542 24.1602 0
      vertex -6.39283 23.8584 6
      vertex -5.13542 24.1602 6
    endloop
  endfacet
  facet normal -0.233389 0.972384 0
    outer loop
      vertex -6.39283 23.8584 6
      vertex -5.13542 24.1602 0
      vertex -6.39283 23.8584 0
    endloop
  endfacet
  facet normal -0.999656 0.0262152 0
    outer loop
      vertex -24.7 0 0
      vertex -24.6661 1.2927 6
      vertex -24.6661 1.2927 0
    endloop
  endfacet
  facet normal -0.999656 0.0262152 0
    outer loop
      vertex -24.6661 1.2927 6
      vertex -24.7 0 0
      vertex -24.7 0 6
    endloop
  endfacet
  facet normal -0.983249 0.182268 0
    outer loop
      vertex -24.3959 3.86393 0
      vertex -24.1602 5.13542 6
      vertex -24.1602 5.13542 0
    endloop
  endfacet
  facet normal -0.983249 0.182268 0
    outer loop
      vertex -24.1602 5.13542 6
      vertex -24.3959 3.86393 0
      vertex -24.3959 3.86393 6
    endloop
  endfacet
  facet normal -0.991444 0.130535 0
    outer loop
      vertex -24.5647 2.58185 0
      vertex -24.3959 3.86393 6
      vertex -24.3959 3.86393 0
    endloop
  endfacet
  facet normal -0.991444 0.130535 0
    outer loop
      vertex -24.3959 3.86393 6
      vertex -24.5647 2.58185 0
      vertex -24.5647 2.58185 6
    endloop
  endfacet
  facet normal 0.725347 -0.688384 0
    outer loop
      vertex 17.4655 -17.4655 6
      vertex 18.3557 -16.5275 0
      vertex 18.3557 -16.5275 6
    endloop
  endfacet
  facet normal 0.725347 -0.688384 0
    outer loop
      vertex 18.3557 -16.5275 0
      vertex 17.4655 -17.4655 6
      vertex 17.4655 -17.4655 0
    endloop
  endfacet
  facet normal -0.958814 -0.284035 0
    outer loop
      vertex -23.4911 -7.63272 0
      vertex -23.8584 -6.39283 6
      vertex -23.8584 -6.39283 0
    endloop
  endfacet
  facet normal -0.958814 -0.284035 0
    outer loop
      vertex -23.8584 -6.39283 6
      vertex -23.4911 -7.63272 0
      vertex -23.4911 -7.63272 6
    endloop
  endfacet
  facet normal 0 0 1
    outer loop
      vertex -11.2648 -13.9109 6
      vertex -13.3969 -14.5636 6
      vertex -13.3407 -14.9907 6
    endloop
  endfacet
  facet normal 0 0 1
    outer loop
      vertex -12.6572 -12.6572 6
      vertex -13.5617 -14.1657 6
      vertex -13.3969 -14.5636 6
    endloop
  endfacet
  facet normal 0 0 1
    outer loop
      vertex -12.6572 -12.6572 6
      vertex -13.8239 -13.8239 6
      vertex -13.5617 -14.1657 6
    endloop
  endfacet
  facet normal 0 0 1
    outer loop
      vertex -14.5636 -13.3969 6
      vertex -13.3023 -11.9774 6
      vertex -13.9109 -11.2648 6
    endloop
  endfacet
  facet normal 0 0 1
    outer loop
      vertex -12.6572 -12.6572 6
      vertex -14.1657 -13.5617 6
      vertex -13.8239 -13.8239 6
    endloop
  endfacet
  facet normal 0 0 1
    outer loop
      vertex -14.9907 -13.3407 6
      vertex -13.9109 -11.2648 6
      vertex -14.4814 -10.5214 6
    endloop
  endfacet
  facet normal 0 0 1
    outer loop
      vertex -13.3023 -11.9774 6
      vertex -14.5636 -13.3969 6
      vertex -14.1657 -13.5617 6
    endloop
  endfacet
  facet normal 0 0 1
    outer loop
      vertex -13.9109 -11.2648 6
      vertex -14.9907 -13.3407 6
      vertex -14.5636 -13.3969 6
    endloop
  endfacet
  facet normal 0 0 1
    outer loop
      vertex -15.8157 -13.5617 6
      vertex -14.4814 -10.5214 6
      vertex -15.0122 -9.74904 6
    endloop
  endfacet
  facet normal 0 0 1
    outer loop
      vertex -14.4814 -10.5214 6
      vertex -15.4177 -13.3969 6
      vertex -14.9907 -13.3407 6
    endloop
  endfacet
  facet normal 0 0 1
    outer loop
      vertex -16.1574 -13.8239 6
      vertex -15.0122 -9.74904 6
      vertex -15.5019 -8.95 6
    endloop
  endfacet
  facet normal 0 0 1
    outer loop
      vertex -14.4814 -10.5214 6
      vertex -15.8157 -13.5617 6
      vertex -15.4177 -13.3969 6
    endloop
  endfacet
  facet normal 0 0 1
    outer loop
      vertex -21.3908 -12.35 6
      vertex -15.5019 -8.95 6
      vertex -15.949 -8.12643 6
    endloop
  endfacet
  facet normal 0 0 1
    outer loop
      vertex -15.0122 -9.74904 6
      vertex -16.1574 -13.8239 6
      vertex -15.8157 -13.5617 6
    endloop
  endfacet
  facet normal 0 0 1
    outer loop
      vertex -22.0079 -11.2136 6
      vertex -15.949 -8.12643 6
      vertex -16.3525 -7.28059 6
    endloop
  endfacet
  facet normal 0 0 1
    outer loop
      vertex -15.5019 -8.95 6
      vertex -21.3908 -12.35 6
      vertex -16.1574 -13.8239 6
    endloop
  endfacet
  facet normal -0 -0 1
    outer loop
      vertex -20.7152 -13.4526 6
      vertex -16.1574 -13.8239 6
      vertex -21.3908 -12.35 6
    endloop
  endfacet
  facet normal 0 -0 1
    outer loop
      vertex -19.9827 -14.5183 6
      vertex -16.4196 -14.1657 6
      vertex -20.7152 -13.4526 6
    endloop
  endfacet
  facet normal 0 0 1
    outer loop
      vertex -22.5646 -10.0464 6
      vertex -16.3525 -7.28059 6
      vertex -16.7111 -6.41479 6
    endloop
  endfacet
  facet normal 0 0 1
    outer loop
      vertex -11.9774 13.3023 6
      vertex -13.5617 14.1657 6
      vertex -12.6572 12.6572 6
    endloop
  endfacet
  facet normal -0 0 1
    outer loop
      vertex -13.8239 13.8239 6
      vertex -12.6572 12.6572 6
      vertex -13.5617 14.1657 6
    endloop
  endfacet
  facet normal -0 0 1
    outer loop
      vertex -14.1657 13.5617 6
      vertex -12.6572 12.6572 6
      vertex -13.8239 13.8239 6
    endloop
  endfacet
  facet normal 0 0 1
    outer loop
      vertex -12.6572 12.6572 6
      vertex -14.1657 13.5617 6
      vertex -13.3023 11.9774 6
    endloop
  endfacet
  facet normal -0 0 1
    outer loop
      vertex -14.5636 13.3969 6
      vertex -13.3023 11.9774 6
      vertex -14.1657 13.5617 6
    endloop
  endfacet
  facet normal 0 0 1
    outer loop
      vertex -13.3023 11.9774 6
      vertex -14.5636 13.3969 6
      vertex -13.9109 11.2648 6
    endloop
  endfacet
  facet normal -0 0 1
    outer loop
      vertex -14.9907 13.3407 6
      vertex -13.9109 11.2648 6
      vertex -14.5636 13.3969 6
    endloop
  endfacet
  facet normal 0 0 1
    outer loop
      vertex -13.9109 11.2648 6
      vertex -14.9907 13.3407 6
      vertex -14.4814 10.5214 6
    endloop
  endfacet
  facet normal 0 0 1
    outer loop
      vertex -15.4177 13.3969 6
      vertex -14.4814 10.5214 6
      vertex -14.9907 13.3407 6
    endloop
  endfacet
  facet normal 0 0 1
    outer loop
      vertex -15.8157 13.5617 6
      vertex -14.4814 10.5214 6
      vertex -15.4177 13.3969 6
    endloop
  endfacet
  facet normal 0 0 1
    outer loop
      vertex -14.4814 10.5214 6
      vertex -15.8157 13.5617 6
      vertex -15.0122 9.74904 6
    endloop
  endfacet
  facet normal 0 0 1
    outer loop
      vertex -16.1574 13.8239 6
      vertex -15.0122 9.74904 6
      vertex -15.8157 13.5617 6
    endloop
  endfacet
  facet normal 0 0 1
    outer loop
      vertex -15.0122 9.74904 6
      vertex -16.1574 13.8239 6
      vertex -15.5019 8.95 6
    endloop
  endfacet
  facet normal -0 0 1
    outer loop
      vertex -21.3908 12.35 6
      vertex -15.5019 8.95 6
      vertex -16.1574 13.8239 6
    endloop
  endfacet
  facet normal 0 0 1
    outer loop
      vertex -15.5019 8.95 6
      vertex -21.3908 12.35 6
      vertex -15.949 8.12643 6
    endloop
  endfacet
  facet normal 0 0 1
    outer loop
      vertex -20.7152 13.4526 6
      vertex -16.1574 13.8239 6
      vertex -16.4196 14.1657 6
    endloop
  endfacet
  facet normal -0 0 1
    outer loop
      vertex -19.9827 14.5183 6
      vertex -16.4196 14.1657 6
      vertex -16.5844 14.5636 6
    endloop
  endfacet
  facet normal 0 0 1
    outer loop
      vertex -19.1955 15.5442 6
      vertex -16.5844 14.5636 6
      vertex -16.6407 14.9907 6
    endloop
  endfacet
  facet normal 0 0 1
    outer loop
      vertex -16.1574 13.8239 6
      vertex -20.7152 13.4526 6
      vertex -21.3908 12.35 6
    endloop
  endfacet
  facet normal 0 0 1
    outer loop
      vertex 19.1955 -15.5442 6
      vertex 16.5844 -14.5636 6
      vertex 16.6407 -14.9907 6
    endloop
  endfacet
  facet normal 0 0 1
    outer loop
      vertex 21.3908 -12.35 6
      vertex 16.4196 -14.1657 6
      vertex 16.5844 -14.5636 6
    endloop
  endfacet
  facet normal 0 0 1
    outer loop
      vertex 22.0079 -11.2136 6
      vertex 15.949 -8.12643 6
      vertex 21.3908 -12.35 6
    endloop
  endfacet
  facet normal -0 0 1
    outer loop
      vertex 15.5019 -8.95 6
      vertex 21.3908 -12.35 6
      vertex 15.949 -8.12643 6
    endloop
  endfacet
  facet normal 0 0 1
    outer loop
      vertex 21.3908 -12.35 6
      vertex 16.1574 -13.8239 6
      vertex 16.4196 -14.1657 6
    endloop
  endfacet
  facet normal 0 0 1
    outer loop
      vertex 21.3908 -12.35 6
      vertex 15.5019 -8.95 6
      vertex 16.1574 -13.8239 6
    endloop
  endfacet
  facet normal -0 0 1
    outer loop
      vertex 15.0122 -9.74904 6
      vertex 16.1574 -13.8239 6
      vertex 15.5019 -8.95 6
    endloop
  endfacet
  facet normal 0 0 1
    outer loop
      vertex 16.1574 -13.8239 6
      vertex 15.0122 -9.74904 6
      vertex 15.8157 -13.5617 6
    endloop
  endfacet
  facet normal -0 0 1
    outer loop
      vertex 14.4814 -10.5214 6
      vertex 15.8157 -13.5617 6
      vertex 15.0122 -9.74904 6
    endloop
  endfacet
  facet normal 0 0 1
    outer loop
      vertex 15.8157 -13.5617 6
      vertex 14.4814 -10.5214 6
      vertex 15.4177 -13.3969 6
    endloop
  endfacet
  facet normal 0 0 1
    outer loop
      vertex 15.4177 -13.3969 6
      vertex 14.4814 -10.5214 6
      vertex 14.9907 -13.3407 6
    endloop
  endfacet
  facet normal -0 0 1
    outer loop
      vertex 13.9109 -11.2648 6
      vertex 14.9907 -13.3407 6
      vertex 14.4814 -10.5214 6
    endloop
  endfacet
  facet normal 0 0 1
    outer loop
      vertex 14.9907 -13.3407 6
      vertex 13.9109 -11.2648 6
      vertex 14.5636 -13.3969 6
    endloop
  endfacet
  facet normal -0 0 1
    outer loop
      vertex 13.3023 -11.9774 6
      vertex 14.5636 -13.3969 6
      vertex 13.9109 -11.2648 6
    endloop
  endfacet
  facet normal 0 0 1
    outer loop
      vertex 14.5636 -13.3969 6
      vertex 13.3023 -11.9774 6
      vertex 14.1657 -13.5617 6
    endloop
  endfacet
  facet normal -0 0 1
    outer loop
      vertex 12.6572 -12.6572 6
      vertex 14.1657 -13.5617 6
      vertex 13.3023 -11.9774 6
    endloop
  endfacet
  facet normal 0 0 1
    outer loop
      vertex 14.1657 -13.5617 6
      vertex 12.6572 -12.6572 6
      vertex 13.8239 -13.8239 6
    endloop
  endfacet
  facet normal -0 0 1
    outer loop
      vertex 11.9774 -13.3023 6
      vertex 13.5617 -14.1657 6
      vertex 12.6572 -12.6572 6
    endloop
  endfacet
  facet normal 0 0 1
    outer loop
      vertex 13.8239 -13.8239 6
      vertex 12.6572 -12.6572 6
      vertex 13.5617 -14.1657 6
    endloop
  endfacet
  facet normal 0 0 1
    outer loop
      vertex 17.9 0 6
      vertex 24.7 0 6
      vertex 24.6661 1.2927 6
    endloop
  endfacet
  facet normal 0 0 1
    outer loop
      vertex 17.8755 0.936813 6
      vertex 24.6661 1.2927 6
      vertex 24.5647 2.58185 6
    endloop
  endfacet
  facet normal 0 0 1
    outer loop
      vertex 24.7 0 6
      vertex 17.9 0 6
      vertex 24.6661 -1.2927 6
    endloop
  endfacet
  facet normal 0 0 1
    outer loop
      vertex 17.8019 1.87106 6
      vertex 24.5647 2.58185 6
      vertex 24.3959 3.86393 6
    endloop
  endfacet
  facet normal -0 0 1
    outer loop
      vertex 17.8755 -0.936813 6
      vertex 24.6661 -1.2927 6
      vertex 17.9 0 6
    endloop
  endfacet
  facet normal 0 0 1
    outer loop
      vertex 17.6796 2.80018 6
      vertex 24.3959 3.86393 6
      vertex 24.1602 5.13542 6
    endloop
  endfacet
  facet normal 0 0 1
    outer loop
      vertex 24.6661 -1.2927 6
      vertex 17.8755 -0.936813 6
      vertex 24.5647 -2.58185 6
    endloop
  endfacet
  facet normal 0 0 1
    outer loop
      vertex 17.5088 3.72162 6
      vertex 24.1602 5.13542 6
      vertex 23.8584 6.39283 6
    endloop
  endfacet
  facet normal -0 0 1
    outer loop
      vertex 17.8019 -1.87106 6
      vertex 24.5647 -2.58185 6
      vertex 17.8755 -0.936813 6
    endloop
  endfacet
  facet normal 0 0 1
    outer loop
      vertex 17.2901 4.63286 6
      vertex 23.8584 6.39283 6
      vertex 23.4911 7.63272 6
    endloop
  endfacet
  facet normal 0 0 1
    outer loop
      vertex 24.5647 -2.58185 6
      vertex 17.8019 -1.87106 6
      vertex 24.3959 -3.86393 6
    endloop
  endfacet
  facet normal 0 0 1
    outer loop
      vertex 17.0239 5.5314 6
      vertex 23.4911 7.63272 6
      vertex 23.0594 8.85169 6
    endloop
  endfacet
  facet normal -0 0 1
    outer loop
      vertex 17.6796 -2.80018 6
      vertex 24.3959 -3.86393 6
      vertex 17.8019 -1.87106 6
    endloop
  endfacet
  facet normal 0 0 1
    outer loop
      vertex 16.7111 6.41479 6
      vertex 23.0594 8.85169 6
      vertex 22.5646 10.0464 6
    endloop
  endfacet
  facet normal 0 0 1
    outer loop
      vertex 24.3959 -3.86393 6
      vertex 17.6796 -2.80018 6
      vertex 24.1602 -5.13542 6
    endloop
  endfacet
  facet normal 0 0 1
    outer loop
      vertex 16.3525 7.28059 6
      vertex 22.5646 10.0464 6
      vertex 22.0079 11.2136 6
    endloop
  endfacet
  facet normal -0 0 1
    outer loop
      vertex 17.5088 -3.72162 6
      vertex 24.1602 -5.13542 6
      vertex 17.6796 -2.80018 6
    endloop
  endfacet
  facet normal 0 0 1
    outer loop
      vertex 15.949 8.12643 6
      vertex 22.0079 11.2136 6
      vertex 21.3908 12.35 6
    endloop
  endfacet
  facet normal 0 0 1
    outer loop
      vertex 24.1602 -5.13542 6
      vertex 17.5088 -3.72162 6
      vertex 23.8584 -6.39283 6
    endloop
  endfacet
  facet normal 0 0 1
    outer loop
      vertex 16.1574 13.8239 6
      vertex 21.3908 12.35 6
      vertex 20.7152 13.4526 6
    endloop
  endfacet
  facet normal -0 0 1
    outer loop
      vertex 17.2901 -4.63286 6
      vertex 23.8584 -6.39283 6
      vertex 17.5088 -3.72162 6
    endloop
  endfacet
  facet normal -0 0 1
    outer loop
      vertex 16.4196 14.1657 6
      vertex 20.7152 13.4526 6
      vertex 19.9827 14.5183 6
    endloop
  endfacet
  facet normal 0 0 1
    outer loop
      vertex 23.8584 -6.39283 6
      vertex 17.2901 -4.63286 6
      vertex 23.4911 -7.63272 6
    endloop
  endfacet
  facet normal -0 0 1
    outer loop
      vertex 16.5844 14.5636 6
      vertex 19.9827 14.5183 6
      vertex 19.1955 15.5442 6
    endloop
  endfacet
  facet normal -0 0 1
    outer loop
      vertex 17.0239 -5.5314 6
      vertex 23.4911 -7.63272 6
      vertex 17.2901 -4.63286 6
    endloop
  endfacet
  facet normal 0 0 1
    outer loop
      vertex 16.6407 14.9907 6
      vertex 19.1955 15.5442 6
      vertex 18.3557 16.5275 6
    endloop
  endfacet
  facet normal 0 0 1
    outer loop
      vertex 23.4911 -7.63272 6
      vertex 17.0239 -5.5314 6
      vertex 23.0594 -8.85169 6
    endloop
  endfacet
  facet normal -0 0 1
    outer loop
      vertex 16.7111 -6.41479 6
      vertex 23.0594 -8.85169 6
      vertex 17.0239 -5.5314 6
    endloop
  endfacet
  facet normal 0 0 1
    outer loop
      vertex 24.6661 1.2927 6
      vertex 17.8755 0.936813 6
      vertex 17.9 0 6
    endloop
  endfacet
  facet normal 0 0 1
    outer loop
      vertex 24.5647 2.58185 6
      vertex 17.8019 1.87106 6
      vertex 17.8755 0.936813 6
    endloop
  endfacet
  facet normal 0 0 1
    outer loop
      vertex 24.3959 3.86393 6
      vertex 17.6796 2.80018 6
      vertex 17.8019 1.87106 6
    endloop
  endfacet
  facet normal 0 0 1
    outer loop
      vertex 24.1602 5.13542 6
      vertex 17.5088 3.72162 6
      vertex 17.6796 2.80018 6
    endloop
  endfacet
  facet normal 0 0 1
    outer loop
      vertex 16.4196 15.8157 6
      vertex 18.3557 16.5275 6
      vertex 17.4655 17.4655 6
    endloop
  endfacet
  facet normal 0 0 1
    outer loop
      vertex 23.8584 6.39283 6
      vertex 17.2901 4.63286 6
      vertex 17.5088 3.72162 6
    endloop
  endfacet
  facet normal 0 0 1
    outer loop
      vertex 23.4911 7.63272 6
      vertex 17.0239 5.5314 6
      vertex 17.2901 4.63286 6
    endloop
  endfacet
  facet normal 0 0 1
    outer loop
      vertex 19.9827 14.5183 6
      vertex 16.5844 14.5636 6
      vertex 16.4196 14.1657 6
    endloop
  endfacet
  facet normal 0 0 1
    outer loop
      vertex 19.1955 15.5442 6
      vertex 16.6407 14.9907 6
      vertex 16.5844 14.5636 6
    endloop
  endfacet
  facet normal 0 0 1
    outer loop
      vertex 18.3557 16.5275 6
      vertex 16.5844 15.4177 6
      vertex 16.6407 14.9907 6
    endloop
  endfacet
  facet normal 0 0 1
    outer loop
      vertex 15.8157 16.4196 6
      vertex 17.4655 17.4655 6
      vertex 16.5275 18.3557 6
    endloop
  endfacet
  facet normal 0 0 1
    outer loop
      vertex 18.3557 16.5275 6
      vertex 16.4196 15.8157 6
      vertex 16.5844 15.4177 6
    endloop
  endfacet
  facet normal 0 0 1
    outer loop
      vertex 17.4655 17.4655 6
      vertex 16.1574 16.1574 6
      vertex 16.4196 15.8157 6
    endloop
  endfacet
  facet normal 0 0 1
    outer loop
      vertex 17.4655 17.4655 6
      vertex 15.8157 16.4196 6
      vertex 16.1574 16.1574 6
    endloop
  endfacet
  facet normal 0 0 1
    outer loop
      vertex 14.9907 16.6407 6
      vertex 16.5275 18.3557 6
      vertex 15.5442 19.1955 6
    endloop
  endfacet
  facet normal 0 0 1
    outer loop
      vertex 16.5275 18.3557 6
      vertex 15.4177 16.5844 6
      vertex 15.8157 16.4196 6
    endloop
  endfacet
  facet normal 0 0 1
    outer loop
      vertex 16.5275 18.3557 6
      vertex 14.9907 16.6407 6
      vertex 15.4177 16.5844 6
    endloop
  endfacet
  facet normal 0 0 1
    outer loop
      vertex 15.5442 19.1955 6
      vertex 14.5636 16.5844 6
      vertex 14.9907 16.6407 6
    endloop
  endfacet
  facet normal 0 0 1
    outer loop
      vertex 14.5183 19.9827 6
      vertex 14.5636 16.5844 6
      vertex 15.5442 19.1955 6
    endloop
  endfacet
  facet normal 0 0 1
    outer loop
      vertex 14.5183 19.9827 6
      vertex 14.1657 16.4196 6
      vertex 14.5636 16.5844 6
    endloop
  endfacet
  facet normal 0 0 1
    outer loop
      vertex 13.4526 20.7152 6
      vertex 14.1657 16.4196 6
      vertex 14.5183 19.9827 6
    endloop
  endfacet
  facet normal 0 0 1
    outer loop
      vertex 14.1657 16.4196 6
      vertex 13.4526 20.7152 6
      vertex 13.8239 16.1574 6
    endloop
  endfacet
  facet normal 0 0 1
    outer loop
      vertex 12.35 21.3908 6
      vertex 13.8239 16.1574 6
      vertex 13.4526 20.7152 6
    endloop
  endfacet
  facet normal 0 0 1
    outer loop
      vertex 8.95 15.5019 6
      vertex 13.8239 16.1574 6
      vertex 12.35 21.3908 6
    endloop
  endfacet
  facet normal 0 -0 1
    outer loop
      vertex 10.5214 14.4814 6
      vertex 13.5617 15.8157 6
      vertex 9.74904 15.0122 6
    endloop
  endfacet
  facet normal 0 0 1
    outer loop
      vertex 14.1657 13.5617 6
      vertex 12.6572 12.6572 6
      vertex 13.3023 11.9774 6
    endloop
  endfacet
  facet normal 0 0 1
    outer loop
      vertex 13.5617 15.8157 6
      vertex 10.5214 14.4814 6
      vertex 13.3969 15.4177 6
    endloop
  endfacet
  facet normal 0 -0 1
    outer loop
      vertex 9.74904 15.0122 6
      vertex 13.8239 16.1574 6
      vertex 8.95 15.5019 6
    endloop
  endfacet
  facet normal 0 0 1
    outer loop
      vertex 13.3969 14.5636 6
      vertex 11.9774 13.3023 6
      vertex 12.6572 12.6572 6
    endloop
  endfacet
  facet normal 0 0 1
    outer loop
      vertex 13.3969 14.5636 6
      vertex 11.2648 13.9109 6
      vertex 11.9774 13.3023 6
    endloop
  endfacet
  facet normal 0 0 1
    outer loop
      vertex 8.95 15.5019 6
      vertex 12.35 21.3908 6
      vertex 11.2136 22.0079 6
    endloop
  endfacet
  facet normal 0 0 1
    outer loop
      vertex 13.3407 14.9907 6
      vertex 10.5214 14.4814 6
      vertex 11.2648 13.9109 6
    endloop
  endfacet
  facet normal 0 0 1
    outer loop
      vertex 8.12643 15.949 6
      vertex 11.2136 22.0079 6
      vertex 10.0464 22.5646 6
    endloop
  endfacet
  facet normal 0 0 1
    outer loop
      vertex 13.3969 15.4177 6
      vertex 10.5214 14.4814 6
      vertex 13.3407 14.9907 6
    endloop
  endfacet
  facet normal 0 0 1
    outer loop
      vertex 13.8239 16.1574 6
      vertex 9.74904 15.0122 6
      vertex 13.5617 15.8157 6
    endloop
  endfacet
  facet normal 0 0 1
    outer loop
      vertex 7.28059 16.3525 6
      vertex 10.0464 22.5646 6
      vertex 8.85169 23.0594 6
    endloop
  endfacet
  facet normal 0 0 1
    outer loop
      vertex 11.2136 22.0079 6
      vertex 8.12643 15.949 6
      vertex 8.95 15.5019 6
    endloop
  endfacet
  facet normal 0 0 1
    outer loop
      vertex 6.41479 16.7111 6
      vertex 8.85169 23.0594 6
      vertex 7.63272 23.4911 6
    endloop
  endfacet
  facet normal 0 0 1
    outer loop
      vertex 10.0464 22.5646 6
      vertex 7.28059 16.3525 6
      vertex 8.12643 15.949 6
    endloop
  endfacet
  facet normal 0 0 1
    outer loop
      vertex 8.85169 23.0594 6
      vertex 6.41479 16.7111 6
      vertex 7.28059 16.3525 6
    endloop
  endfacet
  facet normal 0 0 1
    outer loop
      vertex 5.5314 17.0239 6
      vertex 7.63272 23.4911 6
      vertex 6.39283 23.8584 6
    endloop
  endfacet
  facet normal 0 0 1
    outer loop
      vertex 7.63272 23.4911 6
      vertex 5.5314 17.0239 6
      vertex 6.41479 16.7111 6
    endloop
  endfacet
  facet normal 0 0 1
    outer loop
      vertex 4.63286 17.2901 6
      vertex 6.39283 23.8584 6
      vertex 5.13542 24.1602 6
    endloop
  endfacet
  facet normal 0 0 1
    outer loop
      vertex 6.39283 23.8584 6
      vertex 4.63286 17.2901 6
      vertex 5.5314 17.0239 6
    endloop
  endfacet
  facet normal 0 0 1
    outer loop
      vertex 3.72162 17.5088 6
      vertex 5.13542 24.1602 6
      vertex 3.86393 24.3959 6
    endloop
  endfacet
  facet normal 0 0 1
    outer loop
      vertex 5.13542 24.1602 6
      vertex 3.72162 17.5088 6
      vertex 4.63286 17.2901 6
    endloop
  endfacet
  facet normal 0 0 1
    outer loop
      vertex 3.86393 24.3959 6
      vertex 2.80018 17.6796 6
      vertex 3.72162 17.5088 6
    endloop
  endfacet
  facet normal 0 0 1
    outer loop
      vertex 2.58185 24.5647 6
      vertex 2.80018 17.6796 6
      vertex 3.86393 24.3959 6
    endloop
  endfacet
  facet normal 0 0 1
    outer loop
      vertex 2.58185 24.5647 6
      vertex 1.87106 17.8019 6
      vertex 2.80018 17.6796 6
    endloop
  endfacet
  facet normal 0 0 1
    outer loop
      vertex 1.2927 24.6661 6
      vertex 1.87106 17.8019 6
      vertex 2.58185 24.5647 6
    endloop
  endfacet
  facet normal 0 0 1
    outer loop
      vertex 1.2927 24.6661 6
      vertex 0.936813 17.8755 6
      vertex 1.87106 17.8019 6
    endloop
  endfacet
  facet normal 0 0 1
    outer loop
      vertex 0 24.7 6
      vertex 0.936813 17.8755 6
      vertex 1.2927 24.6661 6
    endloop
  endfacet
  facet normal 0 0 1
    outer loop
      vertex 0 24.7 6
      vertex 0 17.9 6
      vertex 0.936813 17.8755 6
    endloop
  endfacet
  facet normal 0 0 1
    outer loop
      vertex 0 24.7 6
      vertex -0.936813 17.8755 6
      vertex 0 17.9 6
    endloop
  endfacet
  facet normal -0 0 1
    outer loop
      vertex -1.2927 24.6661 6
      vertex -0.936813 17.8755 6
      vertex 0 24.7 6
    endloop
  endfacet
  facet normal 0 0 1
    outer loop
      vertex -1.2927 24.6661 6
      vertex -1.87106 17.8019 6
      vertex -0.936813 17.8755 6
    endloop
  endfacet
  facet normal -0 0 1
    outer loop
      vertex -2.58185 24.5647 6
      vertex -1.87106 17.8019 6
      vertex -1.2927 24.6661 6
    endloop
  endfacet
  facet normal 0 0 1
    outer loop
      vertex -2.58185 24.5647 6
      vertex -2.80018 17.6796 6
      vertex -1.87106 17.8019 6
    endloop
  endfacet
  facet normal -0 0 1
    outer loop
      vertex -3.86393 24.3959 6
      vertex -2.80018 17.6796 6
      vertex -2.58185 24.5647 6
    endloop
  endfacet
  facet normal 0 0 1
    outer loop
      vertex -2.80018 17.6796 6
      vertex -3.86393 24.3959 6
      vertex -3.72162 17.5088 6
    endloop
  endfacet
  facet normal -0 0 1
    outer loop
      vertex -5.13542 24.1602 6
      vertex -3.72162 17.5088 6
      vertex -3.86393 24.3959 6
    endloop
  endfacet
  facet normal 0 0 1
    outer loop
      vertex -3.72162 17.5088 6
      vertex -5.13542 24.1602 6
      vertex -4.63286 17.2901 6
    endloop
  endfacet
  facet normal -0 0 1
    outer loop
      vertex -6.39283 23.8584 6
      vertex -4.63286 17.2901 6
      vertex -5.13542 24.1602 6
    endloop
  endfacet
  facet normal 0 0 1
    outer loop
      vertex -4.63286 17.2901 6
      vertex -6.39283 23.8584 6
      vertex -5.5314 17.0239 6
    endloop
  endfacet
  facet normal -0 0 1
    outer loop
      vertex -7.63272 23.4911 6
      vertex -5.5314 17.0239 6
      vertex -6.39283 23.8584 6
    endloop
  endfacet
  facet normal 0 0 1
    outer loop
      vertex -5.5314 17.0239 6
      vertex -7.63272 23.4911 6
      vertex -6.41479 16.7111 6
    endloop
  endfacet
  facet normal -0 0 1
    outer loop
      vertex -8.85169 23.0594 6
      vertex -6.41479 16.7111 6
      vertex -7.63272 23.4911 6
    endloop
  endfacet
  facet normal 0 0 1
    outer loop
      vertex -6.41479 16.7111 6
      vertex -8.85169 23.0594 6
      vertex -7.28059 16.3525 6
    endloop
  endfacet
  facet normal -0 0 1
    outer loop
      vertex -10.0464 22.5646 6
      vertex -7.28059 16.3525 6
      vertex -8.85169 23.0594 6
    endloop
  endfacet
  facet normal 0 0 1
    outer loop
      vertex -7.28059 16.3525 6
      vertex -10.0464 22.5646 6
      vertex -8.12643 15.949 6
    endloop
  endfacet
  facet normal -0 0 1
    outer loop
      vertex -11.2136 22.0079 6
      vertex -8.12643 15.949 6
      vertex -10.0464 22.5646 6
    endloop
  endfacet
  facet normal 0 0 1
    outer loop
      vertex -8.12643 15.949 6
      vertex -11.2136 22.0079 6
      vertex -8.95 15.5019 6
    endloop
  endfacet
  facet normal -0 0 1
    outer loop
      vertex -12.35 21.3908 6
      vertex -8.95 15.5019 6
      vertex -11.2136 22.0079 6
    endloop
  endfacet
  facet normal -0 0 1
    outer loop
      vertex -13.8239 16.1574 6
      vertex -8.95 15.5019 6
      vertex -12.35 21.3908 6
    endloop
  endfacet
  facet normal 0 0 1
    outer loop
      vertex -8.95 15.5019 6
      vertex -13.8239 16.1574 6
      vertex -9.74904 15.0122 6
    endloop
  endfacet
  facet normal 0 0 1
    outer loop
      vertex -9.74904 15.0122 6
      vertex -13.5617 15.8157 6
      vertex -10.5214 14.4814 6
    endloop
  endfacet
  facet normal -0 -0 1
    outer loop
      vertex -13.3969 15.4177 6
      vertex -10.5214 14.4814 6
      vertex -13.5617 15.8157 6
    endloop
  endfacet
  facet normal -0 -0 1
    outer loop
      vertex -13.3407 14.9907 6
      vertex -11.2648 13.9109 6
      vertex -13.3969 15.4177 6
    endloop
  endfacet
  facet normal -0 0 1
    outer loop
      vertex -13.3969 14.5636 6
      vertex -11.2648 13.9109 6
      vertex -13.3407 14.9907 6
    endloop
  endfacet
  facet normal -0 0 1
    outer loop
      vertex -13.5617 14.1657 6
      vertex -11.9774 13.3023 6
      vertex -13.3969 14.5636 6
    endloop
  endfacet
  facet normal 0 0 1
    outer loop
      vertex -11.2648 13.9109 6
      vertex -13.3969 14.5636 6
      vertex -11.9774 13.3023 6
    endloop
  endfacet
  facet normal 0 0 1
    outer loop
      vertex -13.8239 16.1574 6
      vertex -12.35 21.3908 6
      vertex -13.4526 20.7152 6
    endloop
  endfacet
  facet normal 0 0 1
    outer loop
      vertex -10.5214 14.4814 6
      vertex -13.3969 15.4177 6
      vertex -11.2648 13.9109 6
    endloop
  endfacet
  facet normal 0 0 1
    outer loop
      vertex -9.74904 15.0122 6
      vertex -13.8239 16.1574 6
      vertex -13.5617 15.8157 6
    endloop
  endfacet
  facet normal 0 0 1
    outer loop
      vertex -13.4526 20.7152 6
      vertex -14.1657 16.4196 6
      vertex -13.8239 16.1574 6
    endloop
  endfacet
  facet normal -0 0 1
    outer loop
      vertex -14.5183 19.9827 6
      vertex -14.1657 16.4196 6
      vertex -13.4526 20.7152 6
    endloop
  endfacet
  facet normal 0 0 1
    outer loop
      vertex -14.5183 19.9827 6
      vertex -14.5636 16.5844 6
      vertex -14.1657 16.4196 6
    endloop
  endfacet
  facet normal -0 0 1
    outer loop
      vertex -15.5442 19.1955 6
      vertex -14.5636 16.5844 6
      vertex -14.5183 19.9827 6
    endloop
  endfacet
  facet normal 0 0 1
    outer loop
      vertex -14.5636 16.5844 6
      vertex -15.5442 19.1955 6
      vertex -14.9907 16.6407 6
    endloop
  endfacet
  facet normal -0 0 1
    outer loop
      vertex -16.5275 18.3557 6
      vertex -14.9907 16.6407 6
      vertex -15.5442 19.1955 6
    endloop
  endfacet
  facet normal 0 0 1
    outer loop
      vertex -14.9907 16.6407 6
      vertex -16.5275 18.3557 6
      vertex -15.4177 16.5844 6
    endloop
  endfacet
  facet normal 0 0 1
    outer loop
      vertex -15.4177 16.5844 6
      vertex -16.5275 18.3557 6
      vertex -15.8157 16.4196 6
    endloop
  endfacet
  facet normal -0 0 1
    outer loop
      vertex -17.4655 17.4655 6
      vertex -15.8157 16.4196 6
      vertex -16.5275 18.3557 6
    endloop
  endfacet
  facet normal 0 0 1
    outer loop
      vertex -15.8157 16.4196 6
      vertex -17.4655 17.4655 6
      vertex -16.1574 16.1574 6
    endloop
  endfacet
  facet normal 0 0 1
    outer loop
      vertex -16.1574 16.1574 6
      vertex -17.4655 17.4655 6
      vertex -16.4196 15.8157 6
    endloop
  endfacet
  facet normal -0 0 1
    outer loop
      vertex -18.3557 16.5275 6
      vertex -16.4196 15.8157 6
      vertex -17.4655 17.4655 6
    endloop
  endfacet
  facet normal -0 0 1
    outer loop
      vertex -22.0079 11.2136 6
      vertex -15.949 8.12643 6
      vertex -21.3908 12.35 6
    endloop
  endfacet
  facet normal 0 0 1
    outer loop
      vertex -16.4196 15.8157 6
      vertex -18.3557 16.5275 6
      vertex -16.5844 15.4177 6
    endloop
  endfacet
  facet normal 0 0 1
    outer loop
      vertex -16.5844 15.4177 6
      vertex -18.3557 16.5275 6
      vertex -16.6407 14.9907 6
    endloop
  endfacet
  facet normal -0 0 1
    outer loop
      vertex -19.1955 15.5442 6
      vertex -16.6407 14.9907 6
      vertex -18.3557 16.5275 6
    endloop
  endfacet
  facet normal 0 0 1
    outer loop
      vertex -16.5844 14.5636 6
      vertex -19.1955 15.5442 6
      vertex -19.9827 14.5183 6
    endloop
  endfacet
  facet normal 0 0 1
    outer loop
      vertex -16.4196 14.1657 6
      vertex -19.9827 14.5183 6
      vertex -20.7152 13.4526 6
    endloop
  endfacet
  facet normal 0 0 1
    outer loop
      vertex -15.949 8.12643 6
      vertex -22.0079 11.2136 6
      vertex -16.3525 7.28059 6
    endloop
  endfacet
  facet normal -0 0 1
    outer loop
      vertex -22.5646 10.0464 6
      vertex -16.3525 7.28059 6
      vertex -22.0079 11.2136 6
    endloop
  endfacet
  facet normal 0 0 1
    outer loop
      vertex -16.3525 7.28059 6
      vertex -22.5646 10.0464 6
      vertex -16.7111 6.41479 6
    endloop
  endfacet
  facet normal -0 0 1
    outer loop
      vertex -23.0594 8.85169 6
      vertex -16.7111 6.41479 6
      vertex -22.5646 10.0464 6
    endloop
  endfacet
  facet normal 0 0 1
    outer loop
      vertex 23.0594 -8.85169 6
      vertex 16.7111 -6.41479 6
      vertex 22.5646 -10.0464 6
    endloop
  endfacet
  facet normal -0 0 1
    outer loop
      vertex 16.3525 -7.28059 6
      vertex 22.5646 -10.0464 6
      vertex 16.7111 -6.41479 6
    endloop
  endfacet
  facet normal 0 0 1
    outer loop
      vertex 22.5646 -10.0464 6
      vertex 16.3525 -7.28059 6
      vertex 22.0079 -11.2136 6
    endloop
  endfacet
  facet normal -0 0 1
    outer loop
      vertex 15.949 -8.12643 6
      vertex 22.0079 -11.2136 6
      vertex 16.3525 -7.28059 6
    endloop
  endfacet
  facet normal 0 0 1
    outer loop
      vertex 21.3908 -12.35 6
      vertex 16.5844 -14.5636 6
      vertex 20.7152 -13.4526 6
    endloop
  endfacet
  facet normal 0 0 1
    outer loop
      vertex 16.5844 -14.5636 6
      vertex 19.9827 -14.5183 6
      vertex 20.7152 -13.4526 6
    endloop
  endfacet
  facet normal -0 0 1
    outer loop
      vertex 16.5844 -14.5636 6
      vertex 19.1955 -15.5442 6
      vertex 19.9827 -14.5183 6
    endloop
  endfacet
  facet normal 0 0 1
    outer loop
      vertex 19.1955 -15.5442 6
      vertex 16.6407 -14.9907 6
      vertex 18.3557 -16.5275 6
    endloop
  endfacet
  facet normal -0 0 1
    outer loop
      vertex 16.5844 -15.4177 6
      vertex 18.3557 -16.5275 6
      vertex 16.6407 -14.9907 6
    endloop
  endfacet
  facet normal -0 0 1
    outer loop
      vertex 16.4196 -15.8157 6
      vertex 18.3557 -16.5275 6
      vertex 16.5844 -15.4177 6
    endloop
  endfacet
  facet normal 0 0 1
    outer loop
      vertex 18.3557 -16.5275 6
      vertex 16.4196 -15.8157 6
      vertex 17.4655 -17.4655 6
    endloop
  endfacet
  facet normal -0 0 1
    outer loop
      vertex 16.1574 -16.1574 6
      vertex 17.4655 -17.4655 6
      vertex 16.4196 -15.8157 6
    endloop
  endfacet
  facet normal -0 0 1
    outer loop
      vertex 15.8157 -16.4196 6
      vertex 17.4655 -17.4655 6
      vertex 16.1574 -16.1574 6
    endloop
  endfacet
  facet normal 0 0 1
    outer loop
      vertex 17.4655 -17.4655 6
      vertex 15.8157 -16.4196 6
      vertex 16.5275 -18.3557 6
    endloop
  endfacet
  facet normal -0 0 1
    outer loop
      vertex 15.4177 -16.5844 6
      vertex 16.5275 -18.3557 6
      vertex 15.8157 -16.4196 6
    endloop
  endfacet
  facet normal -0 0 1
    outer loop
      vertex 14.9907 -16.6407 6
      vertex 16.5275 -18.3557 6
      vertex 15.4177 -16.5844 6
    endloop
  endfacet
  facet normal 0 0 1
    outer loop
      vertex 16.5275 -18.3557 6
      vertex 14.9907 -16.6407 6
      vertex 15.5442 -19.1955 6
    endloop
  endfacet
  facet normal 0 0 1
    outer loop
      vertex 14.5636 -16.5844 6
      vertex 15.5442 -19.1955 6
      vertex 14.9907 -16.6407 6
    endloop
  endfacet
  facet normal 0 0 1
    outer loop
      vertex 14.5636 -16.5844 6
      vertex 14.5183 -19.9827 6
      vertex 15.5442 -19.1955 6
    endloop
  endfacet
  facet normal 0 0 1
    outer loop
      vertex 14.1657 -16.4196 6
      vertex 14.5183 -19.9827 6
      vertex 14.5636 -16.5844 6
    endloop
  endfacet
  facet normal 0 0 1
    outer loop
      vertex 13.4526 -20.7152 6
      vertex 14.1657 -16.4196 6
      vertex 13.8239 -16.1574 6
    endloop
  endfacet
  facet normal 0 0 1
    outer loop
      vertex 9.74904 -15.0122 6
      vertex 13.8239 -16.1574 6
      vertex 13.5617 -15.8157 6
    endloop
  endfacet
  facet normal 0 0 1
    outer loop
      vertex 14.1657 -16.4196 6
      vertex 13.4526 -20.7152 6
      vertex 14.5183 -19.9827 6
    endloop
  endfacet
  facet normal 0 0 1
    outer loop
      vertex 10.5214 -14.4814 6
      vertex 13.5617 -15.8157 6
      vertex 13.3969 -15.4177 6
    endloop
  endfacet
  facet normal 0 0 1
    outer loop
      vertex 10.5214 -14.4814 6
      vertex 13.3969 -15.4177 6
      vertex 13.3407 -14.9907 6
    endloop
  endfacet
  facet normal 0 0 1
    outer loop
      vertex 13.5617 -14.1657 6
      vertex 11.9774 -13.3023 6
      vertex 13.3969 -14.5636 6
    endloop
  endfacet
  facet normal -0 0 1
    outer loop
      vertex 11.2648 -13.9109 6
      vertex 13.3969 -14.5636 6
      vertex 11.9774 -13.3023 6
    endloop
  endfacet
  facet normal 0 0 1
    outer loop
      vertex 13.3969 -14.5636 6
      vertex 11.2648 -13.9109 6
      vertex 13.3407 -14.9907 6
    endloop
  endfacet
  facet normal -0 0 1
    outer loop
      vertex 10.5214 -14.4814 6
      vertex 13.3407 -14.9907 6
      vertex 11.2648 -13.9109 6
    endloop
  endfacet
  facet normal 0 0 1
    outer loop
      vertex 13.5617 -15.8157 6
      vertex 10.5214 -14.4814 6
      vertex 9.74904 -15.0122 6
    endloop
  endfacet
  facet normal 0 0 1
    outer loop
      vertex 13.8239 -16.1574 6
      vertex 9.74904 -15.0122 6
      vertex 8.95 -15.5019 6
    endloop
  endfacet
  facet normal 0 0 1
    outer loop
      vertex 13.8239 -16.1574 6
      vertex 12.35 -21.3908 6
      vertex 13.4526 -20.7152 6
    endloop
  endfacet
  facet normal 0 0 1
    outer loop
      vertex 13.8239 -16.1574 6
      vertex 8.95 -15.5019 6
      vertex 12.35 -21.3908 6
    endloop
  endfacet
  facet normal 0 0 1
    outer loop
      vertex 12.35 -21.3908 6
      vertex 8.95 -15.5019 6
      vertex 11.2136 -22.0079 6
    endloop
  endfacet
  facet normal -0 0 1
    outer loop
      vertex 8.12643 -15.949 6
      vertex 11.2136 -22.0079 6
      vertex 8.95 -15.5019 6
    endloop
  endfacet
  facet normal 0 0 1
    outer loop
      vertex 11.2136 -22.0079 6
      vertex 8.12643 -15.949 6
      vertex 10.0464 -22.5646 6
    endloop
  endfacet
  facet normal -0 0 1
    outer loop
      vertex 7.28059 -16.3525 6
      vertex 10.0464 -22.5646 6
      vertex 8.12643 -15.949 6
    endloop
  endfacet
  facet normal 0 0 1
    outer loop
      vertex 10.0464 -22.5646 6
      vertex 7.28059 -16.3525 6
      vertex 8.85169 -23.0594 6
    endloop
  endfacet
  facet normal -0 0 1
    outer loop
      vertex 6.41479 -16.7111 6
      vertex 8.85169 -23.0594 6
      vertex 7.28059 -16.3525 6
    endloop
  endfacet
  facet normal 0 0 1
    outer loop
      vertex 8.85169 -23.0594 6
      vertex 6.41479 -16.7111 6
      vertex 7.63272 -23.4911 6
    endloop
  endfacet
  facet normal -0 0 1
    outer loop
      vertex 5.5314 -17.0239 6
      vertex 7.63272 -23.4911 6
      vertex 6.41479 -16.7111 6
    endloop
  endfacet
  facet normal 0 0 1
    outer loop
      vertex 7.63272 -23.4911 6
      vertex 5.5314 -17.0239 6
      vertex 6.39283 -23.8584 6
    endloop
  endfacet
  facet normal -0 0 1
    outer loop
      vertex 4.63286 -17.2901 6
      vertex 6.39283 -23.8584 6
      vertex 5.5314 -17.0239 6
    endloop
  endfacet
  facet normal 0 0 1
    outer loop
      vertex 6.39283 -23.8584 6
      vertex 4.63286 -17.2901 6
      vertex 5.13542 -24.1602 6
    endloop
  endfacet
  facet normal -0 0 1
    outer loop
      vertex 3.72162 -17.5088 6
      vertex 5.13542 -24.1602 6
      vertex 4.63286 -17.2901 6
    endloop
  endfacet
  facet normal 0 0 1
    outer loop
      vertex 5.13542 -24.1602 6
      vertex 3.72162 -17.5088 6
      vertex 3.86393 -24.3959 6
    endloop
  endfacet
  facet normal -0 0 1
    outer loop
      vertex 2.80018 -17.6796 6
      vertex 3.86393 -24.3959 6
      vertex 3.72162 -17.5088 6
    endloop
  endfacet
  facet normal 0 0 1
    outer loop
      vertex 2.80018 -17.6796 6
      vertex 2.58185 -24.5647 6
      vertex 3.86393 -24.3959 6
    endloop
  endfacet
  facet normal -0 0 1
    outer loop
      vertex 1.87106 -17.8019 6
      vertex 2.58185 -24.5647 6
      vertex 2.80018 -17.6796 6
    endloop
  endfacet
  facet normal 0 0 1
    outer loop
      vertex 1.87106 -17.8019 6
      vertex 1.2927 -24.6661 6
      vertex 2.58185 -24.5647 6
    endloop
  endfacet
  facet normal -0 0 1
    outer loop
      vertex 0.936813 -17.8755 6
      vertex 1.2927 -24.6661 6
      vertex 1.87106 -17.8019 6
    endloop
  endfacet
  facet normal -0 0 1
    outer loop
      vertex 0 -17.9 6
      vertex 1.2927 -24.6661 6
      vertex 0.936813 -17.8755 6
    endloop
  endfacet
  facet normal 0 0 1
    outer loop
      vertex 0 -17.9 6
      vertex 0 -24.7 6
      vertex 1.2927 -24.6661 6
    endloop
  endfacet
  facet normal 0 0 1
    outer loop
      vertex -0.936813 -17.8755 6
      vertex 0 -24.7 6
      vertex 0 -17.9 6
    endloop
  endfacet
  facet normal 0 0 1
    outer loop
      vertex -0.936813 -17.8755 6
      vertex -1.2927 -24.6661 6
      vertex 0 -24.7 6
    endloop
  endfacet
  facet normal 0 0 1
    outer loop
      vertex -1.87106 -17.8019 6
      vertex -1.2927 -24.6661 6
      vertex -0.936813 -17.8755 6
    endloop
  endfacet
  facet normal 0 0 1
    outer loop
      vertex -1.87106 -17.8019 6
      vertex -2.58185 -24.5647 6
      vertex -1.2927 -24.6661 6
    endloop
  endfacet
  facet normal 0 0 1
    outer loop
      vertex -2.80018 -17.6796 6
      vertex -2.58185 -24.5647 6
      vertex -1.87106 -17.8019 6
    endloop
  endfacet
  facet normal 0 0 1
    outer loop
      vertex -3.86393 -24.3959 6
      vertex -2.80018 -17.6796 6
      vertex -3.72162 -17.5088 6
    endloop
  endfacet
  facet normal 0 0 1
    outer loop
      vertex -2.80018 -17.6796 6
      vertex -3.86393 -24.3959 6
      vertex -2.58185 -24.5647 6
    endloop
  endfacet
  facet normal 0 0 1
    outer loop
      vertex -5.13542 -24.1602 6
      vertex -3.72162 -17.5088 6
      vertex -4.63286 -17.2901 6
    endloop
  endfacet
  facet normal 0 0 1
    outer loop
      vertex -3.72162 -17.5088 6
      vertex -5.13542 -24.1602 6
      vertex -3.86393 -24.3959 6
    endloop
  endfacet
  facet normal 0 0 1
    outer loop
      vertex -6.39283 -23.8584 6
      vertex -4.63286 -17.2901 6
      vertex -5.5314 -17.0239 6
    endloop
  endfacet
  facet normal 0 0 1
    outer loop
      vertex -4.63286 -17.2901 6
      vertex -6.39283 -23.8584 6
      vertex -5.13542 -24.1602 6
    endloop
  endfacet
  facet normal 0 0 1
    outer loop
      vertex -7.63272 -23.4911 6
      vertex -5.5314 -17.0239 6
      vertex -6.41479 -16.7111 6
    endloop
  endfacet
  facet normal 0 0 1
    outer loop
      vertex -8.85169 -23.0594 6
      vertex -6.41479 -16.7111 6
      vertex -7.28059 -16.3525 6
    endloop
  endfacet
  facet normal 0 0 1
    outer loop
      vertex -5.5314 -17.0239 6
      vertex -7.63272 -23.4911 6
      vertex -6.39283 -23.8584 6
    endloop
  endfacet
  facet normal 0 0 1
    outer loop
      vertex -10.0464 -22.5646 6
      vertex -7.28059 -16.3525 6
      vertex -8.12643 -15.949 6
    endloop
  endfacet
  facet normal 0 0 1
    outer loop
      vertex -6.41479 -16.7111 6
      vertex -8.85169 -23.0594 6
      vertex -7.63272 -23.4911 6
    endloop
  endfacet
  facet normal 0 0 1
    outer loop
      vertex -11.2136 -22.0079 6
      vertex -8.12643 -15.949 6
      vertex -8.95 -15.5019 6
    endloop
  endfacet
  facet normal 0 0 1
    outer loop
      vertex -13.8239 -16.1574 6
      vertex -8.95 -15.5019 6
      vertex -9.74904 -15.0122 6
    endloop
  endfacet
  facet normal 0 0 1
    outer loop
      vertex -7.28059 -16.3525 6
      vertex -10.0464 -22.5646 6
      vertex -8.85169 -23.0594 6
    endloop
  endfacet
  facet normal 0 0 1
    outer loop
      vertex -13.5617 -15.8157 6
      vertex -9.74904 -15.0122 6
      vertex -10.5214 -14.4814 6
    endloop
  endfacet
  facet normal 0 0 1
    outer loop
      vertex -8.12643 -15.949 6
      vertex -11.2136 -22.0079 6
      vertex -10.0464 -22.5646 6
    endloop
  endfacet
  facet normal 0 0 1
    outer loop
      vertex -13.3969 -15.4177 6
      vertex -10.5214 -14.4814 6
      vertex -11.2648 -13.9109 6
    endloop
  endfacet
  facet normal 0 0 1
    outer loop
      vertex -13.3969 -14.5636 6
      vertex -11.2648 -13.9109 6
      vertex -11.9774 -13.3023 6
    endloop
  endfacet
  facet normal 0 0 1
    outer loop
      vertex -10.5214 -14.4814 6
      vertex -13.3969 -15.4177 6
      vertex -13.5617 -15.8157 6
    endloop
  endfacet
  facet normal 0 0 1
    outer loop
      vertex -13.3969 -14.5636 6
      vertex -11.9774 -13.3023 6
      vertex -12.6572 -12.6572 6
    endloop
  endfacet
  facet normal 0 0 1
    outer loop
      vertex -14.1657 -13.5617 6
      vertex -12.6572 -12.6572 6
      vertex -13.3023 -11.9774 6
    endloop
  endfacet
  facet normal 0 0 1
    outer loop
      vertex -11.2648 -13.9109 6
      vertex -13.3407 -14.9907 6
      vertex -13.3969 -15.4177 6
    endloop
  endfacet
  facet normal 0 0 1
    outer loop
      vertex -13.8239 -16.1574 6
      vertex -9.74904 -15.0122 6
      vertex -13.5617 -15.8157 6
    endloop
  endfacet
  facet normal 0 0 1
    outer loop
      vertex -8.95 -15.5019 6
      vertex -12.35 -21.3908 6
      vertex -11.2136 -22.0079 6
    endloop
  endfacet
  facet normal 0 0 1
    outer loop
      vertex -8.95 -15.5019 6
      vertex -13.8239 -16.1574 6
      vertex -12.35 -21.3908 6
    endloop
  endfacet
  facet normal 0 0 1
    outer loop
      vertex -12.35 -21.3908 6
      vertex -13.8239 -16.1574 6
      vertex -13.4526 -20.7152 6
    endloop
  endfacet
  facet normal -0 0 1
    outer loop
      vertex -14.1657 -16.4196 6
      vertex -13.4526 -20.7152 6
      vertex -13.8239 -16.1574 6
    endloop
  endfacet
  facet normal 0 0 1
    outer loop
      vertex -14.1657 -16.4196 6
      vertex -14.5183 -19.9827 6
      vertex -13.4526 -20.7152 6
    endloop
  endfacet
  facet normal -0 0 1
    outer loop
      vertex -14.5636 -16.5844 6
      vertex -14.5183 -19.9827 6
      vertex -14.1657 -16.4196 6
    endloop
  endfacet
  facet normal 0 0 1
    outer loop
      vertex -15.5442 -19.1955 6
      vertex -14.5636 -16.5844 6
      vertex -14.9907 -16.6407 6
    endloop
  endfacet
  facet normal 0 0 1
    outer loop
      vertex -16.5275 -18.3557 6
      vertex -14.9907 -16.6407 6
      vertex -15.4177 -16.5844 6
    endloop
  endfacet
  facet normal 0 0 1
    outer loop
      vertex -14.5636 -16.5844 6
      vertex -15.5442 -19.1955 6
      vertex -14.5183 -19.9827 6
    endloop
  endfacet
  facet normal 0 0 1
    outer loop
      vertex -16.5275 -18.3557 6
      vertex -15.4177 -16.5844 6
      vertex -15.8157 -16.4196 6
    endloop
  endfacet
  facet normal 0 0 1
    outer loop
      vertex -17.4655 -17.4655 6
      vertex -15.8157 -16.4196 6
      vertex -16.1574 -16.1574 6
    endloop
  endfacet
  facet normal 0 0 1
    outer loop
      vertex -17.4655 -17.4655 6
      vertex -16.1574 -16.1574 6
      vertex -16.4196 -15.8157 6
    endloop
  endfacet
  facet normal 0 0 1
    outer loop
      vertex -14.9907 -16.6407 6
      vertex -16.5275 -18.3557 6
      vertex -15.5442 -19.1955 6
    endloop
  endfacet
  facet normal 0 0 1
    outer loop
      vertex -18.3557 -16.5275 6
      vertex -16.4196 -15.8157 6
      vertex -16.5844 -15.4177 6
    endloop
  endfacet
  facet normal 0 0 1
    outer loop
      vertex -18.3557 -16.5275 6
      vertex -16.5844 -15.4177 6
      vertex -16.6407 -14.9907 6
    endloop
  endfacet
  facet normal 0 0 1
    outer loop
      vertex -23.0594 -8.85169 6
      vertex -16.7111 -6.41479 6
      vertex -17.0239 -5.5314 6
    endloop
  endfacet
  facet normal 0 0 1
    outer loop
      vertex -16.1574 -13.8239 6
      vertex -20.7152 -13.4526 6
      vertex -16.4196 -14.1657 6
    endloop
  endfacet
  facet normal 0 0 1
    outer loop
      vertex -23.4911 -7.63272 6
      vertex -17.0239 -5.5314 6
      vertex -17.2901 -4.63286 6
    endloop
  endfacet
  facet normal 0 0 1
    outer loop
      vertex -15.8157 -16.4196 6
      vertex -17.4655 -17.4655 6
      vertex -16.5275 -18.3557 6
    endloop
  endfacet
  facet normal 0 0 1
    outer loop
      vertex -23.8584 -6.39283 6
      vertex -17.2901 -4.63286 6
      vertex -17.5088 -3.72162 6
    endloop
  endfacet
  facet normal 0 0 1
    outer loop
      vertex -24.1602 -5.13542 6
      vertex -17.5088 -3.72162 6
      vertex -17.6796 -2.80018 6
    endloop
  endfacet
  facet normal 0 0 1
    outer loop
      vertex -24.3959 -3.86393 6
      vertex -17.6796 -2.80018 6
      vertex -17.8019 -1.87106 6
    endloop
  endfacet
  facet normal 0 0 1
    outer loop
      vertex -24.5647 -2.58185 6
      vertex -17.8019 -1.87106 6
      vertex -17.8755 -0.936813 6
    endloop
  endfacet
  facet normal 0 0 1
    outer loop
      vertex -24.6661 -1.2927 6
      vertex -17.8755 -0.936813 6
      vertex -17.9 0 6
    endloop
  endfacet
  facet normal 0 0 1
    outer loop
      vertex -16.7111 6.41479 6
      vertex -23.0594 8.85169 6
      vertex -17.0239 5.5314 6
    endloop
  endfacet
  facet normal 0 0 1
    outer loop
      vertex -16.4196 -15.8157 6
      vertex -18.3557 -16.5275 6
      vertex -17.4655 -17.4655 6
    endloop
  endfacet
  facet normal -0 0 1
    outer loop
      vertex -23.4911 7.63272 6
      vertex -17.0239 5.5314 6
      vertex -23.0594 8.85169 6
    endloop
  endfacet
  facet normal 0 0 1
    outer loop
      vertex -16.6407 -14.9907 6
      vertex -19.1955 -15.5442 6
      vertex -18.3557 -16.5275 6
    endloop
  endfacet
  facet normal 0 0 1
    outer loop
      vertex -17.0239 5.5314 6
      vertex -23.4911 7.63272 6
      vertex -17.2901 4.63286 6
    endloop
  endfacet
  facet normal 0 0 1
    outer loop
      vertex -16.5844 -14.5636 6
      vertex -19.1955 -15.5442 6
      vertex -16.6407 -14.9907 6
    endloop
  endfacet
  facet normal -0 0 1
    outer loop
      vertex -23.8584 6.39283 6
      vertex -17.2901 4.63286 6
      vertex -23.4911 7.63272 6
    endloop
  endfacet
  facet normal 0 -0 1
    outer loop
      vertex -19.1955 -15.5442 6
      vertex -16.5844 -14.5636 6
      vertex -19.9827 -14.5183 6
    endloop
  endfacet
  facet normal 0 0 1
    outer loop
      vertex -17.2901 4.63286 6
      vertex -23.8584 6.39283 6
      vertex -17.5088 3.72162 6
    endloop
  endfacet
  facet normal 0 0 1
    outer loop
      vertex -16.4196 -14.1657 6
      vertex -19.9827 -14.5183 6
      vertex -16.5844 -14.5636 6
    endloop
  endfacet
  facet normal -0 0 1
    outer loop
      vertex -24.1602 5.13542 6
      vertex -17.5088 3.72162 6
      vertex -23.8584 6.39283 6
    endloop
  endfacet
  facet normal 0 0 1
    outer loop
      vertex -15.949 -8.12643 6
      vertex -22.0079 -11.2136 6
      vertex -21.3908 -12.35 6
    endloop
  endfacet
  facet normal 0 0 1
    outer loop
      vertex -17.5088 3.72162 6
      vertex -24.1602 5.13542 6
      vertex -17.6796 2.80018 6
    endloop
  endfacet
  facet normal 0 0 1
    outer loop
      vertex -16.3525 -7.28059 6
      vertex -22.5646 -10.0464 6
      vertex -22.0079 -11.2136 6
    endloop
  endfacet
  facet normal -0 0 1
    outer loop
      vertex -24.3959 3.86393 6
      vertex -17.6796 2.80018 6
      vertex -24.1602 5.13542 6
    endloop
  endfacet
  facet normal 0 0 1
    outer loop
      vertex -16.7111 -6.41479 6
      vertex -23.0594 -8.85169 6
      vertex -22.5646 -10.0464 6
    endloop
  endfacet
  facet normal 0 0 1
    outer loop
      vertex -17.6796 2.80018 6
      vertex -24.3959 3.86393 6
      vertex -17.8019 1.87106 6
    endloop
  endfacet
  facet normal 0 0 1
    outer loop
      vertex -17.0239 -5.5314 6
      vertex -23.4911 -7.63272 6
      vertex -23.0594 -8.85169 6
    endloop
  endfacet
  facet normal -0 0 1
    outer loop
      vertex -24.5647 2.58185 6
      vertex -17.8019 1.87106 6
      vertex -24.3959 3.86393 6
    endloop
  endfacet
  facet normal 0 0 1
    outer loop
      vertex -17.2901 -4.63286 6
      vertex -23.8584 -6.39283 6
      vertex -23.4911 -7.63272 6
    endloop
  endfacet
  facet normal 0 0 1
    outer loop
      vertex -17.8019 1.87106 6
      vertex -24.5647 2.58185 6
      vertex -17.8755 0.936813 6
    endloop
  endfacet
  facet normal 0 0 1
    outer loop
      vertex -17.5088 -3.72162 6
      vertex -24.1602 -5.13542 6
      vertex -23.8584 -6.39283 6
    endloop
  endfacet
  facet normal -0 0 1
    outer loop
      vertex -24.6661 1.2927 6
      vertex -17.8755 0.936813 6
      vertex -24.5647 2.58185 6
    endloop
  endfacet
  facet normal 0 0 1
    outer loop
      vertex -17.6796 -2.80018 6
      vertex -24.3959 -3.86393 6
      vertex -24.1602 -5.13542 6
    endloop
  endfacet
  facet normal 0 0 1
    outer loop
      vertex -17.8755 0.936813 6
      vertex -24.6661 1.2927 6
      vertex -17.9 0 6
    endloop
  endfacet
  facet normal 0 0 1
    outer loop
      vertex -17.8019 -1.87106 6
      vertex -24.5647 -2.58185 6
      vertex -24.3959 -3.86393 6
    endloop
  endfacet
  facet normal 0 0 1
    outer loop
      vertex -24.7 0 6
      vertex -17.9 0 6
      vertex -24.6661 1.2927 6
    endloop
  endfacet
  facet normal 0 0 1
    outer loop
      vertex -17.8755 -0.936813 6
      vertex -24.6661 -1.2927 6
      vertex -24.5647 -2.58185 6
    endloop
  endfacet
  facet normal 0 0 1
    outer loop
      vertex -17.9 0 6
      vertex -24.7 0 6
      vertex -24.6661 -1.2927 6
    endloop
  endfacet
  facet normal 0 0 1
    outer loop
      vertex 23.0594 8.85169 6
      vertex 16.7111 6.41479 6
      vertex 17.0239 5.5314 6
    endloop
  endfacet
  facet normal 0 0 1
    outer loop
      vertex 20.7152 13.4526 6
      vertex 16.4196 14.1657 6
      vertex 16.1574 13.8239 6
    endloop
  endfacet
  facet normal 0 0 1
    outer loop
      vertex 22.5646 10.0464 6
      vertex 16.3525 7.28059 6
      vertex 16.7111 6.41479 6
    endloop
  endfacet
  facet normal 0 0 1
    outer loop
      vertex 21.3908 12.35 6
      vertex 16.1574 13.8239 6
      vertex 15.5019 8.95 6
    endloop
  endfacet
  facet normal 0 0 1
    outer loop
      vertex 22.0079 11.2136 6
      vertex 15.949 8.12643 6
      vertex 16.3525 7.28059 6
    endloop
  endfacet
  facet normal 0 0 1
    outer loop
      vertex 15.0122 9.74904 6
      vertex 16.1574 13.8239 6
      vertex 15.8157 13.5617 6
    endloop
  endfacet
  facet normal 0 0 1
    outer loop
      vertex 21.3908 12.35 6
      vertex 15.5019 8.95 6
      vertex 15.949 8.12643 6
    endloop
  endfacet
  facet normal 0 0 1
    outer loop
      vertex 14.4814 10.5214 6
      vertex 15.8157 13.5617 6
      vertex 15.4177 13.3969 6
    endloop
  endfacet
  facet normal 0 0 1
    outer loop
      vertex 16.1574 13.8239 6
      vertex 15.0122 9.74904 6
      vertex 15.5019 8.95 6
    endloop
  endfacet
  facet normal 0 0 1
    outer loop
      vertex 14.4814 10.5214 6
      vertex 15.4177 13.3969 6
      vertex 14.9907 13.3407 6
    endloop
  endfacet
  facet normal 0 0 1
    outer loop
      vertex 13.9109 11.2648 6
      vertex 14.9907 13.3407 6
      vertex 14.5636 13.3969 6
    endloop
  endfacet
  facet normal 0 0 1
    outer loop
      vertex 15.8157 13.5617 6
      vertex 14.4814 10.5214 6
      vertex 15.0122 9.74904 6
    endloop
  endfacet
  facet normal 0 0 1
    outer loop
      vertex 13.3023 11.9774 6
      vertex 14.5636 13.3969 6
      vertex 14.1657 13.5617 6
    endloop
  endfacet
  facet normal 0 0 1
    outer loop
      vertex 14.9907 13.3407 6
      vertex 13.9109 11.2648 6
      vertex 14.4814 10.5214 6
    endloop
  endfacet
  facet normal 0 0 1
    outer loop
      vertex 12.6572 12.6572 6
      vertex 14.1657 13.5617 6
      vertex 13.8239 13.8239 6
    endloop
  endfacet
  facet normal 0 0 1
    outer loop
      vertex 12.6572 12.6572 6
      vertex 13.8239 13.8239 6
      vertex 13.5617 14.1657 6
    endloop
  endfacet
  facet normal 0 0 1
    outer loop
      vertex 12.6572 12.6572 6
      vertex 13.5617 14.1657 6
      vertex 13.3969 14.5636 6
    endloop
  endfacet
  facet normal 0 0 1
    outer loop
      vertex 14.5636 13.3969 6
      vertex 13.3023 11.9774 6
      vertex 13.9109 11.2648 6
    endloop
  endfacet
  facet normal 0 0 1
    outer loop
      vertex 11.2648 13.9109 6
      vertex 13.3969 14.5636 6
      vertex 13.3407 14.9907 6
    endloop
  endfacet
  facet normal -0.87879 0.47721 0
    outer loop
      vertex -22.0079 11.2136 0
      vertex -21.3908 12.35 6
      vertex -21.3908 12.35 0
    endloop
  endfacet
  facet normal -0.87879 0.47721 0
    outer loop
      vertex -21.3908 12.35 6
      vertex -22.0079 11.2136 0
      vertex -22.0079 11.2136 6
    endloop
  endfacet
  facet normal -0.430495 -0.902593 0
    outer loop
      vertex -11.2136 -22.0079 0
      vertex -10.0464 -22.5646 6
      vertex -11.2136 -22.0079 6
    endloop
  endfacet
  facet normal -0.430495 -0.902593 -0
    outer loop
      vertex -10.0464 -22.5646 6
      vertex -11.2136 -22.0079 0
      vertex -10.0464 -22.5646 0
    endloop
  endfacet
  facet normal 0.923897 -0.38264 0
    outer loop
      vertex 22.5646 -10.0464 6
      vertex 23.0594 -8.85169 0
      vertex 23.0594 -8.85169 6
    endloop
  endfacet
  facet normal 0.923897 -0.38264 0
    outer loop
      vertex 23.0594 -8.85169 0
      vertex 22.5646 -10.0464 6
      vertex 22.5646 -10.0464 0
    endloop
  endfacet
  facet normal 0.942632 -0.333834 0
    outer loop
      vertex 23.0594 -8.85169 6
      vertex 23.4911 -7.63272 0
      vertex 23.4911 -7.63272 6
    endloop
  endfacet
  facet normal 0.942632 -0.333834 0
    outer loop
      vertex 23.4911 -7.63272 0
      vertex 23.0594 -8.85169 6
      vertex 23.0594 -8.85169 0
    endloop
  endfacet
  facet normal -0.56644 -0.824103 0
    outer loop
      vertex -14.5183 -19.9827 0
      vertex -13.4526 -20.7152 6
      vertex -14.5183 -19.9827 6
    endloop
  endfacet
  facet normal -0.56644 -0.824103 -0
    outer loop
      vertex -13.4526 -20.7152 6
      vertex -14.5183 -19.9827 0
      vertex -13.4526 -20.7152 0
    endloop
  endfacet
  facet normal -0.47721 0.87879 0
    outer loop
      vertex -11.2136 22.0079 0
      vertex -12.35 21.3908 6
      vertex -11.2136 22.0079 6
    endloop
  endfacet
  facet normal -0.47721 0.87879 0
    outer loop
      vertex -12.35 21.3908 6
      vertex -11.2136 22.0079 0
      vertex -12.35 21.3908 0
    endloop
  endfacet
  facet normal 0.0261436 -0.999658 0
    outer loop
      vertex -0.936813 17.8755 5.7
      vertex 0 17.9 6
      vertex -0.936813 17.8755 6
    endloop
  endfacet
  facet normal 0.0261436 -0.999658 0
    outer loop
      vertex 0 17.9 6
      vertex -0.936813 17.8755 5.7
      vertex 0 17.9 5.7
    endloop
  endfacet
  facet normal -0.130504 0.991448 0
    outer loop
      vertex 2.80018 -17.6796 5.7
      vertex 1.87106 -17.8019 6
      vertex 2.80018 -17.6796 6
    endloop
  endfacet
  facet normal -0.130504 0.991448 0
    outer loop
      vertex 1.87106 -17.8019 6
      vertex 2.80018 -17.6796 5.7
      vertex 1.87106 -17.8019 5.7
    endloop
  endfacet
  facet normal -0.688351 -0.725378 0
    outer loop
      vertex 11.9774 13.3023 5.7
      vertex 12.6572 12.6572 6
      vertex 11.9774 13.3023 6
    endloop
  endfacet
  facet normal -0.688351 -0.725378 -0
    outer loop
      vertex 12.6572 12.6572 6
      vertex 11.9774 13.3023 5.7
      vertex 12.6572 12.6572 5.7
    endloop
  endfacet
  facet normal 0.923889 0.38266 0
    outer loop
      vertex -16.3525 -7.28059 6
      vertex -16.7111 -6.41479 5.7
      vertex -16.7111 -6.41479 6
    endloop
  endfacet
  facet normal 0.923889 0.38266 0
    outer loop
      vertex -16.7111 -6.41479 5.7
      vertex -16.3525 -7.28059 6
      vertex -16.3525 -7.28059 5.7
    endloop
  endfacet
  facet normal -0.996911 0.0785367 0
    outer loop
      vertex 17.8019 -1.87106 5.7
      vertex 17.8755 -0.936813 6
      vertex 17.8755 -0.936813 5.7
    endloop
  endfacet
  facet normal -0.996911 0.0785367 0
    outer loop
      vertex 17.8755 -0.936813 6
      vertex 17.8019 -1.87106 5.7
      vertex 17.8019 -1.87106 6
    endloop
  endfacet
  facet normal -0.0261436 -0.999658 0
    outer loop
      vertex 0 17.9 5.7
      vertex 0.936813 17.8755 6
      vertex 0 17.9 6
    endloop
  endfacet
  facet normal -0.0261436 -0.999658 -0
    outer loop
      vertex 0.936813 17.8755 6
      vertex 0 17.9 5.7
      vertex 0.936813 17.8755 5.7
    endloop
  endfacet
  facet normal 0.182257 0.983251 -0
    outer loop
      vertex -2.80018 -17.6796 5.7
      vertex -3.72162 -17.5088 6
      vertex -2.80018 -17.6796 6
    endloop
  endfacet
  facet normal 0.182257 0.983251 0
    outer loop
      vertex -3.72162 -17.5088 6
      vertex -2.80018 -17.6796 5.7
      vertex -3.72162 -17.5088 5.7
    endloop
  endfacet
  facet normal -0.878845 -0.477108 0
    outer loop
      vertex 15.949 8.12643 5.7
      vertex 15.5019 8.95 6
      vertex 15.5019 8.95 5.7
    endloop
  endfacet
  facet normal -0.878845 -0.477108 0
    outer loop
      vertex 15.5019 8.95 6
      vertex 15.949 8.12643 5.7
      vertex 15.949 8.12643 6
    endloop
  endfacet
  facet normal 0.284055 0.958808 -0
    outer loop
      vertex -4.63286 -17.2901 5.7
      vertex -5.5314 -17.0239 6
      vertex -4.63286 -17.2901 6
    endloop
  endfacet
  facet normal 0.284055 0.958808 0
    outer loop
      vertex -5.5314 -17.0239 6
      vertex -4.63286 -17.2901 5.7
      vertex -5.5314 -17.0239 5.7
    endloop
  endfacet
  facet normal -0.972387 -0.233375 0
    outer loop
      vertex 17.5088 3.72162 5.7
      vertex 17.2901 4.63286 6
      vertex 17.2901 4.63286 5.7
    endloop
  endfacet
  facet normal -0.972387 -0.233375 0
    outer loop
      vertex 17.2901 4.63286 6
      vertex 17.5088 3.72162 5.7
      vertex 17.5088 3.72162 6
    endloop
  endfacet
  facet normal -0.996911 -0.0785367 0
    outer loop
      vertex 17.8755 0.936813 5.7
      vertex 17.8019 1.87106 6
      vertex 17.8019 1.87106 5.7
    endloop
  endfacet
  facet normal -0.996911 -0.0785367 0
    outer loop
      vertex 17.8019 1.87106 6
      vertex 17.8755 0.936813 5.7
      vertex 17.8755 0.936813 6
    endloop
  endfacet
  facet normal 0.991448 0.130504 0
    outer loop
      vertex -17.6796 -2.80018 6
      vertex -17.8019 -1.87106 5.7
      vertex -17.8019 -1.87106 6
    endloop
  endfacet
  facet normal 0.991448 0.130504 0
    outer loop
      vertex -17.8019 -1.87106 5.7
      vertex -17.6796 -2.80018 6
      vertex -17.6796 -2.80018 5.7
    endloop
  endfacet
  facet normal 0.760415 -0.649437 0
    outer loop
      vertex -13.9109 11.2648 6
      vertex -13.3023 11.9774 5.7
      vertex -13.3023 11.9774 6
    endloop
  endfacet
  facet normal 0.760415 -0.649437 0
    outer loop
      vertex -13.3023 11.9774 5.7
      vertex -13.9109 11.2648 6
      vertex -13.9109 11.2648 5.7
    endloop
  endfacet
  facet normal -0.999658 -0.0261436 0
    outer loop
      vertex 17.9 0 5.7
      vertex 17.8755 0.936813 6
      vertex 17.8755 0.936813 5.7
    endloop
  endfacet
  facet normal -0.999658 -0.0261436 0
    outer loop
      vertex 17.8755 0.936813 6
      vertex 17.9 0 5.7
      vertex 17.9 0 6
    endloop
  endfacet
  facet normal 0.991448 -0.130504 0
    outer loop
      vertex -17.8019 1.87106 6
      vertex -17.6796 2.80018 5.7
      vertex -17.6796 2.80018 6
    endloop
  endfacet
  facet normal 0.991448 -0.130504 0
    outer loop
      vertex -17.6796 2.80018 5.7
      vertex -17.8019 1.87106 6
      vertex -17.8019 1.87106 5.7
    endloop
  endfacet
  facet normal 0.996911 0.0785367 0
    outer loop
      vertex -17.8019 -1.87106 6
      vertex -17.8755 -0.936813 5.7
      vertex -17.8755 -0.936813 6
    endloop
  endfacet
  facet normal 0.996911 0.0785367 0
    outer loop
      vertex -17.8755 -0.936813 5.7
      vertex -17.8019 -1.87106 6
      vertex -17.8019 -1.87106 5.7
    endloop
  endfacet
  facet normal -0.902562 -0.430559 0
    outer loop
      vertex 16.3525 7.28059 5.7
      vertex 15.949 8.12643 6
      vertex 15.949 8.12643 5.7
    endloop
  endfacet
  facet normal -0.902562 -0.430559 0
    outer loop
      vertex 15.949 8.12643 6
      vertex 16.3525 7.28059 5.7
      vertex 16.3525 7.28059 6
    endloop
  endfacet
  facet normal -0.94265 -0.333783 0
    outer loop
      vertex 17.0239 5.5314 5.7
      vertex 16.7111 6.41479 6
      vertex 16.7111 6.41479 5.7
    endloop
  endfacet
  facet normal -0.94265 -0.333783 0
    outer loop
      vertex 16.7111 6.41479 6
      vertex 17.0239 5.5314 5.7
      vertex 17.0239 5.5314 6
    endloop
  endfacet
  facet normal 0.852618 -0.522536 0
    outer loop
      vertex -15.5019 8.95 6
      vertex -15.0122 9.74904 5.7
      vertex -15.0122 9.74904 6
    endloop
  endfacet
  facet normal 0.852618 -0.522536 0
    outer loop
      vertex -15.0122 9.74904 5.7
      vertex -15.5019 8.95 6
      vertex -15.5019 8.95 5.7
    endloop
  endfacet
  facet normal 0.182257 -0.983251 0
    outer loop
      vertex -3.72162 17.5088 5.7
      vertex -2.80018 17.6796 6
      vertex -3.72162 17.5088 6
    endloop
  endfacet
  facet normal 0.182257 -0.983251 0
    outer loop
      vertex -2.80018 17.6796 6
      vertex -3.72162 17.5088 5.7
      vertex -2.80018 17.6796 5.7
    endloop
  endfacet
  facet normal -0.566386 -0.82414 0
    outer loop
      vertex 9.74904 15.0122 5.7
      vertex 10.5214 14.4814 6
      vertex 9.74904 15.0122 6
    endloop
  endfacet
  facet normal -0.566386 -0.82414 -0
    outer loop
      vertex 10.5214 14.4814 6
      vertex 9.74904 15.0122 5.7
      vertex 10.5214 14.4814 5.7
    endloop
  endfacet
  facet normal 0.566386 -0.82414 0
    outer loop
      vertex -10.5214 14.4814 5.7
      vertex -9.74904 15.0122 6
      vertex -10.5214 14.4814 6
    endloop
  endfacet
  facet normal 0.566386 -0.82414 0
    outer loop
      vertex -9.74904 15.0122 6
      vertex -10.5214 14.4814 5.7
      vertex -9.74904 15.0122 5.7
    endloop
  endfacet
  facet normal -0.477108 -0.878845 0
    outer loop
      vertex 8.12643 15.949 5.7
      vertex 8.95 15.5019 6
      vertex 8.12643 15.949 6
    endloop
  endfacet
  facet normal -0.477108 -0.878845 -0
    outer loop
      vertex 8.95 15.5019 6
      vertex 8.12643 15.949 5.7
      vertex 8.95 15.5019 5.7
    endloop
  endfacet
  facet normal -0.130504 -0.991448 0
    outer loop
      vertex 1.87106 17.8019 5.7
      vertex 2.80018 17.6796 6
      vertex 1.87106 17.8019 6
    endloop
  endfacet
  facet normal -0.130504 -0.991448 -0
    outer loop
      vertex 2.80018 17.6796 6
      vertex 1.87106 17.8019 5.7
      vertex 2.80018 17.6796 5.7
    endloop
  endfacet
  facet normal 0.999658 -0.0261436 0
    outer loop
      vertex -17.9 0 6
      vertex -17.8755 0.936813 5.7
      vertex -17.8755 0.936813 6
    endloop
  endfacet
  facet normal 0.999658 -0.0261436 0
    outer loop
      vertex -17.8755 0.936813 5.7
      vertex -17.9 0 6
      vertex -17.9 0 5.7
    endloop
  endfacet
  facet normal -0.430559 0.902562 0
    outer loop
      vertex 8.12643 -15.949 5.7
      vertex 7.28059 -16.3525 6
      vertex 8.12643 -15.949 6
    endloop
  endfacet
  facet normal -0.430559 0.902562 0
    outer loop
      vertex 7.28059 -16.3525 6
      vertex 8.12643 -15.949 5.7
      vertex 7.28059 -16.3525 5.7
    endloop
  endfacet
  facet normal 0.852618 0.522536 0
    outer loop
      vertex -15.0122 -9.74904 6
      vertex -15.5019 -8.95 5.7
      vertex -15.5019 -8.95 6
    endloop
  endfacet
  facet normal 0.852618 0.522536 0
    outer loop
      vertex -15.5019 -8.95 5.7
      vertex -15.0122 -9.74904 6
      vertex -15.0122 -9.74904 5.7
    endloop
  endfacet
  facet normal 0.130504 0.991448 -0
    outer loop
      vertex -1.87106 -17.8019 5.7
      vertex -2.80018 -17.6796 6
      vertex -1.87106 -17.8019 6
    endloop
  endfacet
  facet normal 0.130504 0.991448 0
    outer loop
      vertex -2.80018 -17.6796 6
      vertex -1.87106 -17.8019 5.7
      vertex -2.80018 -17.6796 5.7
    endloop
  endfacet
  facet normal -0.649437 -0.760415 0
    outer loop
      vertex 11.2648 13.9109 5.7
      vertex 11.9774 13.3023 6
      vertex 11.2648 13.9109 6
    endloop
  endfacet
  facet normal -0.649437 -0.760415 -0
    outer loop
      vertex 11.9774 13.3023 6
      vertex 11.2648 13.9109 5.7
      vertex 11.9774 13.3023 5.7
    endloop
  endfacet
  facet normal -0.477108 0.878845 0
    outer loop
      vertex 8.95 -15.5019 5.7
      vertex 8.12643 -15.949 6
      vertex 8.95 -15.5019 6
    endloop
  endfacet
  facet normal -0.477108 0.878845 0
    outer loop
      vertex 8.12643 -15.949 6
      vertex 8.95 -15.5019 5.7
      vertex 8.12643 -15.949 5.7
    endloop
  endfacet
  facet normal 0.688351 -0.725378 0
    outer loop
      vertex -12.6572 12.6572 5.7
      vertex -11.9774 13.3023 6
      vertex -12.6572 12.6572 6
    endloop
  endfacet
  facet normal 0.688351 -0.725378 0
    outer loop
      vertex -11.9774 13.3023 6
      vertex -12.6572 12.6572 5.7
      vertex -11.9774 13.3023 5.7
    endloop
  endfacet
  facet normal -0.649437 0.760415 0
    outer loop
      vertex 11.9774 -13.3023 5.7
      vertex 11.2648 -13.9109 6
      vertex 11.9774 -13.3023 6
    endloop
  endfacet
  facet normal -0.649437 0.760415 0
    outer loop
      vertex 11.2648 -13.9109 6
      vertex 11.9774 -13.3023 5.7
      vertex 11.2648 -13.9109 5.7
    endloop
  endfacet
  facet normal -0.38266 0.923889 0
    outer loop
      vertex 7.28059 -16.3525 5.7
      vertex 6.41479 -16.7111 6
      vertex 7.28059 -16.3525 6
    endloop
  endfacet
  facet normal -0.38266 0.923889 0
    outer loop
      vertex 6.41479 -16.7111 6
      vertex 7.28059 -16.3525 5.7
      vertex 6.41479 -16.7111 5.7
    endloop
  endfacet
  facet normal -0.999658 0.0261436 0
    outer loop
      vertex 17.8755 -0.936813 5.7
      vertex 17.9 0 6
      vertex 17.9 0 5.7
    endloop
  endfacet
  facet normal -0.999658 0.0261436 0
    outer loop
      vertex 17.9 0 6
      vertex 17.8755 -0.936813 5.7
      vertex 17.8755 -0.936813 6
    endloop
  endfacet
  facet normal 0.94265 0.333783 0
    outer loop
      vertex -16.7111 -6.41479 6
      vertex -17.0239 -5.5314 5.7
      vertex -17.0239 -5.5314 6
    endloop
  endfacet
  facet normal 0.94265 0.333783 0
    outer loop
      vertex -17.0239 -5.5314 5.7
      vertex -16.7111 -6.41479 6
      vertex -16.7111 -6.41479 5.7
    endloop
  endfacet
  facet normal 0.878845 -0.477108 0
    outer loop
      vertex -15.949 8.12643 6
      vertex -15.5019 8.95 5.7
      vertex -15.5019 8.95 6
    endloop
  endfacet
  facet normal 0.878845 -0.477108 0
    outer loop
      vertex -15.5019 8.95 5.7
      vertex -15.949 8.12643 6
      vertex -15.949 8.12643 5.7
    endloop
  endfacet
  facet normal 0.649437 -0.760415 0
    outer loop
      vertex -11.9774 13.3023 5.7
      vertex -11.2648 13.9109 6
      vertex -11.9774 13.3023 6
    endloop
  endfacet
  facet normal 0.649437 -0.760415 0
    outer loop
      vertex -11.2648 13.9109 6
      vertex -11.9774 13.3023 5.7
      vertex -11.2648 13.9109 5.7
    endloop
  endfacet
  facet normal -0.725378 -0.688351 0
    outer loop
      vertex 13.3023 11.9774 5.7
      vertex 12.6572 12.6572 6
      vertex 12.6572 12.6572 5.7
    endloop
  endfacet
  facet normal -0.725378 -0.688351 0
    outer loop
      vertex 12.6572 12.6572 6
      vertex 13.3023 11.9774 5.7
      vertex 13.3023 11.9774 6
    endloop
  endfacet
  facet normal 0.130504 -0.991448 0
    outer loop
      vertex -2.80018 17.6796 5.7
      vertex -1.87106 17.8019 6
      vertex -2.80018 17.6796 6
    endloop
  endfacet
  facet normal 0.130504 -0.991448 0
    outer loop
      vertex -1.87106 17.8019 6
      vertex -2.80018 17.6796 5.7
      vertex -1.87106 17.8019 5.7
    endloop
  endfacet
  facet normal -0.760415 0.649437 0
    outer loop
      vertex 13.3023 -11.9774 5.7
      vertex 13.9109 -11.2648 6
      vertex 13.9109 -11.2648 5.7
    endloop
  endfacet
  facet normal -0.760415 0.649437 0
    outer loop
      vertex 13.9109 -11.2648 6
      vertex 13.3023 -11.9774 5.7
      vertex 13.3023 -11.9774 6
    endloop
  endfacet
  facet normal 0.793318 -0.608808 0
    outer loop
      vertex -14.4814 10.5214 6
      vertex -13.9109 11.2648 5.7
      vertex -13.9109 11.2648 6
    endloop
  endfacet
  facet normal 0.793318 -0.608808 0
    outer loop
      vertex -13.9109 11.2648 5.7
      vertex -14.4814 10.5214 6
      vertex -14.4814 10.5214 5.7
    endloop
  endfacet
  facet normal -0.688351 0.725378 0
    outer loop
      vertex 12.6572 -12.6572 5.7
      vertex 11.9774 -13.3023 6
      vertex 12.6572 -12.6572 6
    endloop
  endfacet
  facet normal -0.688351 0.725378 0
    outer loop
      vertex 11.9774 -13.3023 6
      vertex 12.6572 -12.6572 5.7
      vertex 11.9774 -13.3023 5.7
    endloop
  endfacet
  facet normal -0.923889 -0.38266 0
    outer loop
      vertex 16.7111 6.41479 5.7
      vertex 16.3525 7.28059 6
      vertex 16.3525 7.28059 5.7
    endloop
  endfacet
  facet normal -0.923889 -0.38266 0
    outer loop
      vertex 16.3525 7.28059 6
      vertex 16.7111 6.41479 5.7
      vertex 16.7111 6.41479 6
    endloop
  endfacet
  facet normal -0.991448 0.130504 0
    outer loop
      vertex 17.6796 -2.80018 5.7
      vertex 17.8019 -1.87106 6
      vertex 17.8019 -1.87106 5.7
    endloop
  endfacet
  facet normal -0.991448 0.130504 0
    outer loop
      vertex 17.8019 -1.87106 6
      vertex 17.6796 -2.80018 5.7
      vertex 17.6796 -2.80018 6
    endloop
  endfacet
  facet normal -0.94265 0.333783 0
    outer loop
      vertex 16.7111 -6.41479 5.7
      vertex 17.0239 -5.5314 6
      vertex 17.0239 -5.5314 5.7
    endloop
  endfacet
  facet normal -0.94265 0.333783 0
    outer loop
      vertex 17.0239 -5.5314 6
      vertex 16.7111 -6.41479 5.7
      vertex 16.7111 -6.41479 6
    endloop
  endfacet
  facet normal 0.38266 -0.923889 0
    outer loop
      vertex -7.28059 16.3525 5.7
      vertex -6.41479 16.7111 6
      vertex -7.28059 16.3525 6
    endloop
  endfacet
  facet normal 0.38266 -0.923889 0
    outer loop
      vertex -6.41479 16.7111 6
      vertex -7.28059 16.3525 5.7
      vertex -6.41479 16.7111 5.7
    endloop
  endfacet
  facet normal 0.233375 0.972387 -0
    outer loop
      vertex -3.72162 -17.5088 5.7
      vertex -4.63286 -17.2901 6
      vertex -3.72162 -17.5088 6
    endloop
  endfacet
  facet normal 0.233375 0.972387 0
    outer loop
      vertex -4.63286 -17.2901 6
      vertex -3.72162 -17.5088 5.7
      vertex -4.63286 -17.2901 5.7
    endloop
  endfacet
  facet normal 0.958808 -0.284055 0
    outer loop
      vertex -17.2901 4.63286 6
      vertex -17.0239 5.5314 5.7
      vertex -17.0239 5.5314 6
    endloop
  endfacet
  facet normal 0.958808 -0.284055 0
    outer loop
      vertex -17.0239 5.5314 5.7
      vertex -17.2901 4.63286 6
      vertex -17.2901 4.63286 5.7
    endloop
  endfacet
  facet normal 0.688351 0.725378 -0
    outer loop
      vertex -11.9774 -13.3023 5.7
      vertex -12.6572 -12.6572 6
      vertex -11.9774 -13.3023 6
    endloop
  endfacet
  facet normal 0.688351 0.725378 0
    outer loop
      vertex -12.6572 -12.6572 6
      vertex -11.9774 -13.3023 5.7
      vertex -12.6572 -12.6572 5.7
    endloop
  endfacet
  facet normal 0.902562 0.430559 0
    outer loop
      vertex -15.949 -8.12643 6
      vertex -16.3525 -7.28059 5.7
      vertex -16.3525 -7.28059 6
    endloop
  endfacet
  facet normal 0.902562 0.430559 0
    outer loop
      vertex -16.3525 -7.28059 5.7
      vertex -15.949 -8.12643 6
      vertex -15.949 -8.12643 5.7
    endloop
  endfacet
  facet normal -0.82414 -0.566386 0
    outer loop
      vertex 15.0122 9.74904 5.7
      vertex 14.4814 10.5214 6
      vertex 14.4814 10.5214 5.7
    endloop
  endfacet
  facet normal -0.82414 -0.566386 0
    outer loop
      vertex 14.4814 10.5214 6
      vertex 15.0122 9.74904 5.7
      vertex 15.0122 9.74904 6
    endloop
  endfacet
  facet normal -0.0785367 0.996911 0
    outer loop
      vertex 1.87106 -17.8019 5.7
      vertex 0.936813 -17.8755 6
      vertex 1.87106 -17.8019 6
    endloop
  endfacet
  facet normal -0.0785367 0.996911 0
    outer loop
      vertex 0.936813 -17.8755 6
      vertex 1.87106 -17.8019 5.7
      vertex 0.936813 -17.8755 5.7
    endloop
  endfacet
  facet normal 0.82414 -0.566386 0
    outer loop
      vertex -15.0122 9.74904 6
      vertex -14.4814 10.5214 5.7
      vertex -14.4814 10.5214 6
    endloop
  endfacet
  facet normal 0.82414 -0.566386 0
    outer loop
      vertex -14.4814 10.5214 5.7
      vertex -15.0122 9.74904 6
      vertex -15.0122 9.74904 5.7
    endloop
  endfacet
  facet normal -0.983251 -0.182257 0
    outer loop
      vertex 17.6796 2.80018 5.7
      vertex 17.5088 3.72162 6
      vertex 17.5088 3.72162 5.7
    endloop
  endfacet
  facet normal -0.983251 -0.182257 0
    outer loop
      vertex 17.5088 3.72162 6
      vertex 17.6796 2.80018 5.7
      vertex 17.6796 2.80018 6
    endloop
  endfacet
  facet normal 0.477108 -0.878845 0
    outer loop
      vertex -8.95 15.5019 5.7
      vertex -8.12643 15.949 6
      vertex -8.95 15.5019 6
    endloop
  endfacet
  facet normal 0.477108 -0.878845 0
    outer loop
      vertex -8.12643 15.949 6
      vertex -8.95 15.5019 5.7
      vertex -8.12643 15.949 5.7
    endloop
  endfacet
  facet normal 0.522536 -0.852618 0
    outer loop
      vertex -9.74904 15.0122 5.7
      vertex -8.95 15.5019 6
      vertex -9.74904 15.0122 6
    endloop
  endfacet
  facet normal 0.522536 -0.852618 0
    outer loop
      vertex -8.95 15.5019 6
      vertex -9.74904 15.0122 5.7
      vertex -8.95 15.5019 5.7
    endloop
  endfacet
  facet normal -0.991448 -0.130504 0
    outer loop
      vertex 17.8019 1.87106 5.7
      vertex 17.6796 2.80018 6
      vertex 17.6796 2.80018 5.7
    endloop
  endfacet
  facet normal -0.991448 -0.130504 0
    outer loop
      vertex 17.6796 2.80018 6
      vertex 17.8019 1.87106 5.7
      vertex 17.8019 1.87106 6
    endloop
  endfacet
  facet normal -0.0785367 -0.996911 0
    outer loop
      vertex 0.936813 17.8755 5.7
      vertex 1.87106 17.8019 6
      vertex 0.936813 17.8755 6
    endloop
  endfacet
  facet normal -0.0785367 -0.996911 -0
    outer loop
      vertex 1.87106 17.8019 6
      vertex 0.936813 17.8755 5.7
      vertex 1.87106 17.8019 5.7
    endloop
  endfacet
  facet normal -0.923889 0.38266 0
    outer loop
      vertex 16.3525 -7.28059 5.7
      vertex 16.7111 -6.41479 6
      vertex 16.7111 -6.41479 5.7
    endloop
  endfacet
  facet normal -0.923889 0.38266 0
    outer loop
      vertex 16.7111 -6.41479 6
      vertex 16.3525 -7.28059 5.7
      vertex 16.3525 -7.28059 6
    endloop
  endfacet
  facet normal -0.522536 0.852618 0
    outer loop
      vertex 9.74904 -15.0122 5.7
      vertex 8.95 -15.5019 6
      vertex 9.74904 -15.0122 6
    endloop
  endfacet
  facet normal -0.522536 0.852618 0
    outer loop
      vertex 8.95 -15.5019 6
      vertex 9.74904 -15.0122 5.7
      vertex 8.95 -15.5019 5.7
    endloop
  endfacet
  facet normal -0.902562 0.430559 0
    outer loop
      vertex 15.949 -8.12643 5.7
      vertex 16.3525 -7.28059 6
      vertex 16.3525 -7.28059 5.7
    endloop
  endfacet
  facet normal -0.902562 0.430559 0
    outer loop
      vertex 16.3525 -7.28059 6
      vertex 15.949 -8.12643 5.7
      vertex 15.949 -8.12643 6
    endloop
  endfacet
  facet normal 0.999658 0.0261436 0
    outer loop
      vertex -17.8755 -0.936813 6
      vertex -17.9 0 5.7
      vertex -17.9 0 6
    endloop
  endfacet
  facet normal 0.999658 0.0261436 0
    outer loop
      vertex -17.9 0 5.7
      vertex -17.8755 -0.936813 6
      vertex -17.8755 -0.936813 5.7
    endloop
  endfacet
  facet normal 0.725378 0.688351 0
    outer loop
      vertex -12.6572 -12.6572 6
      vertex -13.3023 -11.9774 5.7
      vertex -13.3023 -11.9774 6
    endloop
  endfacet
  facet normal 0.725378 0.688351 0
    outer loop
      vertex -13.3023 -11.9774 5.7
      vertex -12.6572 -12.6572 6
      vertex -12.6572 -12.6572 5.7
    endloop
  endfacet
  facet normal 0.477108 0.878845 -0
    outer loop
      vertex -8.12643 -15.949 5.7
      vertex -8.95 -15.5019 6
      vertex -8.12643 -15.949 6
    endloop
  endfacet
  facet normal 0.477108 0.878845 0
    outer loop
      vertex -8.95 -15.5019 6
      vertex -8.12643 -15.949 5.7
      vertex -8.95 -15.5019 5.7
    endloop
  endfacet
  facet normal 0.0785367 -0.996911 0
    outer loop
      vertex -1.87106 17.8019 5.7
      vertex -0.936813 17.8755 6
      vertex -1.87106 17.8019 6
    endloop
  endfacet
  facet normal 0.0785367 -0.996911 0
    outer loop
      vertex -0.936813 17.8755 6
      vertex -1.87106 17.8019 5.7
      vertex -0.936813 17.8755 5.7
    endloop
  endfacet
  facet normal 0.760415 0.649437 0
    outer loop
      vertex -13.3023 -11.9774 6
      vertex -13.9109 -11.2648 5.7
      vertex -13.9109 -11.2648 6
    endloop
  endfacet
  facet normal 0.760415 0.649437 0
    outer loop
      vertex -13.9109 -11.2648 5.7
      vertex -13.3023 -11.9774 6
      vertex -13.3023 -11.9774 5.7
    endloop
  endfacet
  facet normal 0.333783 -0.94265 0
    outer loop
      vertex -6.41479 16.7111 5.7
      vertex -5.5314 17.0239 6
      vertex -6.41479 16.7111 6
    endloop
  endfacet
  facet normal 0.333783 -0.94265 0
    outer loop
      vertex -5.5314 17.0239 6
      vertex -6.41479 16.7111 5.7
      vertex -5.5314 17.0239 5.7
    endloop
  endfacet
  facet normal -0.852618 -0.522536 0
    outer loop
      vertex 15.5019 8.95 5.7
      vertex 15.0122 9.74904 6
      vertex 15.0122 9.74904 5.7
    endloop
  endfacet
  facet normal -0.852618 -0.522536 0
    outer loop
      vertex 15.0122 9.74904 6
      vertex 15.5019 8.95 5.7
      vertex 15.5019 8.95 6
    endloop
  endfacet
  facet normal -0.0261436 0.999658 0
    outer loop
      vertex 0.936813 -17.8755 5.7
      vertex 0 -17.9 6
      vertex 0.936813 -17.8755 6
    endloop
  endfacet
  facet normal -0.0261436 0.999658 0
    outer loop
      vertex 0 -17.9 6
      vertex 0.936813 -17.8755 5.7
      vertex 0 -17.9 5.7
    endloop
  endfacet
  facet normal -0.983251 0.182257 0
    outer loop
      vertex 17.5088 -3.72162 5.7
      vertex 17.6796 -2.80018 6
      vertex 17.6796 -2.80018 5.7
    endloop
  endfacet
  facet normal -0.983251 0.182257 0
    outer loop
      vertex 17.6796 -2.80018 6
      vertex 17.5088 -3.72162 5.7
      vertex 17.5088 -3.72162 6
    endloop
  endfacet
  facet normal -0.972387 0.233375 0
    outer loop
      vertex 17.2901 -4.63286 5.7
      vertex 17.5088 -3.72162 6
      vertex 17.5088 -3.72162 5.7
    endloop
  endfacet
  facet normal -0.972387 0.233375 0
    outer loop
      vertex 17.5088 -3.72162 6
      vertex 17.2901 -4.63286 5.7
      vertex 17.2901 -4.63286 6
    endloop
  endfacet
  facet normal -0.958808 0.284055 0
    outer loop
      vertex 17.0239 -5.5314 5.7
      vertex 17.2901 -4.63286 6
      vertex 17.2901 -4.63286 5.7
    endloop
  endfacet
  facet normal -0.958808 0.284055 0
    outer loop
      vertex 17.2901 -4.63286 6
      vertex 17.0239 -5.5314 5.7
      vertex 17.0239 -5.5314 6
    endloop
  endfacet
  facet normal 0.430559 0.902562 -0
    outer loop
      vertex -7.28059 -16.3525 5.7
      vertex -8.12643 -15.949 6
      vertex -7.28059 -16.3525 6
    endloop
  endfacet
  facet normal 0.430559 0.902562 0
    outer loop
      vertex -8.12643 -15.949 6
      vertex -7.28059 -16.3525 5.7
      vertex -8.12643 -15.949 5.7
    endloop
  endfacet
  facet normal 0.902562 -0.430559 0
    outer loop
      vertex -16.3525 7.28059 6
      vertex -15.949 8.12643 5.7
      vertex -15.949 8.12643 6
    endloop
  endfacet
  facet normal 0.902562 -0.430559 0
    outer loop
      vertex -15.949 8.12643 5.7
      vertex -16.3525 7.28059 6
      vertex -16.3525 7.28059 5.7
    endloop
  endfacet
  facet normal -0.38266 -0.923889 0
    outer loop
      vertex 6.41479 16.7111 5.7
      vertex 7.28059 16.3525 6
      vertex 6.41479 16.7111 6
    endloop
  endfacet
  facet normal -0.38266 -0.923889 -0
    outer loop
      vertex 7.28059 16.3525 6
      vertex 6.41479 16.7111 5.7
      vertex 7.28059 16.3525 5.7
    endloop
  endfacet
  facet normal -0.430559 -0.902562 0
    outer loop
      vertex 7.28059 16.3525 5.7
      vertex 8.12643 15.949 6
      vertex 7.28059 16.3525 6
    endloop
  endfacet
  facet normal -0.430559 -0.902562 -0
    outer loop
      vertex 8.12643 15.949 6
      vertex 7.28059 16.3525 5.7
      vertex 8.12643 15.949 5.7
    endloop
  endfacet
  facet normal -0.878845 0.477108 0
    outer loop
      vertex 15.5019 -8.95 5.7
      vertex 15.949 -8.12643 6
      vertex 15.949 -8.12643 5.7
    endloop
  endfacet
  facet normal -0.878845 0.477108 0
    outer loop
      vertex 15.949 -8.12643 6
      vertex 15.5019 -8.95 5.7
      vertex 15.5019 -8.95 6
    endloop
  endfacet
  facet normal 0.333783 0.94265 -0
    outer loop
      vertex -5.5314 -17.0239 5.7
      vertex -6.41479 -16.7111 6
      vertex -5.5314 -17.0239 6
    endloop
  endfacet
  facet normal 0.333783 0.94265 0
    outer loop
      vertex -6.41479 -16.7111 6
      vertex -5.5314 -17.0239 5.7
      vertex -6.41479 -16.7111 5.7
    endloop
  endfacet
  facet normal -0.958808 -0.284055 0
    outer loop
      vertex 17.2901 4.63286 5.7
      vertex 17.0239 5.5314 6
      vertex 17.0239 5.5314 5.7
    endloop
  endfacet
  facet normal -0.958808 -0.284055 0
    outer loop
      vertex 17.0239 5.5314 6
      vertex 17.2901 4.63286 5.7
      vertex 17.2901 4.63286 6
    endloop
  endfacet
  facet normal -0.608808 -0.793318 0
    outer loop
      vertex 10.5214 14.4814 5.7
      vertex 11.2648 13.9109 6
      vertex 10.5214 14.4814 6
    endloop
  endfacet
  facet normal -0.608808 -0.793318 -0
    outer loop
      vertex 11.2648 13.9109 6
      vertex 10.5214 14.4814 5.7
      vertex 11.2648 13.9109 5.7
    endloop
  endfacet
  facet normal -0.793318 -0.608808 0
    outer loop
      vertex 14.4814 10.5214 5.7
      vertex 13.9109 11.2648 6
      vertex 13.9109 11.2648 5.7
    endloop
  endfacet
  facet normal -0.793318 -0.608808 0
    outer loop
      vertex 13.9109 11.2648 6
      vertex 14.4814 10.5214 5.7
      vertex 14.4814 10.5214 6
    endloop
  endfacet
  facet normal 0.608808 -0.793318 0
    outer loop
      vertex -11.2648 13.9109 5.7
      vertex -10.5214 14.4814 6
      vertex -11.2648 13.9109 6
    endloop
  endfacet
  facet normal 0.608808 -0.793318 0
    outer loop
      vertex -10.5214 14.4814 6
      vertex -11.2648 13.9109 5.7
      vertex -10.5214 14.4814 5.7
    endloop
  endfacet
  facet normal -0.333783 0.94265 0
    outer loop
      vertex 6.41479 -16.7111 5.7
      vertex 5.5314 -17.0239 6
      vertex 6.41479 -16.7111 6
    endloop
  endfacet
  facet normal -0.333783 0.94265 0
    outer loop
      vertex 5.5314 -17.0239 6
      vertex 6.41479 -16.7111 5.7
      vertex 5.5314 -17.0239 5.7
    endloop
  endfacet
  facet normal 0.878845 0.477108 0
    outer loop
      vertex -15.5019 -8.95 6
      vertex -15.949 -8.12643 5.7
      vertex -15.949 -8.12643 6
    endloop
  endfacet
  facet normal 0.878845 0.477108 0
    outer loop
      vertex -15.949 -8.12643 5.7
      vertex -15.5019 -8.95 6
      vertex -15.5019 -8.95 5.7
    endloop
  endfacet
  facet normal -0.284055 0.958808 0
    outer loop
      vertex 5.5314 -17.0239 5.7
      vertex 4.63286 -17.2901 6
      vertex 5.5314 -17.0239 6
    endloop
  endfacet
  facet normal -0.284055 0.958808 0
    outer loop
      vertex 4.63286 -17.2901 6
      vertex 5.5314 -17.0239 5.7
      vertex 4.63286 -17.2901 5.7
    endloop
  endfacet
  facet normal -0.233375 0.972387 0
    outer loop
      vertex 4.63286 -17.2901 5.7
      vertex 3.72162 -17.5088 6
      vertex 4.63286 -17.2901 6
    endloop
  endfacet
  facet normal -0.233375 0.972387 0
    outer loop
      vertex 3.72162 -17.5088 6
      vertex 4.63286 -17.2901 5.7
      vertex 3.72162 -17.5088 5.7
    endloop
  endfacet
  facet normal 0.284055 -0.958808 0
    outer loop
      vertex -5.5314 17.0239 5.7
      vertex -4.63286 17.2901 6
      vertex -5.5314 17.0239 6
    endloop
  endfacet
  facet normal 0.284055 -0.958808 0
    outer loop
      vertex -4.63286 17.2901 6
      vertex -5.5314 17.0239 5.7
      vertex -4.63286 17.2901 5.7
    endloop
  endfacet
  facet normal -0.608808 0.793318 0
    outer loop
      vertex 11.2648 -13.9109 5.7
      vertex 10.5214 -14.4814 6
      vertex 11.2648 -13.9109 6
    endloop
  endfacet
  facet normal -0.608808 0.793318 0
    outer loop
      vertex 10.5214 -14.4814 6
      vertex 11.2648 -13.9109 5.7
      vertex 10.5214 -14.4814 5.7
    endloop
  endfacet
  facet normal 0 0 1
    outer loop
      vertex 17.8755 0.936813 5.7
      vertex 17.8755 -0.936813 5.7
      vertex 17.9 0 5.7
    endloop
  endfacet
  facet normal 0 0 1
    outer loop
      vertex 17.8019 1.87106 5.7
      vertex 17.8755 -0.936813 5.7
      vertex 17.8755 0.936813 5.7
    endloop
  endfacet
  facet normal 0 0 1
    outer loop
      vertex 17.8019 1.87106 5.7
      vertex 17.8019 -1.87106 5.7
      vertex 17.8755 -0.936813 5.7
    endloop
  endfacet
  facet normal 0 0 1
    outer loop
      vertex 6.7478 15.5907 5.7
      vertex 17.8019 1.87106 5.7
      vertex 17.6796 2.80018 5.7
    endloop
  endfacet
  facet normal 0 0 1
    outer loop
      vertex 17.8019 1.87106 5.7
      vertex 6.7478 15.5907 5.7
      vertex 17.8019 -1.87106 5.7
    endloop
  endfacet
  facet normal 0 0 1
    outer loop
      vertex 6.7478 15.5907 5.7
      vertex 17.6796 2.80018 5.7
      vertex 17.5088 3.72162 5.7
    endloop
  endfacet
  facet normal 0 0 1
    outer loop
      vertex 6.7478 -15.5907 5.7
      vertex 17.8019 -1.87106 5.7
      vertex 6.7478 15.5907 5.7
    endloop
  endfacet
  facet normal 0 0 1
    outer loop
      vertex 6.7478 15.5907 5.7
      vertex 17.5088 3.72162 5.7
      vertex 17.2901 4.63286 5.7
    endloop
  endfacet
  facet normal 0 0 1
    outer loop
      vertex 17.8019 -1.87106 5.7
      vertex 6.7478 -15.5907 5.7
      vertex 17.6796 -2.80018 5.7
    endloop
  endfacet
  facet normal 0 0 1
    outer loop
      vertex 6.7478 15.5907 5.7
      vertex 17.2901 4.63286 5.7
      vertex 17.0239 5.5314 5.7
    endloop
  endfacet
  facet normal 0 0 1
    outer loop
      vertex 17.6796 -2.80018 5.7
      vertex 6.7478 -15.5907 5.7
      vertex 17.5088 -3.72162 5.7
    endloop
  endfacet
  facet normal 0 0 1
    outer loop
      vertex 6.7478 15.5907 5.7
      vertex 17.0239 5.5314 5.7
      vertex 16.7111 6.41479 5.7
    endloop
  endfacet
  facet normal 0 0 1
    outer loop
      vertex 17.5088 -3.72162 5.7
      vertex 6.7478 -15.5907 5.7
      vertex 17.2901 -4.63286 5.7
    endloop
  endfacet
  facet normal 0 0 1
    outer loop
      vertex 6.7478 15.5907 5.7
      vertex 16.7111 6.41479 5.7
      vertex 16.3525 7.28059 5.7
    endloop
  endfacet
  facet normal 0 0 1
    outer loop
      vertex 17.2901 -4.63286 5.7
      vertex 6.7478 -15.5907 5.7
      vertex 17.0239 -5.5314 5.7
    endloop
  endfacet
  facet normal 0 0 1
    outer loop
      vertex 6.7478 15.5907 5.7
      vertex 16.3525 7.28059 5.7
      vertex 15.949 8.12643 5.7
    endloop
  endfacet
  facet normal 0 0 1
    outer loop
      vertex 17.0239 -5.5314 5.7
      vertex 6.7478 -15.5907 5.7
      vertex 16.7111 -6.41479 5.7
    endloop
  endfacet
  facet normal 0 0 1
    outer loop
      vertex 6.7478 15.5907 5.7
      vertex 15.949 8.12643 5.7
      vertex 15.5019 8.95 5.7
    endloop
  endfacet
  facet normal 0 0 1
    outer loop
      vertex 16.7111 -6.41479 5.7
      vertex 6.7478 -15.5907 5.7
      vertex 16.3525 -7.28059 5.7
    endloop
  endfacet
  facet normal 0 0 1
    outer loop
      vertex 6.7478 15.5907 5.7
      vertex 15.5019 8.95 5.7
      vertex 15.0122 9.74904 5.7
    endloop
  endfacet
  facet normal 0 0 1
    outer loop
      vertex 16.3525 -7.28059 5.7
      vertex 6.7478 -15.5907 5.7
      vertex 15.949 -8.12643 5.7
    endloop
  endfacet
  facet normal 0 0 1
    outer loop
      vertex 6.7478 15.5907 5.7
      vertex 15.0122 9.74904 5.7
      vertex 14.4814 10.5214 5.7
    endloop
  endfacet
  facet normal 0 0 1
    outer loop
      vertex 15.949 -8.12643 5.7
      vertex 6.7478 -15.5907 5.7
      vertex 15.5019 -8.95 5.7
    endloop
  endfacet
  facet normal 0 0 1
    outer loop
      vertex 6.7478 15.5907 5.7
      vertex 14.4814 10.5214 5.7
      vertex 13.9109 11.2648 5.7
    endloop
  endfacet
  facet normal 0 0 1
    outer loop
      vertex 15.5019 -8.95 5.7
      vertex 6.7478 -15.5907 5.7
      vertex 15.0122 -9.74904 5.7
    endloop
  endfacet
  facet normal 0 0 1
    outer loop
      vertex 6.7478 15.5907 5.7
      vertex 13.9109 11.2648 5.7
      vertex 13.3023 11.9774 5.7
    endloop
  endfacet
  facet normal 0 0 1
    outer loop
      vertex 15.0122 -9.74904 5.7
      vertex 6.7478 -15.5907 5.7
      vertex 14.4814 -10.5214 5.7
    endloop
  endfacet
  facet normal 0 0 1
    outer loop
      vertex 6.7478 15.5907 5.7
      vertex 13.3023 11.9774 5.7
      vertex 12.6572 12.6572 5.7
    endloop
  endfacet
  facet normal 0 0 1
    outer loop
      vertex 14.4814 -10.5214 5.7
      vertex 6.7478 -15.5907 5.7
      vertex 13.9109 -11.2648 5.7
    endloop
  endfacet
  facet normal 0 0 1
    outer loop
      vertex 6.7478 15.5907 5.7
      vertex 12.6572 12.6572 5.7
      vertex 11.9774 13.3023 5.7
    endloop
  endfacet
  facet normal 0 0 1
    outer loop
      vertex 13.9109 -11.2648 5.7
      vertex 6.7478 -15.5907 5.7
      vertex 13.3023 -11.9774 5.7
    endloop
  endfacet
  facet normal 0 0 1
    outer loop
      vertex 6.7478 15.5907 5.7
      vertex 11.9774 13.3023 5.7
      vertex 11.2648 13.9109 5.7
    endloop
  endfacet
  facet normal 0 0 1
    outer loop
      vertex 13.3023 -11.9774 5.7
      vertex 6.7478 -15.5907 5.7
      vertex 12.6572 -12.6572 5.7
    endloop
  endfacet
  facet normal 0 0 1
    outer loop
      vertex 6.7478 15.5907 5.7
      vertex 11.2648 13.9109 5.7
      vertex 10.5214 14.4814 5.7
    endloop
  endfacet
  facet normal 0 0 1
    outer loop
      vertex 12.6572 -12.6572 5.7
      vertex 6.7478 -15.5907 5.7
      vertex 11.9774 -13.3023 5.7
    endloop
  endfacet
  facet normal 0 0 1
    outer loop
      vertex 6.7478 15.5907 5.7
      vertex 10.5214 14.4814 5.7
      vertex 9.74904 15.0122 5.7
    endloop
  endfacet
  facet normal 0 0 1
    outer loop
      vertex 11.9774 -13.3023 5.7
      vertex 6.7478 -15.5907 5.7
      vertex 11.2648 -13.9109 5.7
    endloop
  endfacet
  facet normal 0 0 1
    outer loop
      vertex 6.7478 15.5907 5.7
      vertex 9.74904 15.0122 5.7
      vertex 8.95 15.5019 5.7
    endloop
  endfacet
  facet normal 0 0 1
    outer loop
      vertex 11.2648 -13.9109 5.7
      vertex 6.7478 -15.5907 5.7
      vertex 10.5214 -14.4814 5.7
    endloop
  endfacet
  facet normal -0 0 1
    outer loop
      vertex 6.7478 15.5907 5.7
      vertex 8.95 15.5019 5.7
      vertex 8.12643 15.949 5.7
    endloop
  endfacet
  facet normal 0 0 1
    outer loop
      vertex 10.5214 -14.4814 5.7
      vertex 6.7478 -15.5907 5.7
      vertex 9.74904 -15.0122 5.7
    endloop
  endfacet
  facet normal 0 0 1
    outer loop
      vertex 6.7478 15.5907 5.7
      vertex 8.12643 15.949 5.7
      vertex 7.28059 16.3525 5.7
    endloop
  endfacet
  facet normal 0 0 1
    outer loop
      vertex 9.74904 -15.0122 5.7
      vertex 6.7478 -15.5907 5.7
      vertex 8.95 -15.5019 5.7
    endloop
  endfacet
  facet normal 0 0 1
    outer loop
      vertex 8.95 -15.5019 5.7
      vertex 6.7478 -15.5907 5.7
      vertex 8.12643 -15.949 5.7
    endloop
  endfacet
  facet normal 0 0 1
    outer loop
      vertex 6.41479 16.7111 5.7
      vertex 6.7478 15.5907 5.7
      vertex 7.28059 16.3525 5.7
    endloop
  endfacet
  facet normal 0 0 1
    outer loop
      vertex 6.41479 16.7111 5.7
      vertex 6.08939 15.8634 5.7
      vertex 6.7478 15.5907 5.7
    endloop
  endfacet
  facet normal 0 0 1
    outer loop
      vertex 5.5314 17.0239 5.7
      vertex 6.08939 15.8634 5.7
      vertex 6.41479 16.7111 5.7
    endloop
  endfacet
  facet normal 0 0 1
    outer loop
      vertex 5.5314 17.0239 5.7
      vertex 5.25082 16.1604 5.7
      vertex 6.08939 15.8634 5.7
    endloop
  endfacet
  facet normal 0 0 1
    outer loop
      vertex 5.5314 17.0239 5.7
      vertex 4.9342 16.2541 5.7
      vertex 5.25082 16.1604 5.7
    endloop
  endfacet
  facet normal 0 0 1
    outer loop
      vertex 4.9342 16.2541 5.7
      vertex 4.8362 16.2832 5.7
      vertex 4.9342 -16.2541 5.7
    endloop
  endfacet
  facet normal 0 0 1
    outer loop
      vertex 5.5314 17.0239 5.7
      vertex 4.8362 16.2832 5.7
      vertex 4.9342 16.2541 5.7
    endloop
  endfacet
  facet normal 0 0 1
    outer loop
      vertex 4.63286 17.2901 5.7
      vertex 4.8362 16.2832 5.7
      vertex 5.5314 17.0239 5.7
    endloop
  endfacet
  facet normal 0 0 1
    outer loop
      vertex 4.63286 17.2901 5.7
      vertex 4.39785 16.413 5.7
      vertex 4.8362 16.2832 5.7
    endloop
  endfacet
  facet normal 0 0 1
    outer loop
      vertex 3.72162 17.5088 5.7
      vertex 4.39785 16.413 5.7
      vertex 4.63286 17.2901 5.7
    endloop
  endfacet
  facet normal 0 0 1
    outer loop
      vertex 3.72162 17.5088 5.7
      vertex 3.53284 16.6207 5.7
      vertex 4.39785 16.413 5.7
    endloop
  endfacet
  facet normal 0 0 1
    outer loop
      vertex 2.80018 17.6796 5.7
      vertex 3.53284 16.6207 5.7
      vertex 3.72162 17.5088 5.7
    endloop
  endfacet
  facet normal 0 0 1
    outer loop
      vertex 2.80018 17.6796 5.7
      vertex 2.65813 16.7828 5.7
      vertex 3.53284 16.6207 5.7
    endloop
  endfacet
  facet normal 0 0 1
    outer loop
      vertex 1.87106 17.8019 5.7
      vertex 2.65813 16.7828 5.7
      vertex 2.80018 17.6796 5.7
    endloop
  endfacet
  facet normal 0 0 1
    outer loop
      vertex 1.87106 17.8019 5.7
      vertex 1.77615 16.8989 5.7
      vertex 2.65813 16.7828 5.7
    endloop
  endfacet
  facet normal 0 0 1
    outer loop
      vertex 0.936813 17.8755 5.7
      vertex 1.77615 16.8989 5.7
      vertex 1.87106 17.8019 5.7
    endloop
  endfacet
  facet normal 0 0 1
    outer loop
      vertex 0.936813 17.8755 5.7
      vertex 0.889292 16.9687 5.7
      vertex 1.77615 16.8989 5.7
    endloop
  endfacet
  facet normal 0 0 1
    outer loop
      vertex 0 17.9 5.7
      vertex 0.889292 16.9687 5.7
      vertex 0.936813 17.8755 5.7
    endloop
  endfacet
  facet normal 0 0 1
    outer loop
      vertex 0 17.9 5.7
      vertex 0 16.992 5.7
      vertex 0.889292 16.9687 5.7
    endloop
  endfacet
  facet normal 0 0 1
    outer loop
      vertex 0 17.9 5.7
      vertex -0.889292 16.9687 5.7
      vertex 0 16.992 5.7
    endloop
  endfacet
  facet normal -0 0 1
    outer loop
      vertex -0.936813 17.8755 5.7
      vertex -0.889292 16.9687 5.7
      vertex 0 17.9 5.7
    endloop
  endfacet
  facet normal 0 0 1
    outer loop
      vertex -0.936813 17.8755 5.7
      vertex -1.77615 16.8989 5.7
      vertex -0.889292 16.9687 5.7
    endloop
  endfacet
  facet normal -0 0 1
    outer loop
      vertex -1.87106 17.8019 5.7
      vertex -1.77615 16.8989 5.7
      vertex -0.936813 17.8755 5.7
    endloop
  endfacet
  facet normal 0 0 1
    outer loop
      vertex -1.87106 17.8019 5.7
      vertex -2.65813 16.7828 5.7
      vertex -1.77615 16.8989 5.7
    endloop
  endfacet
  facet normal -0 0 1
    outer loop
      vertex -2.80018 17.6796 5.7
      vertex -2.65813 16.7828 5.7
      vertex -1.87106 17.8019 5.7
    endloop
  endfacet
  facet normal 0 0 1
    outer loop
      vertex -2.80018 17.6796 5.7
      vertex -3.53284 16.6207 5.7
      vertex -2.65813 16.7828 5.7
    endloop
  endfacet
  facet normal -0 0 1
    outer loop
      vertex -3.72162 17.5088 5.7
      vertex -3.53284 16.6207 5.7
      vertex -2.80018 17.6796 5.7
    endloop
  endfacet
  facet normal 0 0 1
    outer loop
      vertex -3.72162 17.5088 5.7
      vertex -4.39785 16.413 5.7
      vertex -3.53284 16.6207 5.7
    endloop
  endfacet
  facet normal -0 0 1
    outer loop
      vertex -4.63286 17.2901 5.7
      vertex -4.39785 16.413 5.7
      vertex -3.72162 17.5088 5.7
    endloop
  endfacet
  facet normal 0 0 1
    outer loop
      vertex -4.63286 17.2901 5.7
      vertex -4.8362 16.2832 5.7
      vertex -4.39785 16.413 5.7
    endloop
  endfacet
  facet normal 0 0 1
    outer loop
      vertex -4.8362 16.2832 5.7
      vertex -4.9342 16.2541 5.7
      vertex -4.8362 -16.2832 5.7
    endloop
  endfacet
  facet normal -0 0 1
    outer loop
      vertex -5.5314 17.0239 5.7
      vertex -4.8362 16.2832 5.7
      vertex -4.63286 17.2901 5.7
    endloop
  endfacet
  facet normal 0 0 1
    outer loop
      vertex -4.8362 16.2832 5.7
      vertex -5.5314 17.0239 5.7
      vertex -4.9342 16.2541 5.7
    endloop
  endfacet
  facet normal 0 0 1
    outer loop
      vertex -4.9342 16.2541 5.7
      vertex -5.5314 17.0239 5.7
      vertex -5.25082 16.1604 5.7
    endloop
  endfacet
  facet normal 0 0 1
    outer loop
      vertex -5.5314 17.0239 5.7
      vertex -6.08939 15.8634 5.7
      vertex -5.25082 16.1604 5.7
    endloop
  endfacet
  facet normal -0 0 1
    outer loop
      vertex -6.41479 16.7111 5.7
      vertex -6.08939 15.8634 5.7
      vertex -5.5314 17.0239 5.7
    endloop
  endfacet
  facet normal 0 0 1
    outer loop
      vertex -6.41479 16.7111 5.7
      vertex -6.7478 15.5907 5.7
      vertex -6.08939 15.8634 5.7
    endloop
  endfacet
  facet normal -0 0 1
    outer loop
      vertex -8.12643 15.949 5.7
      vertex -6.7478 15.5907 5.7
      vertex -7.28059 16.3525 5.7
    endloop
  endfacet
  facet normal -0 0 1
    outer loop
      vertex -7.28059 16.3525 5.7
      vertex -6.7478 15.5907 5.7
      vertex -6.41479 16.7111 5.7
    endloop
  endfacet
  facet normal 0 0 1
    outer loop
      vertex 8.12643 -15.949 5.7
      vertex 6.7478 -15.5907 5.7
      vertex 7.28059 -16.3525 5.7
    endloop
  endfacet
  facet normal 0 0 1
    outer loop
      vertex 6.7478 -15.5907 5.7
      vertex 6.41479 -16.7111 5.7
      vertex 7.28059 -16.3525 5.7
    endloop
  endfacet
  facet normal -0 0 1
    outer loop
      vertex 6.08939 -15.8634 5.7
      vertex 6.41479 -16.7111 5.7
      vertex 6.7478 -15.5907 5.7
    endloop
  endfacet
  facet normal 0 0 1
    outer loop
      vertex 6.08939 -15.8634 5.7
      vertex 5.5314 -17.0239 5.7
      vertex 6.41479 -16.7111 5.7
    endloop
  endfacet
  facet normal -0 0 1
    outer loop
      vertex 5.25082 -16.1604 5.7
      vertex 5.5314 -17.0239 5.7
      vertex 6.08939 -15.8634 5.7
    endloop
  endfacet
  facet normal -0 0 1
    outer loop
      vertex 4.9342 -16.2541 5.7
      vertex 5.5314 -17.0239 5.7
      vertex 5.25082 -16.1604 5.7
    endloop
  endfacet
  facet normal 0 0 1
    outer loop
      vertex 4.8362 -16.2832 5.7
      vertex 4.9342 -16.2541 5.7
      vertex 4.8362 16.2832 5.7
    endloop
  endfacet
  facet normal -0 0 1
    outer loop
      vertex 4.8362 -16.2832 5.7
      vertex 5.5314 -17.0239 5.7
      vertex 4.9342 -16.2541 5.7
    endloop
  endfacet
  facet normal 0 0 1
    outer loop
      vertex 4.8362 -16.2832 5.7
      vertex 4.63286 -17.2901 5.7
      vertex 5.5314 -17.0239 5.7
    endloop
  endfacet
  facet normal -0 0 1
    outer loop
      vertex 4.39785 -16.413 5.7
      vertex 4.63286 -17.2901 5.7
      vertex 4.8362 -16.2832 5.7
    endloop
  endfacet
  facet normal 0 0 1
    outer loop
      vertex 4.39785 -16.413 5.7
      vertex 3.72162 -17.5088 5.7
      vertex 4.63286 -17.2901 5.7
    endloop
  endfacet
  facet normal -0 0 1
    outer loop
      vertex 3.53284 -16.6207 5.7
      vertex 3.72162 -17.5088 5.7
      vertex 4.39785 -16.413 5.7
    endloop
  endfacet
  facet normal 0 0 1
    outer loop
      vertex 3.53284 -16.6207 5.7
      vertex 2.80018 -17.6796 5.7
      vertex 3.72162 -17.5088 5.7
    endloop
  endfacet
  facet normal -0 0 1
    outer loop
      vertex 2.65813 -16.7828 5.7
      vertex 2.80018 -17.6796 5.7
      vertex 3.53284 -16.6207 5.7
    endloop
  endfacet
  facet normal 0 0 1
    outer loop
      vertex 2.65813 -16.7828 5.7
      vertex 1.87106 -17.8019 5.7
      vertex 2.80018 -17.6796 5.7
    endloop
  endfacet
  facet normal -0 0 1
    outer loop
      vertex 1.77615 -16.8989 5.7
      vertex 1.87106 -17.8019 5.7
      vertex 2.65813 -16.7828 5.7
    endloop
  endfacet
  facet normal 0 0 1
    outer loop
      vertex 1.77615 -16.8989 5.7
      vertex 0.936813 -17.8755 5.7
      vertex 1.87106 -17.8019 5.7
    endloop
  endfacet
  facet normal -0 0 1
    outer loop
      vertex 0.889292 -16.9687 5.7
      vertex 0.936813 -17.8755 5.7
      vertex 1.77615 -16.8989 5.7
    endloop
  endfacet
  facet normal -0 0 1
    outer loop
      vertex 0 -16.992 5.7
      vertex 0.936813 -17.8755 5.7
      vertex 0.889292 -16.9687 5.7
    endloop
  endfacet
  facet normal 0 0 1
    outer loop
      vertex 0 -16.992 5.7
      vertex 0 -17.9 5.7
      vertex 0.936813 -17.8755 5.7
    endloop
  endfacet
  facet normal 0 0 1
    outer loop
      vertex -0.889292 -16.9687 5.7
      vertex 0 -17.9 5.7
      vertex 0 -16.992 5.7
    endloop
  endfacet
  facet normal 0 0 1
    outer loop
      vertex -0.889292 -16.9687 5.7
      vertex -0.936813 -17.8755 5.7
      vertex 0 -17.9 5.7
    endloop
  endfacet
  facet normal 0 0 1
    outer loop
      vertex -1.77615 -16.8989 5.7
      vertex -0.936813 -17.8755 5.7
      vertex -0.889292 -16.9687 5.7
    endloop
  endfacet
  facet normal 0 0 1
    outer loop
      vertex -1.77615 -16.8989 5.7
      vertex -1.87106 -17.8019 5.7
      vertex -0.936813 -17.8755 5.7
    endloop
  endfacet
  facet normal 0 0 1
    outer loop
      vertex -2.65813 -16.7828 5.7
      vertex -1.87106 -17.8019 5.7
      vertex -1.77615 -16.8989 5.7
    endloop
  endfacet
  facet normal 0 0 1
    outer loop
      vertex -2.65813 -16.7828 5.7
      vertex -2.80018 -17.6796 5.7
      vertex -1.87106 -17.8019 5.7
    endloop
  endfacet
  facet normal 0 0 1
    outer loop
      vertex -3.53284 -16.6207 5.7
      vertex -2.80018 -17.6796 5.7
      vertex -2.65813 -16.7828 5.7
    endloop
  endfacet
  facet normal 0 0 1
    outer loop
      vertex -3.53284 -16.6207 5.7
      vertex -3.72162 -17.5088 5.7
      vertex -2.80018 -17.6796 5.7
    endloop
  endfacet
  facet normal 0 0 1
    outer loop
      vertex -4.39785 -16.413 5.7
      vertex -3.72162 -17.5088 5.7
      vertex -3.53284 -16.6207 5.7
    endloop
  endfacet
  facet normal 0 0 1
    outer loop
      vertex -4.39785 -16.413 5.7
      vertex -4.63286 -17.2901 5.7
      vertex -3.72162 -17.5088 5.7
    endloop
  endfacet
  facet normal 0 0 1
    outer loop
      vertex -4.8362 -16.2832 5.7
      vertex -4.63286 -17.2901 5.7
      vertex -4.39785 -16.413 5.7
    endloop
  endfacet
  facet normal -0 0 1
    outer loop
      vertex -4.9342 -16.2541 5.7
      vertex -4.8362 -16.2832 5.7
      vertex -4.9342 16.2541 5.7
    endloop
  endfacet
  facet normal 0 0 1
    outer loop
      vertex -5.5314 -17.0239 5.7
      vertex -4.8362 -16.2832 5.7
      vertex -4.9342 -16.2541 5.7
    endloop
  endfacet
  facet normal 0 0 1
    outer loop
      vertex -5.5314 -17.0239 5.7
      vertex -4.9342 -16.2541 5.7
      vertex -5.25082 -16.1604 5.7
    endloop
  endfacet
  facet normal 0 0 1
    outer loop
      vertex -4.8362 -16.2832 5.7
      vertex -5.5314 -17.0239 5.7
      vertex -4.63286 -17.2901 5.7
    endloop
  endfacet
  facet normal 0 0 1
    outer loop
      vertex -6.08939 -15.8634 5.7
      vertex -5.5314 -17.0239 5.7
      vertex -5.25082 -16.1604 5.7
    endloop
  endfacet
  facet normal 0 0 1
    outer loop
      vertex -6.08939 -15.8634 5.7
      vertex -6.41479 -16.7111 5.7
      vertex -5.5314 -17.0239 5.7
    endloop
  endfacet
  facet normal 0 0 1
    outer loop
      vertex -6.7478 -15.5907 5.7
      vertex -6.41479 -16.7111 5.7
      vertex -6.08939 -15.8634 5.7
    endloop
  endfacet
  facet normal 0 0 1
    outer loop
      vertex -6.7478 -15.5907 5.7
      vertex -7.28059 -16.3525 5.7
      vertex -6.41479 -16.7111 5.7
    endloop
  endfacet
  facet normal 0 0 1
    outer loop
      vertex -8.95 15.5019 5.7
      vertex -6.7478 15.5907 5.7
      vertex -8.12643 15.949 5.7
    endloop
  endfacet
  facet normal 0 0 1
    outer loop
      vertex -9.74904 15.0122 5.7
      vertex -6.7478 15.5907 5.7
      vertex -8.95 15.5019 5.7
    endloop
  endfacet
  facet normal 0 0 1
    outer loop
      vertex -6.7478 -15.5907 5.7
      vertex -8.12643 -15.949 5.7
      vertex -7.28059 -16.3525 5.7
    endloop
  endfacet
  facet normal 0 0 1
    outer loop
      vertex -10.5214 14.4814 5.7
      vertex -6.7478 15.5907 5.7
      vertex -9.74904 15.0122 5.7
    endloop
  endfacet
  facet normal 0 0 1
    outer loop
      vertex -6.7478 -15.5907 5.7
      vertex -8.95 -15.5019 5.7
      vertex -8.12643 -15.949 5.7
    endloop
  endfacet
  facet normal 0 0 1
    outer loop
      vertex -11.2648 13.9109 5.7
      vertex -6.7478 15.5907 5.7
      vertex -10.5214 14.4814 5.7
    endloop
  endfacet
  facet normal 0 0 1
    outer loop
      vertex -6.7478 -15.5907 5.7
      vertex -9.74904 -15.0122 5.7
      vertex -8.95 -15.5019 5.7
    endloop
  endfacet
  facet normal 0 0 1
    outer loop
      vertex -11.9774 13.3023 5.7
      vertex -6.7478 15.5907 5.7
      vertex -11.2648 13.9109 5.7
    endloop
  endfacet
  facet normal 0 0 1
    outer loop
      vertex -6.7478 -15.5907 5.7
      vertex -10.5214 -14.4814 5.7
      vertex -9.74904 -15.0122 5.7
    endloop
  endfacet
  facet normal 0 0 1
    outer loop
      vertex -12.6572 12.6572 5.7
      vertex -6.7478 15.5907 5.7
      vertex -11.9774 13.3023 5.7
    endloop
  endfacet
  facet normal 0 0 1
    outer loop
      vertex -6.7478 -15.5907 5.7
      vertex -11.2648 -13.9109 5.7
      vertex -10.5214 -14.4814 5.7
    endloop
  endfacet
  facet normal 0 0 1
    outer loop
      vertex -13.3023 11.9774 5.7
      vertex -6.7478 15.5907 5.7
      vertex -12.6572 12.6572 5.7
    endloop
  endfacet
  facet normal 0 0 1
    outer loop
      vertex -6.7478 -15.5907 5.7
      vertex -11.9774 -13.3023 5.7
      vertex -11.2648 -13.9109 5.7
    endloop
  endfacet
  facet normal 0 0 1
    outer loop
      vertex -13.9109 11.2648 5.7
      vertex -6.7478 15.5907 5.7
      vertex -13.3023 11.9774 5.7
    endloop
  endfacet
  facet normal 0 0 1
    outer loop
      vertex -6.7478 -15.5907 5.7
      vertex -12.6572 -12.6572 5.7
      vertex -11.9774 -13.3023 5.7
    endloop
  endfacet
  facet normal 0 0 1
    outer loop
      vertex -14.4814 10.5214 5.7
      vertex -6.7478 15.5907 5.7
      vertex -13.9109 11.2648 5.7
    endloop
  endfacet
  facet normal 0 0 1
    outer loop
      vertex -6.7478 -15.5907 5.7
      vertex -13.3023 -11.9774 5.7
      vertex -12.6572 -12.6572 5.7
    endloop
  endfacet
  facet normal 0 0 1
    outer loop
      vertex -15.0122 9.74904 5.7
      vertex -6.7478 15.5907 5.7
      vertex -14.4814 10.5214 5.7
    endloop
  endfacet
  facet normal 0 0 1
    outer loop
      vertex -6.7478 -15.5907 5.7
      vertex -13.9109 -11.2648 5.7
      vertex -13.3023 -11.9774 5.7
    endloop
  endfacet
  facet normal 0 0 1
    outer loop
      vertex -15.5019 8.95 5.7
      vertex -6.7478 15.5907 5.7
      vertex -15.0122 9.74904 5.7
    endloop
  endfacet
  facet normal 0 0 1
    outer loop
      vertex -6.7478 -15.5907 5.7
      vertex -14.4814 -10.5214 5.7
      vertex -13.9109 -11.2648 5.7
    endloop
  endfacet
  facet normal 0 0 1
    outer loop
      vertex -15.949 8.12643 5.7
      vertex -6.7478 15.5907 5.7
      vertex -15.5019 8.95 5.7
    endloop
  endfacet
  facet normal 0 0 1
    outer loop
      vertex -6.7478 -15.5907 5.7
      vertex -15.0122 -9.74904 5.7
      vertex -14.4814 -10.5214 5.7
    endloop
  endfacet
  facet normal 0 0 1
    outer loop
      vertex -16.3525 7.28059 5.7
      vertex -6.7478 15.5907 5.7
      vertex -15.949 8.12643 5.7
    endloop
  endfacet
  facet normal 0 0 1
    outer loop
      vertex -6.7478 -15.5907 5.7
      vertex -15.5019 -8.95 5.7
      vertex -15.0122 -9.74904 5.7
    endloop
  endfacet
  facet normal 0 0 1
    outer loop
      vertex -16.7111 6.41479 5.7
      vertex -6.7478 15.5907 5.7
      vertex -16.3525 7.28059 5.7
    endloop
  endfacet
  facet normal 0 0 1
    outer loop
      vertex -6.7478 -15.5907 5.7
      vertex -15.949 -8.12643 5.7
      vertex -15.5019 -8.95 5.7
    endloop
  endfacet
  facet normal 0 0 1
    outer loop
      vertex -17.0239 5.5314 5.7
      vertex -6.7478 15.5907 5.7
      vertex -16.7111 6.41479 5.7
    endloop
  endfacet
  facet normal 0 0 1
    outer loop
      vertex -6.7478 -15.5907 5.7
      vertex -16.3525 -7.28059 5.7
      vertex -15.949 -8.12643 5.7
    endloop
  endfacet
  facet normal 0 0 1
    outer loop
      vertex -17.2901 4.63286 5.7
      vertex -6.7478 15.5907 5.7
      vertex -17.0239 5.5314 5.7
    endloop
  endfacet
  facet normal 0 0 1
    outer loop
      vertex -6.7478 -15.5907 5.7
      vertex -16.7111 -6.41479 5.7
      vertex -16.3525 -7.28059 5.7
    endloop
  endfacet
  facet normal 0 0 1
    outer loop
      vertex -17.5088 3.72162 5.7
      vertex -6.7478 15.5907 5.7
      vertex -17.2901 4.63286 5.7
    endloop
  endfacet
  facet normal 0 0 1
    outer loop
      vertex -6.7478 -15.5907 5.7
      vertex -17.0239 -5.5314 5.7
      vertex -16.7111 -6.41479 5.7
    endloop
  endfacet
  facet normal 0 0 1
    outer loop
      vertex -17.6796 2.80018 5.7
      vertex -6.7478 15.5907 5.7
      vertex -17.5088 3.72162 5.7
    endloop
  endfacet
  facet normal 0 0 1
    outer loop
      vertex -6.7478 -15.5907 5.7
      vertex -17.2901 -4.63286 5.7
      vertex -17.0239 -5.5314 5.7
    endloop
  endfacet
  facet normal 0 0 1
    outer loop
      vertex -17.8019 1.87106 5.7
      vertex -6.7478 15.5907 5.7
      vertex -17.6796 2.80018 5.7
    endloop
  endfacet
  facet normal 0 0 1
    outer loop
      vertex -6.7478 -15.5907 5.7
      vertex -17.5088 -3.72162 5.7
      vertex -17.2901 -4.63286 5.7
    endloop
  endfacet
  facet normal 0 0 1
    outer loop
      vertex -6.7478 15.5907 5.7
      vertex -17.8019 1.87106 5.7
      vertex -6.7478 -15.5907 5.7
    endloop
  endfacet
  facet normal 0 0 1
    outer loop
      vertex -6.7478 -15.5907 5.7
      vertex -17.6796 -2.80018 5.7
      vertex -17.5088 -3.72162 5.7
    endloop
  endfacet
  facet normal -0 0 1
    outer loop
      vertex -17.8019 -1.87106 5.7
      vertex -6.7478 -15.5907 5.7
      vertex -17.8019 1.87106 5.7
    endloop
  endfacet
  facet normal 0 0 1
    outer loop
      vertex -6.7478 -15.5907 5.7
      vertex -17.8019 -1.87106 5.7
      vertex -17.6796 -2.80018 5.7
    endloop
  endfacet
  facet normal -0 0 1
    outer loop
      vertex -17.8755 0.936813 5.7
      vertex -17.8019 -1.87106 5.7
      vertex -17.8019 1.87106 5.7
    endloop
  endfacet
  facet normal 0 0 1
    outer loop
      vertex -17.8755 0.936813 5.7
      vertex -17.8755 -0.936813 5.7
      vertex -17.8019 -1.87106 5.7
    endloop
  endfacet
  facet normal 0 -0 1
    outer loop
      vertex -17.8755 -0.936813 5.7
      vertex -17.8755 0.936813 5.7
      vertex -17.9 0 5.7
    endloop
  endfacet
  facet normal -0.566386 0.82414 0
    outer loop
      vertex 10.5214 -14.4814 5.7
      vertex 9.74904 -15.0122 6
      vertex 10.5214 -14.4814 6
    endloop
  endfacet
  facet normal -0.566386 0.82414 0
    outer loop
      vertex 9.74904 -15.0122 6
      vertex 10.5214 -14.4814 5.7
      vertex 9.74904 -15.0122 5.7
    endloop
  endfacet
  facet normal -0.760415 -0.649437 0
    outer loop
      vertex 13.9109 11.2648 5.7
      vertex 13.3023 11.9774 6
      vertex 13.3023 11.9774 5.7
    endloop
  endfacet
  facet normal -0.760415 -0.649437 0
    outer loop
      vertex 13.3023 11.9774 6
      vertex 13.9109 11.2648 5.7
      vertex 13.9109 11.2648 6
    endloop
  endfacet
  facet normal -0.182257 0.983251 0
    outer loop
      vertex 3.72162 -17.5088 5.7
      vertex 2.80018 -17.6796 6
      vertex 3.72162 -17.5088 6
    endloop
  endfacet
  facet normal -0.182257 0.983251 0
    outer loop
      vertex 2.80018 -17.6796 6
      vertex 3.72162 -17.5088 5.7
      vertex 2.80018 -17.6796 5.7
    endloop
  endfacet
  facet normal -0.182257 -0.983251 0
    outer loop
      vertex 2.80018 17.6796 5.7
      vertex 3.72162 17.5088 6
      vertex 2.80018 17.6796 6
    endloop
  endfacet
  facet normal -0.182257 -0.983251 -0
    outer loop
      vertex 3.72162 17.5088 6
      vertex 2.80018 17.6796 5.7
      vertex 3.72162 17.5088 5.7
    endloop
  endfacet
  facet normal 0.972387 -0.233375 0
    outer loop
      vertex -17.5088 3.72162 6
      vertex -17.2901 4.63286 5.7
      vertex -17.2901 4.63286 6
    endloop
  endfacet
  facet normal 0.972387 -0.233375 0
    outer loop
      vertex -17.2901 4.63286 5.7
      vertex -17.5088 3.72162 6
      vertex -17.5088 3.72162 5.7
    endloop
  endfacet
  facet normal -0.522536 -0.852618 0
    outer loop
      vertex 8.95 15.5019 5.7
      vertex 9.74904 15.0122 6
      vertex 8.95 15.5019 6
    endloop
  endfacet
  facet normal -0.522536 -0.852618 -0
    outer loop
      vertex 9.74904 15.0122 6
      vertex 8.95 15.5019 5.7
      vertex 9.74904 15.0122 5.7
    endloop
  endfacet
  facet normal 0.793318 0.608808 0
    outer loop
      vertex -13.9109 -11.2648 6
      vertex -14.4814 -10.5214 5.7
      vertex -14.4814 -10.5214 6
    endloop
  endfacet
  facet normal 0.793318 0.608808 0
    outer loop
      vertex -14.4814 -10.5214 5.7
      vertex -13.9109 -11.2648 6
      vertex -13.9109 -11.2648 5.7
    endloop
  endfacet
  facet normal 0.958808 0.284055 0
    outer loop
      vertex -17.0239 -5.5314 6
      vertex -17.2901 -4.63286 5.7
      vertex -17.2901 -4.63286 6
    endloop
  endfacet
  facet normal 0.958808 0.284055 0
    outer loop
      vertex -17.2901 -4.63286 5.7
      vertex -17.0239 -5.5314 6
      vertex -17.0239 -5.5314 5.7
    endloop
  endfacet
  facet normal -0.725378 0.688351 0
    outer loop
      vertex 12.6572 -12.6572 5.7
      vertex 13.3023 -11.9774 6
      vertex 13.3023 -11.9774 5.7
    endloop
  endfacet
  facet normal -0.725378 0.688351 0
    outer loop
      vertex 13.3023 -11.9774 6
      vertex 12.6572 -12.6572 5.7
      vertex 12.6572 -12.6572 6
    endloop
  endfacet
  facet normal -0.284055 -0.958808 0
    outer loop
      vertex 4.63286 17.2901 5.7
      vertex 5.5314 17.0239 6
      vertex 4.63286 17.2901 6
    endloop
  endfacet
  facet normal -0.284055 -0.958808 -0
    outer loop
      vertex 5.5314 17.0239 6
      vertex 4.63286 17.2901 5.7
      vertex 5.5314 17.0239 5.7
    endloop
  endfacet
  facet normal -0.793318 0.608808 0
    outer loop
      vertex 13.9109 -11.2648 5.7
      vertex 14.4814 -10.5214 6
      vertex 14.4814 -10.5214 5.7
    endloop
  endfacet
  facet normal -0.793318 0.608808 0
    outer loop
      vertex 14.4814 -10.5214 6
      vertex 13.9109 -11.2648 5.7
      vertex 13.9109 -11.2648 6
    endloop
  endfacet
  facet normal -0.82414 0.566386 0
    outer loop
      vertex 14.4814 -10.5214 5.7
      vertex 15.0122 -9.74904 6
      vertex 15.0122 -9.74904 5.7
    endloop
  endfacet
  facet normal -0.82414 0.566386 0
    outer loop
      vertex 15.0122 -9.74904 6
      vertex 14.4814 -10.5214 5.7
      vertex 14.4814 -10.5214 6
    endloop
  endfacet
  facet normal 0.983251 0.182257 0
    outer loop
      vertex -17.5088 -3.72162 6
      vertex -17.6796 -2.80018 5.7
      vertex -17.6796 -2.80018 6
    endloop
  endfacet
  facet normal 0.983251 0.182257 0
    outer loop
      vertex -17.6796 -2.80018 5.7
      vertex -17.5088 -3.72162 6
      vertex -17.5088 -3.72162 5.7
    endloop
  endfacet
  facet normal 0.94265 -0.333783 0
    outer loop
      vertex -17.0239 5.5314 6
      vertex -16.7111 6.41479 5.7
      vertex -16.7111 6.41479 6
    endloop
  endfacet
  facet normal 0.94265 -0.333783 0
    outer loop
      vertex -16.7111 6.41479 5.7
      vertex -17.0239 5.5314 6
      vertex -17.0239 5.5314 5.7
    endloop
  endfacet
  facet normal 0.649437 0.760415 -0
    outer loop
      vertex -11.2648 -13.9109 5.7
      vertex -11.9774 -13.3023 6
      vertex -11.2648 -13.9109 6
    endloop
  endfacet
  facet normal 0.649437 0.760415 0
    outer loop
      vertex -11.9774 -13.3023 6
      vertex -11.2648 -13.9109 5.7
      vertex -11.9774 -13.3023 5.7
    endloop
  endfacet
  facet normal 0.996911 -0.0785367 0
    outer loop
      vertex -17.8755 0.936813 6
      vertex -17.8019 1.87106 5.7
      vertex -17.8019 1.87106 6
    endloop
  endfacet
  facet normal 0.996911 -0.0785367 0
    outer loop
      vertex -17.8019 1.87106 5.7
      vertex -17.8755 0.936813 6
      vertex -17.8755 0.936813 5.7
    endloop
  endfacet
  facet normal 0.725378 -0.688351 0
    outer loop
      vertex -13.3023 11.9774 6
      vertex -12.6572 12.6572 5.7
      vertex -12.6572 12.6572 6
    endloop
  endfacet
  facet normal 0.725378 -0.688351 0
    outer loop
      vertex -12.6572 12.6572 5.7
      vertex -13.3023 11.9774 6
      vertex -13.3023 11.9774 5.7
    endloop
  endfacet
  facet normal 0.38266 0.923889 -0
    outer loop
      vertex -6.41479 -16.7111 5.7
      vertex -7.28059 -16.3525 6
      vertex -6.41479 -16.7111 6
    endloop
  endfacet
  facet normal 0.38266 0.923889 0
    outer loop
      vertex -7.28059 -16.3525 6
      vertex -6.41479 -16.7111 5.7
      vertex -7.28059 -16.3525 5.7
    endloop
  endfacet
  facet normal 0.82414 0.566386 0
    outer loop
      vertex -14.4814 -10.5214 6
      vertex -15.0122 -9.74904 5.7
      vertex -15.0122 -9.74904 6
    endloop
  endfacet
  facet normal 0.82414 0.566386 0
    outer loop
      vertex -15.0122 -9.74904 5.7
      vertex -14.4814 -10.5214 6
      vertex -14.4814 -10.5214 5.7
    endloop
  endfacet
  facet normal 0.522536 0.852618 -0
    outer loop
      vertex -8.95 -15.5019 5.7
      vertex -9.74904 -15.0122 6
      vertex -8.95 -15.5019 6
    endloop
  endfacet
  facet normal 0.522536 0.852618 0
    outer loop
      vertex -9.74904 -15.0122 6
      vertex -8.95 -15.5019 5.7
      vertex -9.74904 -15.0122 5.7
    endloop
  endfacet
  facet normal 0.983251 -0.182257 0
    outer loop
      vertex -17.6796 2.80018 6
      vertex -17.5088 3.72162 5.7
      vertex -17.5088 3.72162 6
    endloop
  endfacet
  facet normal 0.983251 -0.182257 0
    outer loop
      vertex -17.5088 3.72162 5.7
      vertex -17.6796 2.80018 6
      vertex -17.6796 2.80018 5.7
    endloop
  endfacet
  facet normal -0.852618 0.522536 0
    outer loop
      vertex 15.0122 -9.74904 5.7
      vertex 15.5019 -8.95 6
      vertex 15.5019 -8.95 5.7
    endloop
  endfacet
  facet normal -0.852618 0.522536 0
    outer loop
      vertex 15.5019 -8.95 6
      vertex 15.0122 -9.74904 5.7
      vertex 15.0122 -9.74904 6
    endloop
  endfacet
  facet normal 0.923889 -0.38266 0
    outer loop
      vertex -16.7111 6.41479 6
      vertex -16.3525 7.28059 5.7
      vertex -16.3525 7.28059 6
    endloop
  endfacet
  facet normal 0.923889 -0.38266 0
    outer loop
      vertex -16.3525 7.28059 5.7
      vertex -16.7111 6.41479 6
      vertex -16.7111 6.41479 5.7
    endloop
  endfacet
  facet normal 0.0785367 0.996911 -0
    outer loop
      vertex -0.936813 -17.8755 5.7
      vertex -1.87106 -17.8019 6
      vertex -0.936813 -17.8755 6
    endloop
  endfacet
  facet normal 0.0785367 0.996911 0
    outer loop
      vertex -1.87106 -17.8019 6
      vertex -0.936813 -17.8755 5.7
      vertex -1.87106 -17.8019 5.7
    endloop
  endfacet
  facet normal -0.333783 -0.94265 0
    outer loop
      vertex 5.5314 17.0239 5.7
      vertex 6.41479 16.7111 6
      vertex 5.5314 17.0239 6
    endloop
  endfacet
  facet normal -0.333783 -0.94265 -0
    outer loop
      vertex 6.41479 16.7111 6
      vertex 5.5314 17.0239 5.7
      vertex 6.41479 16.7111 5.7
    endloop
  endfacet
  facet normal 0.233375 -0.972387 0
    outer loop
      vertex -4.63286 17.2901 5.7
      vertex -3.72162 17.5088 6
      vertex -4.63286 17.2901 6
    endloop
  endfacet
  facet normal 0.233375 -0.972387 0
    outer loop
      vertex -3.72162 17.5088 6
      vertex -4.63286 17.2901 5.7
      vertex -3.72162 17.5088 5.7
    endloop
  endfacet
  facet normal 0.0261436 0.999658 -0
    outer loop
      vertex 0 -17.9 5.7
      vertex -0.936813 -17.8755 6
      vertex 0 -17.9 6
    endloop
  endfacet
  facet normal 0.0261436 0.999658 0
    outer loop
      vertex -0.936813 -17.8755 6
      vertex 0 -17.9 5.7
      vertex -0.936813 -17.8755 5.7
    endloop
  endfacet
  facet normal 0.972387 0.233375 0
    outer loop
      vertex -17.2901 -4.63286 6
      vertex -17.5088 -3.72162 5.7
      vertex -17.5088 -3.72162 6
    endloop
  endfacet
  facet normal 0.972387 0.233375 0
    outer loop
      vertex -17.5088 -3.72162 5.7
      vertex -17.2901 -4.63286 6
      vertex -17.2901 -4.63286 5.7
    endloop
  endfacet
  facet normal -0.233375 -0.972387 0
    outer loop
      vertex 3.72162 17.5088 5.7
      vertex 4.63286 17.2901 6
      vertex 3.72162 17.5088 6
    endloop
  endfacet
  facet normal -0.233375 -0.972387 -0
    outer loop
      vertex 4.63286 17.2901 6
      vertex 3.72162 17.5088 5.7
      vertex 4.63286 17.2901 5.7
    endloop
  endfacet
  facet normal 0.430559 -0.902562 0
    outer loop
      vertex -8.12643 15.949 5.7
      vertex -7.28059 16.3525 6
      vertex -8.12643 15.949 6
    endloop
  endfacet
  facet normal 0.430559 -0.902562 0
    outer loop
      vertex -7.28059 16.3525 6
      vertex -8.12643 15.949 5.7
      vertex -7.28059 16.3525 5.7
    endloop
  endfacet
  facet normal 0.608808 0.793318 -0
    outer loop
      vertex -10.5214 -14.4814 5.7
      vertex -11.2648 -13.9109 6
      vertex -10.5214 -14.4814 6
    endloop
  endfacet
  facet normal 0.608808 0.793318 0
    outer loop
      vertex -11.2648 -13.9109 6
      vertex -10.5214 -14.4814 5.7
      vertex -11.2648 -13.9109 5.7
    endloop
  endfacet
  facet normal 0.566386 0.82414 -0
    outer loop
      vertex -9.74904 -15.0122 5.7
      vertex -10.5214 -14.4814 6
      vertex -9.74904 -15.0122 6
    endloop
  endfacet
  facet normal 0.566386 0.82414 0
    outer loop
      vertex -10.5214 -14.4814 6
      vertex -9.74904 -15.0122 5.7
      vertex -10.5214 -14.4814 5.7
    endloop
  endfacet
endsolid OpenSCAD_Model
