solid OpenSCAD_Model
  facet normal 0 0 1
    outer loop
      vertex 2.65813 16.7828 6.4
      vertex 3.717 16.5765 6.4
      vertex 3.53284 16.6207 6.4
    endloop
  endfacet
  facet normal 0 0 1
    outer loop
      vertex 3.717 16.5765 6.4
      vertex 2.65813 16.7828 6.4
      vertex 3.717 -16.5765 6.4
    endloop
  endfacet
  facet normal 0 0 1
    outer loop
      vertex 2.65813 -16.7828 6.4
      vertex 3.717 -16.5765 6.4
      vertex 2.65813 16.7828 6.4
    endloop
  endfacet
  facet normal 0 0 1
    outer loop
      vertex 3.717 -16.5765 6.4
      vertex 2.65813 -16.7828 6.4
      vertex 3.53284 -16.6207 6.4
    endloop
  endfacet
  facet normal 0 0 1
    outer loop
      vertex 1.77615 16.8989 6.4
      vertex 2.65813 -16.7828 6.4
      vertex 2.65813 16.7828 6.4
    endloop
  endfacet
  facet normal 0 0 1
    outer loop
      vertex 1.77615 16.8989 6.4
      vertex 1.77615 -16.8989 6.4
      vertex 2.65813 -16.7828 6.4
    endloop
  endfacet
  facet normal 0 0 1
    outer loop
      vertex 0.889292 16.9687 6.4
      vertex 1.77615 -16.8989 6.4
      vertex 1.77615 16.8989 6.4
    endloop
  endfacet
  facet normal 0 0 1
    outer loop
      vertex 0.889292 16.9687 6.4
      vertex 0.889292 -16.9687 6.4
      vertex 1.77615 -16.8989 6.4
    endloop
  endfacet
  facet normal 0 0 1
    outer loop
      vertex 0 16.992 6.4
      vertex 0.889292 -16.9687 6.4
      vertex 0.889292 16.9687 6.4
    endloop
  endfacet
  facet normal 0 0 1
    outer loop
      vertex 0 16.992 6.4
      vertex 0 -16.992 6.4
      vertex 0.889292 -16.9687 6.4
    endloop
  endfacet
  facet normal -0 0 1
    outer loop
      vertex -0.889292 16.9687 6.4
      vertex 0 -16.992 6.4
      vertex 0 16.992 6.4
    endloop
  endfacet
  facet normal 0 0 1
    outer loop
      vertex -0.889292 16.9687 6.4
      vertex -0.889292 -16.9687 6.4
      vertex 0 -16.992 6.4
    endloop
  endfacet
  facet normal -0 0 1
    outer loop
      vertex -1.77615 16.8989 6.4
      vertex -0.889292 -16.9687 6.4
      vertex -0.889292 16.9687 6.4
    endloop
  endfacet
  facet normal 0 0 1
    outer loop
      vertex -1.77615 16.8989 6.4
      vertex -1.77615 -16.8989 6.4
      vertex -0.889292 -16.9687 6.4
    endloop
  endfacet
  facet normal -0 0 1
    outer loop
      vertex -2.65813 16.7828 6.4
      vertex -1.77615 -16.8989 6.4
      vertex -1.77615 16.8989 6.4
    endloop
  endfacet
  facet normal 0 0 1
    outer loop
      vertex -2.65813 16.7828 6.4
      vertex -2.65813 -16.7828 6.4
      vertex -1.77615 -16.8989 6.4
    endloop
  endfacet
  facet normal 0 0 1
    outer loop
      vertex -3.717 16.5765 6.4
      vertex -2.65813 16.7828 6.4
      vertex -3.53284 16.6207 6.4
    endloop
  endfacet
  facet normal 0 0 1
    outer loop
      vertex -2.65813 16.7828 6.4
      vertex -3.717 16.5765 6.4
      vertex -2.65813 -16.7828 6.4
    endloop
  endfacet
  facet normal -0 0 1
    outer loop
      vertex -3.717 -16.5765 6.4
      vertex -2.65813 -16.7828 6.4
      vertex -3.717 16.5765 6.4
    endloop
  endfacet
  facet normal 0 0 1
    outer loop
      vertex -2.65813 -16.7828 6.4
      vertex -3.717 -16.5765 6.4
      vertex -3.53284 -16.6207 6.4
    endloop
  endfacet
  facet normal 0 0 1
    outer loop
      vertex -13.93 13.93 6
      vertex -6.2264 15.8066 6
      vertex -13.6916 14.2407 6
    endloop
  endfacet
  facet normal 0 0 1
    outer loop
      vertex -6.2264 -15.8066 6
      vertex -13.5418 -14.6024 6
      vertex -13.4907 -14.9907 6
    endloop
  endfacet
  facet normal 0 0 1
    outer loop
      vertex -14.2407 13.6916 6
      vertex -6.2264 15.8066 6
      vertex -13.93 13.93 6
    endloop
  endfacet
  facet normal 0 0 1
    outer loop
      vertex -6.2264 -15.8066 6
      vertex -13.6916 -14.2407 6
      vertex -13.5418 -14.6024 6
    endloop
  endfacet
  facet normal 0 0 1
    outer loop
      vertex -6.2264 15.8066 6
      vertex -14.2407 13.6916 6
      vertex -6.2264 -15.8066 6
    endloop
  endfacet
  facet normal 0 0 1
    outer loop
      vertex -6.2264 -15.8066 6
      vertex -13.93 -13.93 6
      vertex -13.6916 -14.2407 6
    endloop
  endfacet
  facet normal -0 0 1
    outer loop
      vertex -14.2407 -13.6916 6
      vertex -6.2264 -15.8066 6
      vertex -14.2407 13.6916 6
    endloop
  endfacet
  facet normal 0 0 1
    outer loop
      vertex -6.2264 -15.8066 6
      vertex -14.2407 -13.6916 6
      vertex -13.93 -13.93 6
    endloop
  endfacet
  facet normal -0 0 1
    outer loop
      vertex -14.6024 13.5418 6
      vertex -14.2407 -13.6916 6
      vertex -14.2407 13.6916 6
    endloop
  endfacet
  facet normal 0 0 1
    outer loop
      vertex -14.6024 13.5418 6
      vertex -14.6024 -13.5418 6
      vertex -14.2407 -13.6916 6
    endloop
  endfacet
  facet normal 0 0 1
    outer loop
      vertex -24.3959 3.86393 6
      vertex -14.6024 13.5418 6
      vertex -14.9907 13.4907 6
    endloop
  endfacet
  facet normal 0 0 1
    outer loop
      vertex -14.6024 13.5418 6
      vertex -24.7 0 6
      vertex -14.6024 -13.5418 6
    endloop
  endfacet
  facet normal 0 0 1
    outer loop
      vertex -23.0594 8.85169 6
      vertex -14.9907 13.4907 6
      vertex -15.3789 13.5418 6
    endloop
  endfacet
  facet normal -0 -0 1
    outer loop
      vertex -24.6661 -1.2927 6
      vertex -14.6024 -13.5418 6
      vertex -24.7 0 6
    endloop
  endfacet
  facet normal 0 0 1
    outer loop
      vertex -22.0079 11.2136 6
      vertex -15.3789 13.5418 6
      vertex -15.7407 13.6916 6
    endloop
  endfacet
  facet normal -0 -0 1
    outer loop
      vertex -24.5647 -2.58185 6
      vertex -14.6024 -13.5418 6
      vertex -24.6661 -1.2927 6
    endloop
  endfacet
  facet normal 0 0 1
    outer loop
      vertex -21.3908 12.35 6
      vertex -15.7407 13.6916 6
      vertex -16.0513 13.93 6
    endloop
  endfacet
  facet normal -0 -0 1
    outer loop
      vertex -24.3959 -3.86393 6
      vertex -14.6024 -13.5418 6
      vertex -24.5647 -2.58185 6
    endloop
  endfacet
  facet normal 0 0 1
    outer loop
      vertex -20.7152 13.4526 6
      vertex -16.0513 13.93 6
      vertex -16.2897 14.2407 6
    endloop
  endfacet
  facet normal 0 0 1
    outer loop
      vertex -14.6024 -13.5418 6
      vertex -24.3959 -3.86393 6
      vertex -14.9907 -13.4907 6
    endloop
  endfacet
  facet normal -0 0 1
    outer loop
      vertex -19.9827 14.5183 6
      vertex -16.2897 14.2407 6
      vertex -16.4396 14.6024 6
    endloop
  endfacet
  facet normal -0 -0 1
    outer loop
      vertex -24.1602 -5.13542 6
      vertex -14.9907 -13.4907 6
      vertex -24.3959 -3.86393 6
    endloop
  endfacet
  facet normal 0 0 1
    outer loop
      vertex -19.1955 15.5442 6
      vertex -16.4396 14.6024 6
      vertex -16.4907 14.9907 6
    endloop
  endfacet
  facet normal -0 -0 1
    outer loop
      vertex -23.8584 -6.39283 6
      vertex -14.9907 -13.4907 6
      vertex -24.1602 -5.13542 6
    endloop
  endfacet
  facet normal -0 0 1
    outer loop
      vertex -13.6916 -15.7407 6
      vertex -6.2264 -15.8066 6
      vertex -13.5418 -15.3789 6
    endloop
  endfacet
  facet normal 0 0 1
    outer loop
      vertex -6.2264 -15.8066 6
      vertex -13.6916 -15.7407 6
      vertex -12.35 -21.3908 6
    endloop
  endfacet
  facet normal -0 0 1
    outer loop
      vertex -13.93 -16.0513 6
      vertex -12.35 -21.3908 6
      vertex -13.6916 -15.7407 6
    endloop
  endfacet
  facet normal 0 0 1
    outer loop
      vertex -12.35 -21.3908 6
      vertex -13.93 -16.0513 6
      vertex -13.4526 -20.7152 6
    endloop
  endfacet
  facet normal -0 0 1
    outer loop
      vertex -14.2407 -16.2897 6
      vertex -13.4526 -20.7152 6
      vertex -13.93 -16.0513 6
    endloop
  endfacet
  facet normal 0 0 1
    outer loop
      vertex -14.2407 -16.2897 6
      vertex -14.5183 -19.9827 6
      vertex -13.4526 -20.7152 6
    endloop
  endfacet
  facet normal -0 0 1
    outer loop
      vertex -14.6024 -16.4396 6
      vertex -14.5183 -19.9827 6
      vertex -14.2407 -16.2897 6
    endloop
  endfacet
  facet normal 0 0 1
    outer loop
      vertex -15.5442 -19.1955 6
      vertex -14.6024 -16.4396 6
      vertex -14.9907 -16.4907 6
    endloop
  endfacet
  facet normal 0 0 1
    outer loop
      vertex -16.5275 -18.3557 6
      vertex -14.9907 -16.4907 6
      vertex -15.3789 -16.4396 6
    endloop
  endfacet
  facet normal 0 0 1
    outer loop
      vertex -14.6024 -16.4396 6
      vertex -15.5442 -19.1955 6
      vertex -14.5183 -19.9827 6
    endloop
  endfacet
  facet normal 0 0 1
    outer loop
      vertex -16.5275 -18.3557 6
      vertex -15.3789 -16.4396 6
      vertex -15.7407 -16.2897 6
    endloop
  endfacet
  facet normal 0 0 1
    outer loop
      vertex -17.4655 -17.4655 6
      vertex -15.7407 -16.2897 6
      vertex -16.0513 -16.0513 6
    endloop
  endfacet
  facet normal 0 0 1
    outer loop
      vertex -17.4655 -17.4655 6
      vertex -16.0513 -16.0513 6
      vertex -16.2897 -15.7407 6
    endloop
  endfacet
  facet normal 0 0 1
    outer loop
      vertex -18.3557 -16.5275 6
      vertex -16.2897 -15.7407 6
      vertex -16.4396 -15.3789 6
    endloop
  endfacet
  facet normal 0 0 1
    outer loop
      vertex -14.9907 -16.4907 6
      vertex -16.5275 -18.3557 6
      vertex -15.5442 -19.1955 6
    endloop
  endfacet
  facet normal 0 0 1
    outer loop
      vertex -18.3557 -16.5275 6
      vertex -16.4396 -15.3789 6
      vertex -16.4907 -14.9907 6
    endloop
  endfacet
  facet normal 0 0 1
    outer loop
      vertex -16.4396 15.3789 6
      vertex -18.3557 16.5275 6
      vertex -16.4907 14.9907 6
    endloop
  endfacet
  facet normal -0 0 1
    outer loop
      vertex -19.1955 15.5442 6
      vertex -16.4907 14.9907 6
      vertex -18.3557 16.5275 6
    endloop
  endfacet
  facet normal 0 0 1
    outer loop
      vertex -15.7407 -16.2897 6
      vertex -17.4655 -17.4655 6
      vertex -16.5275 -18.3557 6
    endloop
  endfacet
  facet normal 0 0 1
    outer loop
      vertex -16.4396 14.6024 6
      vertex -19.1955 15.5442 6
      vertex -19.9827 14.5183 6
    endloop
  endfacet
  facet normal 0 0 1
    outer loop
      vertex -16.2897 -15.7407 6
      vertex -18.3557 -16.5275 6
      vertex -17.4655 -17.4655 6
    endloop
  endfacet
  facet normal 0 0 1
    outer loop
      vertex -16.2897 14.2407 6
      vertex -19.9827 14.5183 6
      vertex -20.7152 13.4526 6
    endloop
  endfacet
  facet normal 0 0 1
    outer loop
      vertex -16.4907 -14.9907 6
      vertex -19.1955 -15.5442 6
      vertex -18.3557 -16.5275 6
    endloop
  endfacet
  facet normal 0 0 1
    outer loop
      vertex -16.0513 13.93 6
      vertex -20.7152 13.4526 6
      vertex -21.3908 12.35 6
    endloop
  endfacet
  facet normal 0 0 1
    outer loop
      vertex -16.4396 -14.6024 6
      vertex -19.1955 -15.5442 6
      vertex -16.4907 -14.9907 6
    endloop
  endfacet
  facet normal 0 0 1
    outer loop
      vertex -15.7407 13.6916 6
      vertex -21.3908 12.35 6
      vertex -22.0079 11.2136 6
    endloop
  endfacet
  facet normal 0 -0 1
    outer loop
      vertex -19.1955 -15.5442 6
      vertex -16.4396 -14.6024 6
      vertex -19.9827 -14.5183 6
    endloop
  endfacet
  facet normal 0 0 1
    outer loop
      vertex -15.3789 13.5418 6
      vertex -22.0079 11.2136 6
      vertex -22.5646 10.0464 6
    endloop
  endfacet
  facet normal 0 0 1
    outer loop
      vertex -16.2897 -14.2407 6
      vertex -19.9827 -14.5183 6
      vertex -16.4396 -14.6024 6
    endloop
  endfacet
  facet normal 0 0 1
    outer loop
      vertex -15.3789 13.5418 6
      vertex -22.5646 10.0464 6
      vertex -23.0594 8.85169 6
    endloop
  endfacet
  facet normal 0 -0 1
    outer loop
      vertex -19.9827 -14.5183 6
      vertex -16.2897 -14.2407 6
      vertex -20.7152 -13.4526 6
    endloop
  endfacet
  facet normal 0 0 1
    outer loop
      vertex -14.9907 13.4907 6
      vertex -23.0594 8.85169 6
      vertex -23.4911 7.63272 6
    endloop
  endfacet
  facet normal 0 0 1
    outer loop
      vertex -16.0513 -13.93 6
      vertex -20.7152 -13.4526 6
      vertex -16.2897 -14.2407 6
    endloop
  endfacet
  facet normal 0 0 1
    outer loop
      vertex -14.9907 13.4907 6
      vertex -23.4911 7.63272 6
      vertex -23.8584 6.39283 6
    endloop
  endfacet
  facet normal -0 -0 1
    outer loop
      vertex -20.7152 -13.4526 6
      vertex -16.0513 -13.93 6
      vertex -21.3908 -12.35 6
    endloop
  endfacet
  facet normal 0 0 1
    outer loop
      vertex -14.9907 13.4907 6
      vertex -23.8584 6.39283 6
      vertex -24.1602 5.13542 6
    endloop
  endfacet
  facet normal 0 0 1
    outer loop
      vertex -15.7407 -13.6916 6
      vertex -21.3908 -12.35 6
      vertex -16.0513 -13.93 6
    endloop
  endfacet
  facet normal 0 0 1
    outer loop
      vertex -14.9907 13.4907 6
      vertex -24.1602 5.13542 6
      vertex -24.3959 3.86393 6
    endloop
  endfacet
  facet normal -0 -0 1
    outer loop
      vertex -21.3908 -12.35 6
      vertex -15.7407 -13.6916 6
      vertex -22.0079 -11.2136 6
    endloop
  endfacet
  facet normal 0 0 1
    outer loop
      vertex -14.6024 13.5418 6
      vertex -24.3959 3.86393 6
      vertex -24.5647 2.58185 6
    endloop
  endfacet
  facet normal 0 0 1
    outer loop
      vertex -15.3789 -13.5418 6
      vertex -22.0079 -11.2136 6
      vertex -15.7407 -13.6916 6
    endloop
  endfacet
  facet normal 0 0 1
    outer loop
      vertex -14.6024 13.5418 6
      vertex -24.5647 2.58185 6
      vertex -24.6661 1.2927 6
    endloop
  endfacet
  facet normal -0 -0 1
    outer loop
      vertex -22.0079 -11.2136 6
      vertex -15.3789 -13.5418 6
      vertex -22.5646 -10.0464 6
    endloop
  endfacet
  facet normal 0 0 1
    outer loop
      vertex -14.6024 13.5418 6
      vertex -24.6661 1.2927 6
      vertex -24.7 0 6
    endloop
  endfacet
  facet normal -0 -0 1
    outer loop
      vertex -22.5646 -10.0464 6
      vertex -15.3789 -13.5418 6
      vertex -23.0594 -8.85169 6
    endloop
  endfacet
  facet normal -0 -0 1
    outer loop
      vertex -23.4911 -7.63272 6
      vertex -14.9907 -13.4907 6
      vertex -23.8584 -6.39283 6
    endloop
  endfacet
  facet normal 0 0 1
    outer loop
      vertex -14.9907 -13.4907 6
      vertex -23.0594 -8.85169 6
      vertex -15.3789 -13.5418 6
    endloop
  endfacet
  facet normal -0 -0 1
    outer loop
      vertex -23.0594 -8.85169 6
      vertex -14.9907 -13.4907 6
      vertex -23.4911 -7.63272 6
    endloop
  endfacet
  facet normal 0 0 1
    outer loop
      vertex 8.85169 -23.0594 6
      vertex 6.08939 -15.8634 6
      vertex 7.63272 -23.4911 6
    endloop
  endfacet
  facet normal -0 0 1
    outer loop
      vertex 5.25082 -16.1604 6
      vertex 7.63272 -23.4911 6
      vertex 6.08939 -15.8634 6
    endloop
  endfacet
  facet normal 0 0 1
    outer loop
      vertex 7.63272 -23.4911 6
      vertex 5.25082 -16.1604 6
      vertex 6.39283 -23.8584 6
    endloop
  endfacet
  facet normal -0 0 1
    outer loop
      vertex 4.39785 -16.413 6
      vertex 6.39283 -23.8584 6
      vertex 5.25082 -16.1604 6
    endloop
  endfacet
  facet normal -0 0 1
    outer loop
      vertex 4.1812 -16.465 6
      vertex 6.39283 -23.8584 6
      vertex 4.39785 -16.413 6
    endloop
  endfacet
  facet normal -0 0 1
    outer loop
      vertex 4.067 -16.4924 6
      vertex 6.39283 -23.8584 6
      vertex 4.1812 -16.465 6
    endloop
  endfacet
  facet normal 0 0 1
    outer loop
      vertex 4.067 -16.4924 6
      vertex 4.1812 -16.465 6
      vertex 4.067 16.4924 6
    endloop
  endfacet
  facet normal 0 0 1
    outer loop
      vertex 6.39283 -23.8584 6
      vertex 4.067 -16.4924 6
      vertex 5.13542 -24.1602 6
    endloop
  endfacet
  facet normal -0 0 1
    outer loop
      vertex 3.53284 -16.6207 6
      vertex 5.13542 -24.1602 6
      vertex 4.067 -16.4924 6
    endloop
  endfacet
  facet normal 0 0 1
    outer loop
      vertex 5.13542 -24.1602 6
      vertex 3.53284 -16.6207 6
      vertex 3.86393 -24.3959 6
    endloop
  endfacet
  facet normal -0 0 1
    outer loop
      vertex 2.65813 -16.7828 6
      vertex 3.86393 -24.3959 6
      vertex 3.53284 -16.6207 6
    endloop
  endfacet
  facet normal 0 0 1
    outer loop
      vertex 2.65813 -16.7828 6
      vertex 2.58185 -24.5647 6
      vertex 3.86393 -24.3959 6
    endloop
  endfacet
  facet normal -0 0 1
    outer loop
      vertex 1.77615 -16.8989 6
      vertex 2.58185 -24.5647 6
      vertex 2.65813 -16.7828 6
    endloop
  endfacet
  facet normal 0 0 1
    outer loop
      vertex 1.77615 -16.8989 6
      vertex 1.2927 -24.6661 6
      vertex 2.58185 -24.5647 6
    endloop
  endfacet
  facet normal -0 0 1
    outer loop
      vertex 0.889292 -16.9687 6
      vertex 1.2927 -24.6661 6
      vertex 1.77615 -16.8989 6
    endloop
  endfacet
  facet normal -0 0 1
    outer loop
      vertex 0 -16.992 6
      vertex 1.2927 -24.6661 6
      vertex 0.889292 -16.9687 6
    endloop
  endfacet
  facet normal 0 0 1
    outer loop
      vertex 0 -16.992 6
      vertex 0 -24.7 6
      vertex 1.2927 -24.6661 6
    endloop
  endfacet
  facet normal 0 0 1
    outer loop
      vertex -0.889292 -16.9687 6
      vertex 0 -24.7 6
      vertex 0 -16.992 6
    endloop
  endfacet
  facet normal 0 0 1
    outer loop
      vertex -0.889292 -16.9687 6
      vertex -1.2927 -24.6661 6
      vertex 0 -24.7 6
    endloop
  endfacet
  facet normal 0 0 1
    outer loop
      vertex -1.77615 -16.8989 6
      vertex -1.2927 -24.6661 6
      vertex -0.889292 -16.9687 6
    endloop
  endfacet
  facet normal 0 0 1
    outer loop
      vertex -1.77615 -16.8989 6
      vertex -2.58185 -24.5647 6
      vertex -1.2927 -24.6661 6
    endloop
  endfacet
  facet normal 0 0 1
    outer loop
      vertex -2.65813 -16.7828 6
      vertex -2.58185 -24.5647 6
      vertex -1.77615 -16.8989 6
    endloop
  endfacet
  facet normal 0 0 1
    outer loop
      vertex -3.86393 -24.3959 6
      vertex -2.65813 -16.7828 6
      vertex -3.53284 -16.6207 6
    endloop
  endfacet
  facet normal 0 0 1
    outer loop
      vertex -2.65813 -16.7828 6
      vertex -3.86393 -24.3959 6
      vertex -2.58185 -24.5647 6
    endloop
  endfacet
  facet normal 0 0 1
    outer loop
      vertex -5.13542 -24.1602 6
      vertex -3.53284 -16.6207 6
      vertex -4.067 -16.4924 6
    endloop
  endfacet
  facet normal -0 0 1
    outer loop
      vertex -4.1812 -16.465 6
      vertex -4.067 -16.4924 6
      vertex -4.1812 16.465 6
    endloop
  endfacet
  facet normal 0 0 1
    outer loop
      vertex -6.39283 -23.8584 6
      vertex -4.067 -16.4924 6
      vertex -4.1812 -16.465 6
    endloop
  endfacet
  facet normal 0 0 1
    outer loop
      vertex -6.39283 -23.8584 6
      vertex -4.1812 -16.465 6
      vertex -4.39785 -16.413 6
    endloop
  endfacet
  facet normal 0 0 1
    outer loop
      vertex -3.53284 -16.6207 6
      vertex -5.13542 -24.1602 6
      vertex -3.86393 -24.3959 6
    endloop
  endfacet
  facet normal 0 0 1
    outer loop
      vertex -6.39283 -23.8584 6
      vertex -4.39785 -16.413 6
      vertex -5.25082 -16.1604 6
    endloop
  endfacet
  facet normal 0 0 1
    outer loop
      vertex -7.63272 -23.4911 6
      vertex -5.25082 -16.1604 6
      vertex -6.08939 -15.8634 6
    endloop
  endfacet
  facet normal 0 0 1
    outer loop
      vertex -8.85169 -23.0594 6
      vertex -6.08939 -15.8634 6
      vertex -6.2264 -15.8066 6
    endloop
  endfacet
  facet normal 0 0 1
    outer loop
      vertex -4.067 -16.4924 6
      vertex -6.39283 -23.8584 6
      vertex -5.13542 -24.1602 6
    endloop
  endfacet
  facet normal 0 0 1
    outer loop
      vertex -13.5418 14.6024 6
      vertex -6.2264 15.8066 6
      vertex -13.4907 14.9907 6
    endloop
  endfacet
  facet normal 0 0 1
    outer loop
      vertex -13.4907 14.9907 6
      vertex -6.39283 23.8584 6
      vertex -7.63272 23.4911 6
    endloop
  endfacet
  facet normal 0 0 1
    outer loop
      vertex -13.6916 14.2407 6
      vertex -6.2264 15.8066 6
      vertex -13.5418 14.6024 6
    endloop
  endfacet
  facet normal 0 0 1
    outer loop
      vertex -13.4907 14.9907 6
      vertex -7.63272 23.4911 6
      vertex -8.85169 23.0594 6
    endloop
  endfacet
  facet normal 0 0 1
    outer loop
      vertex -5.25082 -16.1604 6
      vertex -7.63272 -23.4911 6
      vertex -6.39283 -23.8584 6
    endloop
  endfacet
  facet normal 0 0 1
    outer loop
      vertex -13.5418 15.3789 6
      vertex -8.85169 23.0594 6
      vertex -10.0464 22.5646 6
    endloop
  endfacet
  facet normal 0 0 1
    outer loop
      vertex -6.08939 -15.8634 6
      vertex -8.85169 -23.0594 6
      vertex -7.63272 -23.4911 6
    endloop
  endfacet
  facet normal 0 0 1
    outer loop
      vertex -13.5418 15.3789 6
      vertex -10.0464 22.5646 6
      vertex -11.2136 22.0079 6
    endloop
  endfacet
  facet normal 0 0 1
    outer loop
      vertex -6.2264 -15.8066 6
      vertex -10.0464 -22.5646 6
      vertex -8.85169 -23.0594 6
    endloop
  endfacet
  facet normal 0 0 1
    outer loop
      vertex -13.6916 15.7407 6
      vertex -11.2136 22.0079 6
      vertex -12.35 21.3908 6
    endloop
  endfacet
  facet normal 0 0 1
    outer loop
      vertex -6.2264 -15.8066 6
      vertex -11.2136 -22.0079 6
      vertex -10.0464 -22.5646 6
    endloop
  endfacet
  facet normal 0 0 1
    outer loop
      vertex -13.93 16.0513 6
      vertex -12.35 21.3908 6
      vertex -13.4526 20.7152 6
    endloop
  endfacet
  facet normal 0 0 1
    outer loop
      vertex -6.2264 -15.8066 6
      vertex -12.35 -21.3908 6
      vertex -11.2136 -22.0079 6
    endloop
  endfacet
  facet normal -0 0 1
    outer loop
      vertex -13.5418 -15.3789 6
      vertex -6.2264 -15.8066 6
      vertex -13.4907 -14.9907 6
    endloop
  endfacet
  facet normal 0 0 1
    outer loop
      vertex -8.85169 23.0594 6
      vertex -13.5418 15.3789 6
      vertex -13.4907 14.9907 6
    endloop
  endfacet
  facet normal 0 0 1
    outer loop
      vertex -11.2136 22.0079 6
      vertex -13.6916 15.7407 6
      vertex -13.5418 15.3789 6
    endloop
  endfacet
  facet normal 0 0 1
    outer loop
      vertex -12.35 21.3908 6
      vertex -13.93 16.0513 6
      vertex -13.6916 15.7407 6
    endloop
  endfacet
  facet normal 0 0 1
    outer loop
      vertex -13.4526 20.7152 6
      vertex -14.2407 16.2897 6
      vertex -13.93 16.0513 6
    endloop
  endfacet
  facet normal -0 0 1
    outer loop
      vertex -14.5183 19.9827 6
      vertex -14.2407 16.2897 6
      vertex -13.4526 20.7152 6
    endloop
  endfacet
  facet normal 0 0 1
    outer loop
      vertex -14.5183 19.9827 6
      vertex -14.6024 16.4396 6
      vertex -14.2407 16.2897 6
    endloop
  endfacet
  facet normal -0 0 1
    outer loop
      vertex -15.5442 19.1955 6
      vertex -14.6024 16.4396 6
      vertex -14.5183 19.9827 6
    endloop
  endfacet
  facet normal 0 0 1
    outer loop
      vertex -14.6024 16.4396 6
      vertex -15.5442 19.1955 6
      vertex -14.9907 16.4907 6
    endloop
  endfacet
  facet normal -0 0 1
    outer loop
      vertex -16.5275 18.3557 6
      vertex -14.9907 16.4907 6
      vertex -15.5442 19.1955 6
    endloop
  endfacet
  facet normal 0 0 1
    outer loop
      vertex -14.9907 16.4907 6
      vertex -16.5275 18.3557 6
      vertex -15.3789 16.4396 6
    endloop
  endfacet
  facet normal 0 0 1
    outer loop
      vertex -15.3789 16.4396 6
      vertex -16.5275 18.3557 6
      vertex -15.7407 16.2897 6
    endloop
  endfacet
  facet normal -0 0 1
    outer loop
      vertex -17.4655 17.4655 6
      vertex -15.7407 16.2897 6
      vertex -16.5275 18.3557 6
    endloop
  endfacet
  facet normal 0 0 1
    outer loop
      vertex -15.7407 16.2897 6
      vertex -17.4655 17.4655 6
      vertex -16.0513 16.0513 6
    endloop
  endfacet
  facet normal 0 0 1
    outer loop
      vertex -16.2897 15.7407 6
      vertex -18.3557 16.5275 6
      vertex -16.4396 15.3789 6
    endloop
  endfacet
  facet normal -0 0 1
    outer loop
      vertex -18.3557 16.5275 6
      vertex -16.2897 15.7407 6
      vertex -17.4655 17.4655 6
    endloop
  endfacet
  facet normal 0 0 1
    outer loop
      vertex -16.0513 16.0513 6
      vertex -17.4655 17.4655 6
      vertex -16.2897 15.7407 6
    endloop
  endfacet
  facet normal 0 0 1
    outer loop
      vertex 23.8584 6.39283 6
      vertex 14.9907 13.4907 6
      vertex 24.1602 5.13542 6
    endloop
  endfacet
  facet normal 0 0 1
    outer loop
      vertex 24.7 0 6
      vertex 16.4396 -14.6024 6
      vertex 16.4907 -14.9907 6
    endloop
  endfacet
  facet normal 0 0 1
    outer loop
      vertex 24.1602 5.13542 6
      vertex 14.9907 13.4907 6
      vertex 24.3959 3.86393 6
    endloop
  endfacet
  facet normal 0 0 1
    outer loop
      vertex 24.7 0 6
      vertex 16.2897 -14.2407 6
      vertex 16.4396 -14.6024 6
    endloop
  endfacet
  facet normal 0 0 1
    outer loop
      vertex 14.6024 13.5418 6
      vertex 24.3959 3.86393 6
      vertex 14.9907 13.4907 6
    endloop
  endfacet
  facet normal 0 0 1
    outer loop
      vertex 24.7 0 6
      vertex 16.0513 -13.93 6
      vertex 16.2897 -14.2407 6
    endloop
  endfacet
  facet normal 0 0 1
    outer loop
      vertex 24.3959 3.86393 6
      vertex 14.6024 13.5418 6
      vertex 24.5647 2.58185 6
    endloop
  endfacet
  facet normal 0 0 1
    outer loop
      vertex 24.7 0 6
      vertex 15.7407 -13.6916 6
      vertex 16.0513 -13.93 6
    endloop
  endfacet
  facet normal 0 0 1
    outer loop
      vertex 24.5647 2.58185 6
      vertex 14.6024 13.5418 6
      vertex 24.6661 1.2927 6
    endloop
  endfacet
  facet normal 0 0 1
    outer loop
      vertex 24.7 0 6
      vertex 15.3789 -13.5418 6
      vertex 15.7407 -13.6916 6
    endloop
  endfacet
  facet normal 0 0 1
    outer loop
      vertex 24.6661 1.2927 6
      vertex 14.6024 13.5418 6
      vertex 24.7 0 6
    endloop
  endfacet
  facet normal 0 0 1
    outer loop
      vertex 24.7 0 6
      vertex 14.9907 -13.4907 6
      vertex 15.3789 -13.5418 6
    endloop
  endfacet
  facet normal 0 0 1
    outer loop
      vertex 14.6024 -13.5418 6
      vertex 24.7 0 6
      vertex 14.6024 13.5418 6
    endloop
  endfacet
  facet normal 0 0 1
    outer loop
      vertex 24.7 0 6
      vertex 14.6024 -13.5418 6
      vertex 14.9907 -13.4907 6
    endloop
  endfacet
  facet normal 0 0 1
    outer loop
      vertex 14.2407 13.6916 6
      vertex 14.6024 -13.5418 6
      vertex 14.6024 13.5418 6
    endloop
  endfacet
  facet normal 0 0 1
    outer loop
      vertex 14.2407 13.6916 6
      vertex 14.2407 -13.6916 6
      vertex 14.6024 -13.5418 6
    endloop
  endfacet
  facet normal 0 0 1
    outer loop
      vertex 6.2264 15.8066 6
      vertex 14.2407 13.6916 6
      vertex 13.93 13.93 6
    endloop
  endfacet
  facet normal 0 0 1
    outer loop
      vertex 14.2407 13.6916 6
      vertex 6.2264 15.8066 6
      vertex 14.2407 -13.6916 6
    endloop
  endfacet
  facet normal 0 0 1
    outer loop
      vertex 6.2264 15.8066 6
      vertex 13.93 13.93 6
      vertex 13.6916 14.2407 6
    endloop
  endfacet
  facet normal 0 0 1
    outer loop
      vertex 6.2264 -15.8066 6
      vertex 14.2407 -13.6916 6
      vertex 6.2264 15.8066 6
    endloop
  endfacet
  facet normal 0 0 1
    outer loop
      vertex 6.2264 15.8066 6
      vertex 13.6916 14.2407 6
      vertex 13.5418 14.6024 6
    endloop
  endfacet
  facet normal 0 0 1
    outer loop
      vertex 14.2407 -13.6916 6
      vertex 6.2264 -15.8066 6
      vertex 13.93 -13.93 6
    endloop
  endfacet
  facet normal 0 0 1
    outer loop
      vertex 6.2264 15.8066 6
      vertex 13.5418 14.6024 6
      vertex 13.4907 14.9907 6
    endloop
  endfacet
  facet normal 0 0 1
    outer loop
      vertex 13.93 -13.93 6
      vertex 6.2264 -15.8066 6
      vertex 13.6916 -14.2407 6
    endloop
  endfacet
  facet normal 0 0 1
    outer loop
      vertex 23.0594 8.85169 6
      vertex 14.9907 13.4907 6
      vertex 23.4911 7.63272 6
    endloop
  endfacet
  facet normal -0 0 1
    outer loop
      vertex 14.9907 13.4907 6
      vertex 23.0594 8.85169 6
      vertex 15.3789 13.5418 6
    endloop
  endfacet
  facet normal 0 0 1
    outer loop
      vertex 23.4911 7.63272 6
      vertex 14.9907 13.4907 6
      vertex 23.8584 6.39283 6
    endloop
  endfacet
  facet normal 0 0 1
    outer loop
      vertex 22.5646 10.0464 6
      vertex 15.3789 13.5418 6
      vertex 23.0594 8.85169 6
    endloop
  endfacet
  facet normal 0 0 1
    outer loop
      vertex 24.7 0 6
      vertex 16.4907 -14.9907 6
      vertex 24.6661 -1.2927 6
    endloop
  endfacet
  facet normal 0 0 1
    outer loop
      vertex 22.0079 11.2136 6
      vertex 15.3789 13.5418 6
      vertex 22.5646 10.0464 6
    endloop
  endfacet
  facet normal 0 0 1
    outer loop
      vertex 24.6661 -1.2927 6
      vertex 16.4907 -14.9907 6
      vertex 24.5647 -2.58185 6
    endloop
  endfacet
  facet normal -0 0 1
    outer loop
      vertex 15.3789 13.5418 6
      vertex 22.0079 11.2136 6
      vertex 15.7407 13.6916 6
    endloop
  endfacet
  facet normal 0 0 1
    outer loop
      vertex 24.5647 -2.58185 6
      vertex 16.4907 -14.9907 6
      vertex 24.3959 -3.86393 6
    endloop
  endfacet
  facet normal 0 0 1
    outer loop
      vertex 21.3908 12.35 6
      vertex 15.7407 13.6916 6
      vertex 22.0079 11.2136 6
    endloop
  endfacet
  facet normal 0 0 1
    outer loop
      vertex 24.3959 -3.86393 6
      vertex 16.4907 -14.9907 6
      vertex 24.1602 -5.13542 6
    endloop
  endfacet
  facet normal -0 0 1
    outer loop
      vertex 15.7407 13.6916 6
      vertex 21.3908 12.35 6
      vertex 16.0513 13.93 6
    endloop
  endfacet
  facet normal 0 0 1
    outer loop
      vertex 24.1602 -5.13542 6
      vertex 16.4907 -14.9907 6
      vertex 23.8584 -6.39283 6
    endloop
  endfacet
  facet normal 0 0 1
    outer loop
      vertex 20.7152 13.4526 6
      vertex 16.0513 13.93 6
      vertex 21.3908 12.35 6
    endloop
  endfacet
  facet normal 0 0 1
    outer loop
      vertex 23.8584 -6.39283 6
      vertex 16.4907 -14.9907 6
      vertex 23.4911 -7.63272 6
    endloop
  endfacet
  facet normal -0 0 1
    outer loop
      vertex 16.0513 13.93 6
      vertex 20.7152 13.4526 6
      vertex 16.2897 14.2407 6
    endloop
  endfacet
  facet normal 0 0 1
    outer loop
      vertex 23.4911 -7.63272 6
      vertex 16.4907 -14.9907 6
      vertex 23.0594 -8.85169 6
    endloop
  endfacet
  facet normal 0 0 1
    outer loop
      vertex 19.9827 14.5183 6
      vertex 16.2897 14.2407 6
      vertex 20.7152 13.4526 6
    endloop
  endfacet
  facet normal 0 0 1
    outer loop
      vertex 23.0594 -8.85169 6
      vertex 16.4907 -14.9907 6
      vertex 22.5646 -10.0464 6
    endloop
  endfacet
  facet normal 0 0 1
    outer loop
      vertex 16.2897 14.2407 6
      vertex 19.9827 14.5183 6
      vertex 16.4396 14.6024 6
    endloop
  endfacet
  facet normal 0 0 1
    outer loop
      vertex 22.5646 -10.0464 6
      vertex 16.4907 -14.9907 6
      vertex 22.0079 -11.2136 6
    endloop
  endfacet
  facet normal 0 0 1
    outer loop
      vertex 19.1955 15.5442 6
      vertex 16.4396 14.6024 6
      vertex 19.9827 14.5183 6
    endloop
  endfacet
  facet normal 0 0 1
    outer loop
      vertex 22.0079 -11.2136 6
      vertex 16.4907 -14.9907 6
      vertex 21.3908 -12.35 6
    endloop
  endfacet
  facet normal 0 0 1
    outer loop
      vertex 16.4396 14.6024 6
      vertex 19.1955 15.5442 6
      vertex 16.4907 14.9907 6
    endloop
  endfacet
  facet normal 0 0 1
    outer loop
      vertex 21.3908 -12.35 6
      vertex 16.4907 -14.9907 6
      vertex 20.7152 -13.4526 6
    endloop
  endfacet
  facet normal 0 0 1
    outer loop
      vertex 16.4907 14.9907 6
      vertex 19.1955 15.5442 6
      vertex 18.3557 16.5275 6
    endloop
  endfacet
  facet normal 0 0 1
    outer loop
      vertex 20.7152 -13.4526 6
      vertex 16.4907 -14.9907 6
      vertex 19.9827 -14.5183 6
    endloop
  endfacet
  facet normal 0 0 1
    outer loop
      vertex 16.2897 15.7407 6
      vertex 18.3557 16.5275 6
      vertex 17.4655 17.4655 6
    endloop
  endfacet
  facet normal 0 0 1
    outer loop
      vertex 19.9827 -14.5183 6
      vertex 16.4907 -14.9907 6
      vertex 19.1955 -15.5442 6
    endloop
  endfacet
  facet normal 0 0 1
    outer loop
      vertex 15.7407 16.2897 6
      vertex 17.4655 17.4655 6
      vertex 16.5275 18.3557 6
    endloop
  endfacet
  facet normal 0 0 1
    outer loop
      vertex 19.1955 -15.5442 6
      vertex 16.4907 -14.9907 6
      vertex 18.3557 -16.5275 6
    endloop
  endfacet
  facet normal -0 0 1
    outer loop
      vertex 16.4396 -15.3789 6
      vertex 18.3557 -16.5275 6
      vertex 16.4907 -14.9907 6
    endloop
  endfacet
  facet normal 0 0 1
    outer loop
      vertex 18.3557 16.5275 6
      vertex 16.4396 15.3789 6
      vertex 16.4907 14.9907 6
    endloop
  endfacet
  facet normal 0 0 1
    outer loop
      vertex 18.3557 16.5275 6
      vertex 16.2897 15.7407 6
      vertex 16.4396 15.3789 6
    endloop
  endfacet
  facet normal 0 0 1
    outer loop
      vertex 17.4655 17.4655 6
      vertex 16.0513 16.0513 6
      vertex 16.2897 15.7407 6
    endloop
  endfacet
  facet normal 0 0 1
    outer loop
      vertex 17.4655 17.4655 6
      vertex 15.7407 16.2897 6
      vertex 16.0513 16.0513 6
    endloop
  endfacet
  facet normal 0 0 1
    outer loop
      vertex 14.9907 16.4907 6
      vertex 16.5275 18.3557 6
      vertex 15.5442 19.1955 6
    endloop
  endfacet
  facet normal 0 0 1
    outer loop
      vertex 16.5275 18.3557 6
      vertex 15.3789 16.4396 6
      vertex 15.7407 16.2897 6
    endloop
  endfacet
  facet normal 0 0 1
    outer loop
      vertex 16.5275 18.3557 6
      vertex 14.9907 16.4907 6
      vertex 15.3789 16.4396 6
    endloop
  endfacet
  facet normal 0 0 1
    outer loop
      vertex 15.5442 19.1955 6
      vertex 14.6024 16.4396 6
      vertex 14.9907 16.4907 6
    endloop
  endfacet
  facet normal 0 0 1
    outer loop
      vertex 14.5183 19.9827 6
      vertex 14.6024 16.4396 6
      vertex 15.5442 19.1955 6
    endloop
  endfacet
  facet normal 0 0 1
    outer loop
      vertex 14.5183 19.9827 6
      vertex 14.2407 16.2897 6
      vertex 14.6024 16.4396 6
    endloop
  endfacet
  facet normal 0 0 1
    outer loop
      vertex 13.4526 20.7152 6
      vertex 14.2407 16.2897 6
      vertex 14.5183 19.9827 6
    endloop
  endfacet
  facet normal 0 0 1
    outer loop
      vertex 14.2407 16.2897 6
      vertex 13.4526 20.7152 6
      vertex 13.93 16.0513 6
    endloop
  endfacet
  facet normal 0 0 1
    outer loop
      vertex 12.35 21.3908 6
      vertex 13.93 16.0513 6
      vertex 13.4526 20.7152 6
    endloop
  endfacet
  facet normal 0 0 1
    outer loop
      vertex 13.6916 15.7407 6
      vertex 6.2264 15.8066 6
      vertex 13.5418 15.3789 6
    endloop
  endfacet
  facet normal -0 0 1
    outer loop
      vertex 6.2264 15.8066 6
      vertex 13.6916 15.7407 6
      vertex 12.35 21.3908 6
    endloop
  endfacet
  facet normal 0 0 1
    outer loop
      vertex 13.93 16.0513 6
      vertex 12.35 21.3908 6
      vertex 13.6916 15.7407 6
    endloop
  endfacet
  facet normal -0 0 1
    outer loop
      vertex 16.2897 -15.7407 6
      vertex 18.3557 -16.5275 6
      vertex 16.4396 -15.3789 6
    endloop
  endfacet
  facet normal 0 0 1
    outer loop
      vertex 18.3557 -16.5275 6
      vertex 16.2897 -15.7407 6
      vertex 17.4655 -17.4655 6
    endloop
  endfacet
  facet normal -0 0 1
    outer loop
      vertex 16.0513 -16.0513 6
      vertex 17.4655 -17.4655 6
      vertex 16.2897 -15.7407 6
    endloop
  endfacet
  facet normal -0 0 1
    outer loop
      vertex 15.7407 -16.2897 6
      vertex 17.4655 -17.4655 6
      vertex 16.0513 -16.0513 6
    endloop
  endfacet
  facet normal 0 0 1
    outer loop
      vertex 17.4655 -17.4655 6
      vertex 15.7407 -16.2897 6
      vertex 16.5275 -18.3557 6
    endloop
  endfacet
  facet normal -0 0 1
    outer loop
      vertex 15.3789 -16.4396 6
      vertex 16.5275 -18.3557 6
      vertex 15.7407 -16.2897 6
    endloop
  endfacet
  facet normal -0 0 1
    outer loop
      vertex 14.9907 -16.4907 6
      vertex 16.5275 -18.3557 6
      vertex 15.3789 -16.4396 6
    endloop
  endfacet
  facet normal 0 0 1
    outer loop
      vertex 16.5275 -18.3557 6
      vertex 14.9907 -16.4907 6
      vertex 15.5442 -19.1955 6
    endloop
  endfacet
  facet normal 0 0 1
    outer loop
      vertex 14.6024 -16.4396 6
      vertex 15.5442 -19.1955 6
      vertex 14.9907 -16.4907 6
    endloop
  endfacet
  facet normal 0 0 1
    outer loop
      vertex 14.6024 -16.4396 6
      vertex 14.5183 -19.9827 6
      vertex 15.5442 -19.1955 6
    endloop
  endfacet
  facet normal 0 0 1
    outer loop
      vertex 14.2407 -16.2897 6
      vertex 14.5183 -19.9827 6
      vertex 14.6024 -16.4396 6
    endloop
  endfacet
  facet normal 0 0 1
    outer loop
      vertex 13.4526 -20.7152 6
      vertex 14.2407 -16.2897 6
      vertex 13.93 -16.0513 6
    endloop
  endfacet
  facet normal 0 0 1
    outer loop
      vertex 12.35 -21.3908 6
      vertex 13.93 -16.0513 6
      vertex 13.6916 -15.7407 6
    endloop
  endfacet
  facet normal 0 0 1
    outer loop
      vertex 6.2264 -15.8066 6
      vertex 13.6916 -15.7407 6
      vertex 13.5418 -15.3789 6
    endloop
  endfacet
  facet normal 0 0 1
    outer loop
      vertex 14.2407 -16.2897 6
      vertex 13.4526 -20.7152 6
      vertex 14.5183 -19.9827 6
    endloop
  endfacet
  facet normal 0 0 1
    outer loop
      vertex 6.2264 -15.8066 6
      vertex 13.5418 -15.3789 6
      vertex 13.4907 -14.9907 6
    endloop
  endfacet
  facet normal 0 0 1
    outer loop
      vertex 6.2264 -15.8066 6
      vertex 13.5418 -14.6024 6
      vertex 13.6916 -14.2407 6
    endloop
  endfacet
  facet normal 0 0 1
    outer loop
      vertex 13.5418 15.3789 6
      vertex 6.2264 15.8066 6
      vertex 13.4907 14.9907 6
    endloop
  endfacet
  facet normal 0 0 1
    outer loop
      vertex 6.2264 -15.8066 6
      vertex 13.4907 -14.9907 6
      vertex 13.5418 -14.6024 6
    endloop
  endfacet
  facet normal 0 0 1
    outer loop
      vertex 6.2264 15.8066 6
      vertex 12.35 21.3908 6
      vertex 11.2136 22.0079 6
    endloop
  endfacet
  facet normal 0 0 1
    outer loop
      vertex 13.93 -16.0513 6
      vertex 12.35 -21.3908 6
      vertex 13.4526 -20.7152 6
    endloop
  endfacet
  facet normal 0 0 1
    outer loop
      vertex 6.2264 15.8066 6
      vertex 11.2136 22.0079 6
      vertex 10.0464 22.5646 6
    endloop
  endfacet
  facet normal -0 0 1
    outer loop
      vertex 6.2264 -15.8066 6
      vertex 12.35 -21.3908 6
      vertex 13.6916 -15.7407 6
    endloop
  endfacet
  facet normal 0 0 1
    outer loop
      vertex 6.2264 15.8066 6
      vertex 10.0464 22.5646 6
      vertex 8.85169 23.0594 6
    endloop
  endfacet
  facet normal 0 0 1
    outer loop
      vertex 12.35 -21.3908 6
      vertex 6.2264 -15.8066 6
      vertex 11.2136 -22.0079 6
    endloop
  endfacet
  facet normal 0 0 1
    outer loop
      vertex 6.08939 15.8634 6
      vertex 8.85169 23.0594 6
      vertex 7.63272 23.4911 6
    endloop
  endfacet
  facet normal 0 0 1
    outer loop
      vertex 11.2136 -22.0079 6
      vertex 6.2264 -15.8066 6
      vertex 10.0464 -22.5646 6
    endloop
  endfacet
  facet normal 0 0 1
    outer loop
      vertex 5.25082 16.1604 6
      vertex 7.63272 23.4911 6
      vertex 6.39283 23.8584 6
    endloop
  endfacet
  facet normal 0 0 1
    outer loop
      vertex 10.0464 -22.5646 6
      vertex 6.2264 -15.8066 6
      vertex 8.85169 -23.0594 6
    endloop
  endfacet
  facet normal -0 0 1
    outer loop
      vertex 6.08939 -15.8634 6
      vertex 8.85169 -23.0594 6
      vertex 6.2264 -15.8066 6
    endloop
  endfacet
  facet normal 0 0 1
    outer loop
      vertex 8.85169 23.0594 6
      vertex 6.08939 15.8634 6
      vertex 6.2264 15.8066 6
    endloop
  endfacet
  facet normal 0 0 1
    outer loop
      vertex 7.63272 23.4911 6
      vertex 5.25082 16.1604 6
      vertex 6.08939 15.8634 6
    endloop
  endfacet
  facet normal 0 0 1
    outer loop
      vertex 4.067 16.4924 6
      vertex 6.39283 23.8584 6
      vertex 5.13542 24.1602 6
    endloop
  endfacet
  facet normal 0 0 1
    outer loop
      vertex 6.39283 23.8584 6
      vertex 4.39785 16.413 6
      vertex 5.25082 16.1604 6
    endloop
  endfacet
  facet normal 0 0 1
    outer loop
      vertex 6.39283 23.8584 6
      vertex 4.1812 16.465 6
      vertex 4.39785 16.413 6
    endloop
  endfacet
  facet normal 0 0 1
    outer loop
      vertex 4.1812 16.465 6
      vertex 4.067 16.4924 6
      vertex 4.1812 -16.465 6
    endloop
  endfacet
  facet normal 0 0 1
    outer loop
      vertex 6.39283 23.8584 6
      vertex 4.067 16.4924 6
      vertex 4.1812 16.465 6
    endloop
  endfacet
  facet normal 0 0 1
    outer loop
      vertex 3.53284 16.6207 6
      vertex 5.13542 24.1602 6
      vertex 3.86393 24.3959 6
    endloop
  endfacet
  facet normal 0 0 1
    outer loop
      vertex 5.13542 24.1602 6
      vertex 3.53284 16.6207 6
      vertex 4.067 16.4924 6
    endloop
  endfacet
  facet normal 0 0 1
    outer loop
      vertex 3.86393 24.3959 6
      vertex 2.65813 16.7828 6
      vertex 3.53284 16.6207 6
    endloop
  endfacet
  facet normal 0 0 1
    outer loop
      vertex 2.58185 24.5647 6
      vertex 2.65813 16.7828 6
      vertex 3.86393 24.3959 6
    endloop
  endfacet
  facet normal 0 0 1
    outer loop
      vertex 2.58185 24.5647 6
      vertex 1.77615 16.8989 6
      vertex 2.65813 16.7828 6
    endloop
  endfacet
  facet normal 0 0 1
    outer loop
      vertex 1.2927 24.6661 6
      vertex 1.77615 16.8989 6
      vertex 2.58185 24.5647 6
    endloop
  endfacet
  facet normal 0 0 1
    outer loop
      vertex 1.2927 24.6661 6
      vertex 0.889292 16.9687 6
      vertex 1.77615 16.8989 6
    endloop
  endfacet
  facet normal 0 0 1
    outer loop
      vertex 0 24.7 6
      vertex 0.889292 16.9687 6
      vertex 1.2927 24.6661 6
    endloop
  endfacet
  facet normal 0 0 1
    outer loop
      vertex 0 24.7 6
      vertex 0 16.992 6
      vertex 0.889292 16.9687 6
    endloop
  endfacet
  facet normal 0 0 1
    outer loop
      vertex 0 24.7 6
      vertex -0.889292 16.9687 6
      vertex 0 16.992 6
    endloop
  endfacet
  facet normal -0 0 1
    outer loop
      vertex -1.2927 24.6661 6
      vertex -0.889292 16.9687 6
      vertex 0 24.7 6
    endloop
  endfacet
  facet normal 0 0 1
    outer loop
      vertex -1.2927 24.6661 6
      vertex -1.77615 16.8989 6
      vertex -0.889292 16.9687 6
    endloop
  endfacet
  facet normal -0 0 1
    outer loop
      vertex -2.58185 24.5647 6
      vertex -1.77615 16.8989 6
      vertex -1.2927 24.6661 6
    endloop
  endfacet
  facet normal 0 0 1
    outer loop
      vertex -2.58185 24.5647 6
      vertex -2.65813 16.7828 6
      vertex -1.77615 16.8989 6
    endloop
  endfacet
  facet normal -0 0 1
    outer loop
      vertex -3.86393 24.3959 6
      vertex -2.65813 16.7828 6
      vertex -2.58185 24.5647 6
    endloop
  endfacet
  facet normal 0 0 1
    outer loop
      vertex -2.65813 16.7828 6
      vertex -3.86393 24.3959 6
      vertex -3.53284 16.6207 6
    endloop
  endfacet
  facet normal -0 0 1
    outer loop
      vertex -5.13542 24.1602 6
      vertex -3.53284 16.6207 6
      vertex -3.86393 24.3959 6
    endloop
  endfacet
  facet normal 0 0 1
    outer loop
      vertex -4.067 16.4924 6
      vertex -4.1812 16.465 6
      vertex -4.067 -16.4924 6
    endloop
  endfacet
  facet normal 0 0 1
    outer loop
      vertex -3.53284 16.6207 6
      vertex -5.13542 24.1602 6
      vertex -4.067 16.4924 6
    endloop
  endfacet
  facet normal -0 0 1
    outer loop
      vertex -6.39283 23.8584 6
      vertex -4.067 16.4924 6
      vertex -5.13542 24.1602 6
    endloop
  endfacet
  facet normal 0 0 1
    outer loop
      vertex -4.067 16.4924 6
      vertex -6.39283 23.8584 6
      vertex -4.1812 16.465 6
    endloop
  endfacet
  facet normal 0 0 1
    outer loop
      vertex -4.1812 16.465 6
      vertex -6.39283 23.8584 6
      vertex -4.39785 16.413 6
    endloop
  endfacet
  facet normal 0 0 1
    outer loop
      vertex -4.39785 16.413 6
      vertex -6.39283 23.8584 6
      vertex -5.25082 16.1604 6
    endloop
  endfacet
  facet normal 0 0 1
    outer loop
      vertex -5.25082 16.1604 6
      vertex -6.39283 23.8584 6
      vertex -6.08939 15.8634 6
    endloop
  endfacet
  facet normal 0 0 1
    outer loop
      vertex -13.4907 14.9907 6
      vertex -6.2264 15.8066 6
      vertex -6.39283 23.8584 6
    endloop
  endfacet
  facet normal 0 0 1
    outer loop
      vertex -6.08939 15.8634 6
      vertex -6.39283 23.8584 6
      vertex -6.2264 15.8066 6
    endloop
  endfacet
  facet normal 0.744242 0 0.66791
    outer loop
      vertex 3.717 16.5765 6.4
      vertex 4.067 -16.4924 6.01
      vertex 4.067 16.4924 6.01
    endloop
  endfacet
  facet normal 0.744242 0 0.66791
    outer loop
      vertex 4.067 -16.4924 6.01
      vertex 3.717 16.5765 6.4
      vertex 3.717 -16.5765 6.4
    endloop
  endfacet
  facet normal 1 -0 0
    outer loop
      vertex 4.067 -16.4924 6.01
      vertex 4.067 16.4924 6
      vertex 4.067 16.4924 6.01
    endloop
  endfacet
  facet normal 1 0 0
    outer loop
      vertex 4.067 16.4924 6
      vertex 4.067 -16.4924 6.01
      vertex 4.067 -16.4924 6
    endloop
  endfacet
  facet normal -0.744242 0 0.66791
    outer loop
      vertex -4.067 -16.4924 6.01
      vertex -3.717 16.5765 6.4
      vertex -4.067 16.4924 6.01
    endloop
  endfacet
  facet normal -0.744242 0 0.66791
    outer loop
      vertex -3.717 16.5765 6.4
      vertex -4.067 -16.4924 6.01
      vertex -3.717 -16.5765 6.4
    endloop
  endfacet
  facet normal -1 0 0
    outer loop
      vertex -4.067 -16.4924 6
      vertex -4.067 16.4924 6.01
      vertex -4.067 16.4924 6
    endloop
  endfacet
  facet normal -1 -0 0
    outer loop
      vertex -4.067 16.4924 6.01
      vertex -4.067 -16.4924 6
      vertex -4.067 -16.4924 6.01
    endloop
  endfacet
  facet normal -0.182216 0.983259 0
    outer loop
      vertex -2.65813 16.7828 6
      vertex -3.53284 16.6207 6.4
      vertex -2.65813 16.7828 6.4
    endloop
  endfacet
  facet normal -0.182216 0.983259 0
    outer loop
      vertex -3.53284 16.6207 6.4
      vertex -2.65813 16.7828 6
      vertex -3.53284 16.6207 6
    endloop
  endfacet
  facet normal 0.13051 -0.991447 0
    outer loop
      vertex 1.77615 -16.8989 6
      vertex 2.65813 -16.7828 6.4
      vertex 1.77615 -16.8989 6.4
    endloop
  endfacet
  facet normal 0.13051 -0.991447 0
    outer loop
      vertex 2.65813 -16.7828 6.4
      vertex 1.77615 -16.8989 6
      vertex 2.65813 -16.7828 6
    endloop
  endfacet
  facet normal -0.0261916 0.999657 0
    outer loop
      vertex 0 16.992 6
      vertex -0.889292 16.9687 6.4
      vertex 0 16.992 6.4
    endloop
  endfacet
  facet normal -0.0261916 0.999657 0
    outer loop
      vertex -0.889292 16.9687 6.4
      vertex 0 16.992 6
      vertex -0.889292 16.9687 6
    endloop
  endfacet
  facet normal 0.0784622 0.996917 -0
    outer loop
      vertex 1.77615 16.8989 6
      vertex 0.889292 16.9687 6.4
      vertex 1.77615 16.8989 6.4
    endloop
  endfacet
  facet normal 0.0784622 0.996917 0
    outer loop
      vertex 0.889292 16.9687 6.4
      vertex 1.77615 16.8989 6
      vertex 0.889292 16.9687 6
    endloop
  endfacet
  facet normal -0.0261916 -0.999657 0
    outer loop
      vertex -0.889292 -16.9687 6
      vertex 0 -16.992 6.4
      vertex -0.889292 -16.9687 6.4
    endloop
  endfacet
  facet normal -0.0261916 -0.999657 -0
    outer loop
      vertex 0 -16.992 6.4
      vertex -0.889292 -16.9687 6
      vertex 0 -16.992 6
    endloop
  endfacet
  facet normal 0.182216 -0.983259 0
    outer loop
      vertex 2.65813 -16.7828 6
      vertex 3.53284 -16.6207 6.4
      vertex 2.65813 -16.7828 6.4
    endloop
  endfacet
  facet normal 0.182216 -0.983259 0
    outer loop
      vertex 3.53284 -16.6207 6.4
      vertex 2.65813 -16.7828 6
      vertex 3.53284 -16.6207 6
    endloop
  endfacet
  facet normal -0.233549 -0.972345 -8.19658e-05
    outer loop
      vertex -3.53284 -16.6207 6
      vertex -3.717 -16.5765 6.4
      vertex -4.067 -16.4924 6.01
    endloop
  endfacet
  facet normal -0.233548 -0.972345 0
    outer loop
      vertex -3.53284 -16.6207 6
      vertex -4.067 -16.4924 6.01
      vertex -4.067 -16.4924 6
    endloop
  endfacet
  facet normal -0.233381 -0.972385 0
    outer loop
      vertex -3.717 -16.5765 6.4
      vertex -3.53284 -16.6207 6
      vertex -3.53284 -16.6207 6.4
    endloop
  endfacet
  facet normal -0.13051 0.991447 0
    outer loop
      vertex -1.77615 16.8989 6
      vertex -2.65813 16.7828 6.4
      vertex -1.77615 16.8989 6.4
    endloop
  endfacet
  facet normal -0.13051 0.991447 0
    outer loop
      vertex -2.65813 16.7828 6.4
      vertex -1.77615 16.8989 6
      vertex -2.65813 16.7828 6
    endloop
  endfacet
  facet normal -0.0784622 0.996917 0
    outer loop
      vertex -0.889292 16.9687 6
      vertex -1.77615 16.8989 6.4
      vertex -0.889292 16.9687 6.4
    endloop
  endfacet
  facet normal -0.0784622 0.996917 0
    outer loop
      vertex -1.77615 16.8989 6.4
      vertex -0.889292 16.9687 6
      vertex -1.77615 16.8989 6
    endloop
  endfacet
  facet normal 0.0261916 -0.999657 0
    outer loop
      vertex 0 -16.992 6
      vertex 0.889292 -16.9687 6.4
      vertex 0 -16.992 6.4
    endloop
  endfacet
  facet normal 0.0261916 -0.999657 0
    outer loop
      vertex 0.889292 -16.9687 6.4
      vertex 0 -16.992 6
      vertex 0.889292 -16.9687 6
    endloop
  endfacet
  facet normal 0.0784622 -0.996917 0
    outer loop
      vertex 0.889292 -16.9687 6
      vertex 1.77615 -16.8989 6.4
      vertex 0.889292 -16.9687 6.4
    endloop
  endfacet
  facet normal 0.0784622 -0.996917 0
    outer loop
      vertex 1.77615 -16.8989 6.4
      vertex 0.889292 -16.9687 6
      vertex 1.77615 -16.8989 6
    endloop
  endfacet
  facet normal -0.0784622 -0.996917 0
    outer loop
      vertex -1.77615 -16.8989 6
      vertex -0.889292 -16.9687 6.4
      vertex -1.77615 -16.8989 6.4
    endloop
  endfacet
  facet normal -0.0784622 -0.996917 -0
    outer loop
      vertex -0.889292 -16.9687 6.4
      vertex -1.77615 -16.8989 6
      vertex -0.889292 -16.9687 6
    endloop
  endfacet
  facet normal -0.233381 0.972385 0
    outer loop
      vertex -3.53284 16.6207 6
      vertex -3.717 16.5765 6.4
      vertex -3.53284 16.6207 6.4
    endloop
  endfacet
  facet normal -0.233549 0.972345 -8.19658e-05
    outer loop
      vertex -3.717 16.5765 6.4
      vertex -3.53284 16.6207 6
      vertex -4.067 16.4924 6.01
    endloop
  endfacet
  facet normal -0.233548 0.972345 0
    outer loop
      vertex -4.067 16.4924 6.01
      vertex -3.53284 16.6207 6
      vertex -4.067 16.4924 6
    endloop
  endfacet
  facet normal 0.182216 0.983259 -0
    outer loop
      vertex 3.53284 16.6207 6
      vertex 2.65813 16.7828 6.4
      vertex 3.53284 16.6207 6.4
    endloop
  endfacet
  facet normal 0.182216 0.983259 0
    outer loop
      vertex 2.65813 16.7828 6.4
      vertex 3.53284 16.6207 6
      vertex 2.65813 16.7828 6
    endloop
  endfacet
  facet normal 0.233381 -0.972385 0
    outer loop
      vertex 3.53284 -16.6207 6
      vertex 3.717 -16.5765 6.4
      vertex 3.53284 -16.6207 6.4
    endloop
  endfacet
  facet normal 0.233549 -0.972345 -8.19658e-05
    outer loop
      vertex 3.717 -16.5765 6.4
      vertex 3.53284 -16.6207 6
      vertex 4.067 -16.4924 6.01
    endloop
  endfacet
  facet normal 0.233548 -0.972345 0
    outer loop
      vertex 4.067 -16.4924 6.01
      vertex 3.53284 -16.6207 6
      vertex 4.067 -16.4924 6
    endloop
  endfacet
  facet normal 0.13051 0.991447 -0
    outer loop
      vertex 2.65813 16.7828 6
      vertex 1.77615 16.8989 6.4
      vertex 2.65813 16.7828 6.4
    endloop
  endfacet
  facet normal 0.13051 0.991447 0
    outer loop
      vertex 1.77615 16.8989 6.4
      vertex 2.65813 16.7828 6
      vertex 1.77615 16.8989 6
    endloop
  endfacet
  facet normal 0.0261916 0.999657 -0
    outer loop
      vertex 0.889292 16.9687 6
      vertex 0 16.992 6.4
      vertex 0.889292 16.9687 6.4
    endloop
  endfacet
  facet normal 0.0261916 0.999657 0
    outer loop
      vertex 0 16.992 6.4
      vertex 0.889292 16.9687 6
      vertex 0 16.992 6
    endloop
  endfacet
  facet normal -0.13051 -0.991447 0
    outer loop
      vertex -2.65813 -16.7828 6
      vertex -1.77615 -16.8989 6.4
      vertex -2.65813 -16.7828 6.4
    endloop
  endfacet
  facet normal -0.13051 -0.991447 -0
    outer loop
      vertex -1.77615 -16.8989 6.4
      vertex -2.65813 -16.7828 6
      vertex -1.77615 -16.8989 6
    endloop
  endfacet
  facet normal 0.233549 0.972345 -8.19658e-05
    outer loop
      vertex 3.53284 16.6207 6
      vertex 3.717 16.5765 6.4
      vertex 4.067 16.4924 6.01
    endloop
  endfacet
  facet normal 0.233548 0.972345 0
    outer loop
      vertex 3.53284 16.6207 6
      vertex 4.067 16.4924 6.01
      vertex 4.067 16.4924 6
    endloop
  endfacet
  facet normal 0.233381 0.972385 0
    outer loop
      vertex 3.717 16.5765 6.4
      vertex 3.53284 16.6207 6
      vertex 3.53284 16.6207 6.4
    endloop
  endfacet
  facet normal -0.182216 -0.983259 0
    outer loop
      vertex -3.53284 -16.6207 6
      vertex -2.65813 -16.7828 6.4
      vertex -3.53284 -16.6207 6.4
    endloop
  endfacet
  facet normal -0.182216 -0.983259 -0
    outer loop
      vertex -2.65813 -16.7828 6.4
      vertex -3.53284 -16.6207 6
      vertex -2.65813 -16.7828 6
    endloop
  endfacet
  facet normal 0 0 1
    outer loop
      vertex -5.8764 15.9388 6.4
      vertex -4.5312 16.3735 6.4
      vertex -5.25082 16.1604 6.4
    endloop
  endfacet
  facet normal 0 0 1
    outer loop
      vertex -4.5312 16.3735 6.4
      vertex -5.8764 15.9388 6.4
      vertex -4.5312 -16.3735 6.4
    endloop
  endfacet
  facet normal -0 0 1
    outer loop
      vertex -5.8764 -15.9388 6.4
      vertex -4.5312 -16.3735 6.4
      vertex -5.8764 15.9388 6.4
    endloop
  endfacet
  facet normal 0 0 1
    outer loop
      vertex -4.5312 -16.3735 6.4
      vertex -5.8764 -15.9388 6.4
      vertex -5.25082 -16.1604 6.4
    endloop
  endfacet
  facet normal 0.744242 5.13848e-14 0.66791
    outer loop
      vertex -4.5312 16.3735 6.4
      vertex -4.1812 16.465 6.01
      vertex -4.39785 16.413 6.25141
    endloop
  endfacet
  facet normal 0.744242 -0 0.66791
    outer loop
      vertex -4.5312 -16.3735 6.4
      vertex -4.1812 16.465 6.01
      vertex -4.5312 16.3735 6.4
    endloop
  endfacet
  facet normal 0.744242 -5.70943e-14 0.66791
    outer loop
      vertex -4.1812 -16.465 6.01
      vertex -4.5312 -16.3735 6.4
      vertex -4.39785 -16.413 6.25141
    endloop
  endfacet
  facet normal 0.744242 0 0.66791
    outer loop
      vertex -4.5312 -16.3735 6.4
      vertex -4.1812 -16.465 6.01
      vertex -4.1812 16.465 6.01
    endloop
  endfacet
  facet normal 1 -0 0
    outer loop
      vertex -4.1812 -16.465 6.01
      vertex -4.1812 16.465 6
      vertex -4.1812 16.465 6.01
    endloop
  endfacet
  facet normal 1 0 0
    outer loop
      vertex -4.1812 16.465 6
      vertex -4.1812 -16.465 6.01
      vertex -4.1812 -16.465 6
    endloop
  endfacet
  facet normal -0.744204 -0.000226773 0.667952
    outer loop
      vertex -6.2264 15.8066 6.01
      vertex -5.8764 15.9388 6.4
      vertex -6.08939 15.8634 6.16267
    endloop
  endfacet
  facet normal -0.744242 0 0.66791
    outer loop
      vertex -6.2264 -15.8066 6.01
      vertex -5.8764 15.9388 6.4
      vertex -6.2264 15.8066 6.01
    endloop
  endfacet
  facet normal -0.744204 0.000226773 0.667952
    outer loop
      vertex -5.8764 -15.9388 6.4
      vertex -6.2264 -15.8066 6.01
      vertex -6.08939 -15.8634 6.16267
    endloop
  endfacet
  facet normal -0.744242 0 0.66791
    outer loop
      vertex -6.2264 -15.8066 6.01
      vertex -5.8764 -15.9388 6.4
      vertex -5.8764 15.9388 6.4
    endloop
  endfacet
  facet normal -1 0 0
    outer loop
      vertex -6.2264 -15.8066 6
      vertex -6.2264 15.8066 6.01
      vertex -6.2264 15.8066 6
    endloop
  endfacet
  facet normal -1 -0 0
    outer loop
      vertex -6.2264 15.8066 6.01
      vertex -6.2264 -15.8066 6
      vertex -6.2264 -15.8066 6.01
    endloop
  endfacet
  facet normal -0.333901 0.942608 0
    outer loop
      vertex -5.25082 16.1604 6
      vertex -5.8764 15.9388 6.4
      vertex -5.25082 16.1604 6.4
    endloop
  endfacet
  facet normal -0.333854 0.942625 8.38906e-05
    outer loop
      vertex -6.08939 15.8634 6
      vertex -5.8764 15.9388 6.4
      vertex -5.25082 16.1604 6
    endloop
  endfacet
  facet normal -0.333714 0.942675 0
    outer loop
      vertex -5.8764 15.9388 6.4
      vertex -6.08939 15.8634 6
      vertex -6.08939 15.8634 6.16267
    endloop
  endfacet
  facet normal -0.23339 -0.972383 0
    outer loop
      vertex -4.39785 -16.413 6
      vertex -4.1812 -16.465 6.01
      vertex -4.39785 -16.413 6.25141
    endloop
  endfacet
  facet normal -0.23339 -0.972383 -0
    outer loop
      vertex -4.1812 -16.465 6.01
      vertex -4.39785 -16.413 6
      vertex -4.1812 -16.465 6
    endloop
  endfacet
  facet normal -0.23339 0.972383 0
    outer loop
      vertex -4.39785 16.413 6
      vertex -4.1812 16.465 6.01
      vertex -4.1812 16.465 6
    endloop
  endfacet
  facet normal -0.23339 0.972383 0
    outer loop
      vertex -4.1812 16.465 6.01
      vertex -4.39785 16.413 6
      vertex -4.39785 16.413 6.25141
    endloop
  endfacet
  facet normal -0.28394 -0.958842 0
    outer loop
      vertex -5.25082 -16.1604 6
      vertex -4.5312 -16.3735 6.4
      vertex -5.25082 -16.1604 6.4
    endloop
  endfacet
  facet normal -0.283952 -0.958838 2.27774e-05
    outer loop
      vertex -4.39785 -16.413 6
      vertex -4.5312 -16.3735 6.4
      vertex -5.25082 -16.1604 6
    endloop
  endfacet
  facet normal -0.284015 -0.95882 0
    outer loop
      vertex -4.5312 -16.3735 6.4
      vertex -4.39785 -16.413 6
      vertex -4.39785 -16.413 6.25141
    endloop
  endfacet
  facet normal -0.284015 0.95882 0
    outer loop
      vertex -4.39785 16.413 6
      vertex -4.5312 16.3735 6.4
      vertex -4.39785 16.413 6.25141
    endloop
  endfacet
  facet normal -0.283952 0.958838 2.27774e-05
    outer loop
      vertex -4.5312 16.3735 6.4
      vertex -4.39785 16.413 6
      vertex -5.25082 16.1604 6
    endloop
  endfacet
  facet normal -0.28394 0.958842 0
    outer loop
      vertex -4.5312 16.3735 6.4
      vertex -5.25082 16.1604 6
      vertex -5.25082 16.1604 6.4
    endloop
  endfacet
  facet normal -0.382963 0.923764 0
    outer loop
      vertex -6.08939 15.8634 6
      vertex -6.2264 15.8066 6.01
      vertex -6.08939 15.8634 6.16267
    endloop
  endfacet
  facet normal -0.382963 0.923764 0
    outer loop
      vertex -6.2264 15.8066 6.01
      vertex -6.08939 15.8634 6
      vertex -6.2264 15.8066 6
    endloop
  endfacet
  facet normal -0.333714 -0.942675 0
    outer loop
      vertex -6.08939 -15.8634 6
      vertex -5.8764 -15.9388 6.4
      vertex -6.08939 -15.8634 6.16267
    endloop
  endfacet
  facet normal -0.333854 -0.942625 8.38906e-05
    outer loop
      vertex -5.8764 -15.9388 6.4
      vertex -6.08939 -15.8634 6
      vertex -5.25082 -16.1604 6
    endloop
  endfacet
  facet normal -0.333901 -0.942608 0
    outer loop
      vertex -5.8764 -15.9388 6.4
      vertex -5.25082 -16.1604 6
      vertex -5.25082 -16.1604 6.4
    endloop
  endfacet
  facet normal -0.382963 -0.923764 0
    outer loop
      vertex -6.08939 -15.8634 6
      vertex -6.2264 -15.8066 6.01
      vertex -6.2264 -15.8066 6
    endloop
  endfacet
  facet normal -0.382963 -0.923764 0
    outer loop
      vertex -6.2264 -15.8066 6.01
      vertex -6.08939 -15.8634 6
      vertex -6.08939 -15.8634 6.16267
    endloop
  endfacet
  facet normal 0 0 1
    outer loop
      vertex 4.5312 16.3735 6.4
      vertex 5.8764 15.9388 6.4
      vertex 5.25082 16.1604 6.4
    endloop
  endfacet
  facet normal 0 0 1
    outer loop
      vertex 5.8764 15.9388 6.4
      vertex 4.5312 16.3735 6.4
      vertex 5.8764 -15.9388 6.4
    endloop
  endfacet
  facet normal 0 0 1
    outer loop
      vertex 4.5312 -16.3735 6.4
      vertex 5.8764 -15.9388 6.4
      vertex 4.5312 16.3735 6.4
    endloop
  endfacet
  facet normal 0 0 1
    outer loop
      vertex 5.8764 -15.9388 6.4
      vertex 4.5312 -16.3735 6.4
      vertex 5.25082 -16.1604 6.4
    endloop
  endfacet
  facet normal 0.744204 -0.000226773 0.667952
    outer loop
      vertex 5.8764 15.9388 6.4
      vertex 6.2264 15.8066 6.01
      vertex 6.08939 15.8634 6.16267
    endloop
  endfacet
  facet normal 0.744242 0 0.66791
    outer loop
      vertex 5.8764 15.9388 6.4
      vertex 6.2264 -15.8066 6.01
      vertex 6.2264 15.8066 6.01
    endloop
  endfacet
  facet normal 0.744242 -0 0.66791
    outer loop
      vertex 5.8764 -15.9388 6.4
      vertex 6.2264 -15.8066 6.01
      vertex 5.8764 15.9388 6.4
    endloop
  endfacet
  facet normal 0.744204 0.000226773 0.667952
    outer loop
      vertex 6.2264 -15.8066 6.01
      vertex 5.8764 -15.9388 6.4
      vertex 6.08939 -15.8634 6.16267
    endloop
  endfacet
  facet normal 1 -0 0
    outer loop
      vertex 6.2264 -15.8066 6.01
      vertex 6.2264 15.8066 6
      vertex 6.2264 15.8066 6.01
    endloop
  endfacet
  facet normal 1 0 0
    outer loop
      vertex 6.2264 15.8066 6
      vertex 6.2264 -15.8066 6.01
      vertex 6.2264 -15.8066 6
    endloop
  endfacet
  facet normal -0.744242 5.70943e-14 0.66791
    outer loop
      vertex 4.1812 16.465 6.01
      vertex 4.5312 16.3735 6.4
      vertex 4.39785 16.413 6.25141
    endloop
  endfacet
  facet normal -0.744242 0 0.66791
    outer loop
      vertex 4.1812 16.465 6.01
      vertex 4.5312 -16.3735 6.4
      vertex 4.5312 16.3735 6.4
    endloop
  endfacet
  facet normal -0.744242 0 0.66791
    outer loop
      vertex 4.1812 -16.465 6.01
      vertex 4.5312 -16.3735 6.4
      vertex 4.1812 16.465 6.01
    endloop
  endfacet
  facet normal -0.744242 -5.13848e-14 0.66791
    outer loop
      vertex 4.5312 -16.3735 6.4
      vertex 4.1812 -16.465 6.01
      vertex 4.39785 -16.413 6.25141
    endloop
  endfacet
  facet normal -1 0 0
    outer loop
      vertex 4.1812 -16.465 6
      vertex 4.1812 16.465 6.01
      vertex 4.1812 16.465 6
    endloop
  endfacet
  facet normal -1 -0 0
    outer loop
      vertex 4.1812 16.465 6.01
      vertex 4.1812 -16.465 6
      vertex 4.1812 -16.465 6.01
    endloop
  endfacet
  facet normal 0.284015 -0.95882 0
    outer loop
      vertex 4.39785 -16.413 6
      vertex 4.5312 -16.3735 6.4
      vertex 4.39785 -16.413 6.25141
    endloop
  endfacet
  facet normal 0.283952 -0.958838 2.27774e-05
    outer loop
      vertex 4.5312 -16.3735 6.4
      vertex 4.39785 -16.413 6
      vertex 5.25082 -16.1604 6
    endloop
  endfacet
  facet normal 0.28394 -0.958842 0
    outer loop
      vertex 4.5312 -16.3735 6.4
      vertex 5.25082 -16.1604 6
      vertex 5.25082 -16.1604 6.4
    endloop
  endfacet
  facet normal 0.382963 -0.923764 0
    outer loop
      vertex 6.08939 -15.8634 6
      vertex 6.2264 -15.8066 6.01
      vertex 6.08939 -15.8634 6.16267
    endloop
  endfacet
  facet normal 0.382963 -0.923764 0
    outer loop
      vertex 6.2264 -15.8066 6.01
      vertex 6.08939 -15.8634 6
      vertex 6.2264 -15.8066 6
    endloop
  endfacet
  facet normal 0.23339 -0.972383 0
    outer loop
      vertex 4.39785 -16.413 6
      vertex 4.1812 -16.465 6.01
      vertex 4.1812 -16.465 6
    endloop
  endfacet
  facet normal 0.23339 -0.972383 0
    outer loop
      vertex 4.1812 -16.465 6.01
      vertex 4.39785 -16.413 6
      vertex 4.39785 -16.413 6.25141
    endloop
  endfacet
  facet normal 0.382963 0.923764 0
    outer loop
      vertex 6.08939 15.8634 6
      vertex 6.2264 15.8066 6.01
      vertex 6.2264 15.8066 6
    endloop
  endfacet
  facet normal 0.382963 0.923764 0
    outer loop
      vertex 6.2264 15.8066 6.01
      vertex 6.08939 15.8634 6
      vertex 6.08939 15.8634 6.16267
    endloop
  endfacet
  facet normal 0.333714 0.942675 -0
    outer loop
      vertex 6.08939 15.8634 6
      vertex 5.8764 15.9388 6.4
      vertex 6.08939 15.8634 6.16267
    endloop
  endfacet
  facet normal 0.333854 0.942625 8.38906e-05
    outer loop
      vertex 5.8764 15.9388 6.4
      vertex 6.08939 15.8634 6
      vertex 5.25082 16.1604 6
    endloop
  endfacet
  facet normal 0.333901 0.942608 0
    outer loop
      vertex 5.8764 15.9388 6.4
      vertex 5.25082 16.1604 6
      vertex 5.25082 16.1604 6.4
    endloop
  endfacet
  facet normal 0.28394 0.958842 -0
    outer loop
      vertex 5.25082 16.1604 6
      vertex 4.5312 16.3735 6.4
      vertex 5.25082 16.1604 6.4
    endloop
  endfacet
  facet normal 0.283952 0.958838 2.27774e-05
    outer loop
      vertex 4.39785 16.413 6
      vertex 4.5312 16.3735 6.4
      vertex 5.25082 16.1604 6
    endloop
  endfacet
  facet normal 0.284015 0.95882 0
    outer loop
      vertex 4.5312 16.3735 6.4
      vertex 4.39785 16.413 6
      vertex 4.39785 16.413 6.25141
    endloop
  endfacet
  facet normal 0.23339 0.972383 -0
    outer loop
      vertex 4.39785 16.413 6
      vertex 4.1812 16.465 6.01
      vertex 4.39785 16.413 6.25141
    endloop
  endfacet
  facet normal 0.23339 0.972383 0
    outer loop
      vertex 4.1812 16.465 6.01
      vertex 4.39785 16.413 6
      vertex 4.1812 16.465 6
    endloop
  endfacet
  facet normal 0.333901 -0.942608 0
    outer loop
      vertex 5.25082 -16.1604 6
      vertex 5.8764 -15.9388 6.4
      vertex 5.25082 -16.1604 6.4
    endloop
  endfacet
  facet normal 0.333854 -0.942625 8.38906e-05
    outer loop
      vertex 6.08939 -15.8634 6
      vertex 5.8764 -15.9388 6.4
      vertex 5.25082 -16.1604 6
    endloop
  endfacet
  facet normal 0.333714 -0.942675 0
    outer loop
      vertex 5.8764 -15.9388 6.4
      vertex 6.08939 -15.8634 6
      vertex 6.08939 -15.8634 6.16267
    endloop
  endfacet
  facet normal -0.991447 0.130507 0
    outer loop
      vertex 13.4907 14.9907 6
      vertex 13.5418 15.3789 10
      vertex 13.5418 15.3789 6
    endloop
  endfacet
  facet normal -0.991447 0.130507 0
    outer loop
      vertex 13.5418 15.3789 10
      vertex 13.4907 14.9907 6
      vertex 13.4907 14.9907 10
    endloop
  endfacet
  facet normal 0.923846 0.382765 0
    outer loop
      vertex 16.4396 15.3789 10
      vertex 16.2897 15.7407 6
      vertex 16.2897 15.7407 10
    endloop
  endfacet
  facet normal 0.923846 0.382765 0
    outer loop
      vertex 16.2897 15.7407 6
      vertex 16.4396 15.3789 10
      vertex 16.4396 15.3789 6
    endloop
  endfacet
  facet normal 0.991447 0.130507 0
    outer loop
      vertex 16.4907 14.9907 10
      vertex 16.4396 15.3789 6
      vertex 16.4396 15.3789 10
    endloop
  endfacet
  facet normal 0.991447 0.130507 0
    outer loop
      vertex 16.4396 15.3789 6
      vertex 16.4907 14.9907 10
      vertex 16.4907 14.9907 6
    endloop
  endfacet
  facet normal 0.793269 0.608871 0
    outer loop
      vertex 16.2897 15.7407 10
      vertex 16.0513 16.0513 6
      vertex 16.0513 16.0513 10
    endloop
  endfacet
  facet normal 0.793269 0.608871 0
    outer loop
      vertex 16.0513 16.0513 6
      vertex 16.2897 15.7407 10
      vertex 16.2897 15.7407 6
    endloop
  endfacet
  facet normal 0.991452 -0.130474 0
    outer loop
      vertex 16.4396 14.6024 10
      vertex 16.4907 14.9907 6
      vertex 16.4907 14.9907 10
    endloop
  endfacet
  facet normal 0.991452 -0.130474 0
    outer loop
      vertex 16.4907 14.9907 6
      vertex 16.4396 14.6024 10
      vertex 16.4396 14.6024 6
    endloop
  endfacet
  facet normal 0.130507 -0.991447 0
    outer loop
      vertex 14.9907 13.4907 6
      vertex 15.3789 13.5418 10
      vertex 14.9907 13.4907 10
    endloop
  endfacet
  facet normal 0.130507 -0.991447 0
    outer loop
      vertex 15.3789 13.5418 10
      vertex 14.9907 13.4907 6
      vertex 15.3789 13.5418 6
    endloop
  endfacet
  facet normal -0.923936 0.382547 0
    outer loop
      vertex 13.5418 15.3789 6
      vertex 13.6916 15.7407 10
      vertex 13.6916 15.7407 6
    endloop
  endfacet
  facet normal -0.923936 0.382547 0
    outer loop
      vertex 13.6916 15.7407 10
      vertex 13.5418 15.3789 6
      vertex 13.5418 15.3789 10
    endloop
  endfacet
  facet normal 0.608871 -0.793269 0
    outer loop
      vertex 15.7407 13.6916 6
      vertex 16.0513 13.93 10
      vertex 15.7407 13.6916 10
    endloop
  endfacet
  facet normal 0.608871 -0.793269 0
    outer loop
      vertex 16.0513 13.93 10
      vertex 15.7407 13.6916 6
      vertex 16.0513 13.93 6
    endloop
  endfacet
  facet normal 0.382765 0.923846 -0
    outer loop
      vertex 15.7407 16.2897 6
      vertex 15.3789 16.4396 10
      vertex 15.7407 16.2897 10
    endloop
  endfacet
  facet normal 0.382765 0.923846 0
    outer loop
      vertex 15.3789 16.4396 10
      vertex 15.7407 16.2897 6
      vertex 15.3789 16.4396 6
    endloop
  endfacet
  facet normal -0.793269 0.608871 0
    outer loop
      vertex 13.6916 15.7407 6
      vertex 13.93 16.0513 10
      vertex 13.93 16.0513 6
    endloop
  endfacet
  facet normal -0.793269 0.608871 0
    outer loop
      vertex 13.93 16.0513 10
      vertex 13.6916 15.7407 6
      vertex 13.6916 15.7407 10
    endloop
  endfacet
  facet normal -0.923899 -0.382638 0
    outer loop
      vertex 13.6916 14.2407 6
      vertex 13.5418 14.6024 10
      vertex 13.5418 14.6024 6
    endloop
  endfacet
  facet normal -0.923899 -0.382638 0
    outer loop
      vertex 13.5418 14.6024 10
      vertex 13.6916 14.2407 6
      vertex 13.6916 14.2407 10
    endloop
  endfacet
  facet normal 0.130507 0.991447 -0
    outer loop
      vertex 15.3789 16.4396 6
      vertex 14.9907 16.4907 10
      vertex 15.3789 16.4396 10
    endloop
  endfacet
  facet normal 0.130507 0.991447 0
    outer loop
      vertex 14.9907 16.4907 10
      vertex 15.3789 16.4396 6
      vertex 14.9907 16.4907 6
    endloop
  endfacet
  facet normal -0.382856 0.923808 0
    outer loop
      vertex 14.6024 16.4396 6
      vertex 14.2407 16.2897 10
      vertex 14.6024 16.4396 10
    endloop
  endfacet
  facet normal -0.382856 0.923808 0
    outer loop
      vertex 14.2407 16.2897 10
      vertex 14.6024 16.4396 6
      vertex 14.2407 16.2897 6
    endloop
  endfacet
  facet normal -0.130474 0.991452 0
    outer loop
      vertex 14.9907 16.4907 6
      vertex 14.6024 16.4396 10
      vertex 14.9907 16.4907 10
    endloop
  endfacet
  facet normal -0.130474 0.991452 0
    outer loop
      vertex 14.6024 16.4396 10
      vertex 14.9907 16.4907 6
      vertex 14.6024 16.4396 6
    endloop
  endfacet
  facet normal -0.608748 -0.793364 0
    outer loop
      vertex 13.93 13.93 6
      vertex 14.2407 13.6916 10
      vertex 13.93 13.93 10
    endloop
  endfacet
  facet normal -0.608748 -0.793364 -0
    outer loop
      vertex 14.2407 13.6916 10
      vertex 13.93 13.93 6
      vertex 14.2407 13.6916 6
    endloop
  endfacet
  facet normal -0.608748 0.793364 0
    outer loop
      vertex 14.2407 16.2897 6
      vertex 13.93 16.0513 10
      vertex 14.2407 16.2897 10
    endloop
  endfacet
  facet normal -0.608748 0.793364 0
    outer loop
      vertex 13.93 16.0513 10
      vertex 14.2407 16.2897 6
      vertex 13.93 16.0513 6
    endloop
  endfacet
  facet normal 0.923808 -0.382856 0
    outer loop
      vertex 16.2897 14.2407 10
      vertex 16.4396 14.6024 6
      vertex 16.4396 14.6024 10
    endloop
  endfacet
  facet normal 0.923808 -0.382856 0
    outer loop
      vertex 16.4396 14.6024 6
      vertex 16.2897 14.2407 10
      vertex 16.2897 14.2407 6
    endloop
  endfacet
  facet normal 0.793364 -0.608748 0
    outer loop
      vertex 16.0513 13.93 10
      vertex 16.2897 14.2407 6
      vertex 16.2897 14.2407 10
    endloop
  endfacet
  facet normal 0.793364 -0.608748 0
    outer loop
      vertex 16.2897 14.2407 6
      vertex 16.0513 13.93 10
      vertex 16.0513 13.93 6
    endloop
  endfacet
  facet normal 0.608871 0.793269 -0
    outer loop
      vertex 16.0513 16.0513 6
      vertex 15.7407 16.2897 10
      vertex 16.0513 16.0513 10
    endloop
  endfacet
  facet normal 0.608871 0.793269 0
    outer loop
      vertex 15.7407 16.2897 10
      vertex 16.0513 16.0513 6
      vertex 15.7407 16.2897 6
    endloop
  endfacet
  facet normal -0.991452 -0.130474 0
    outer loop
      vertex 13.5418 14.6024 6
      vertex 13.4907 14.9907 10
      vertex 13.4907 14.9907 6
    endloop
  endfacet
  facet normal -0.991452 -0.130474 0
    outer loop
      vertex 13.4907 14.9907 10
      vertex 13.5418 14.6024 6
      vertex 13.5418 14.6024 10
    endloop
  endfacet
  facet normal 0.382547 -0.923936 0
    outer loop
      vertex 15.3789 13.5418 6
      vertex 15.7407 13.6916 10
      vertex 15.3789 13.5418 10
    endloop
  endfacet
  facet normal 0.382547 -0.923936 0
    outer loop
      vertex 15.7407 13.6916 10
      vertex 15.3789 13.5418 6
      vertex 15.7407 13.6916 6
    endloop
  endfacet
  facet normal 0 0 1
    outer loop
      vertex 16.4396 15.3789 10
      vertex 16.4396 14.6024 10
      vertex 16.4907 14.9907 10
    endloop
  endfacet
  facet normal 0 0 1
    outer loop
      vertex 16.2897 15.7407 10
      vertex 16.4396 14.6024 10
      vertex 16.4396 15.3789 10
    endloop
  endfacet
  facet normal 0 0 1
    outer loop
      vertex 16.2897 15.7407 10
      vertex 16.2897 14.2407 10
      vertex 16.4396 14.6024 10
    endloop
  endfacet
  facet normal 0 0 1
    outer loop
      vertex 16.0513 16.0513 10
      vertex 16.2897 14.2407 10
      vertex 16.2897 15.7407 10
    endloop
  endfacet
  facet normal 0 0 1
    outer loop
      vertex 16.0513 16.0513 10
      vertex 16.0513 13.93 10
      vertex 16.2897 14.2407 10
    endloop
  endfacet
  facet normal 0 0 1
    outer loop
      vertex 15.7407 16.2897 10
      vertex 16.0513 13.93 10
      vertex 16.0513 16.0513 10
    endloop
  endfacet
  facet normal 0 0 1
    outer loop
      vertex 15.7407 16.2897 10
      vertex 15.7407 13.6916 10
      vertex 16.0513 13.93 10
    endloop
  endfacet
  facet normal 0 0 1
    outer loop
      vertex 15.3789 16.4396 10
      vertex 15.7407 13.6916 10
      vertex 15.7407 16.2897 10
    endloop
  endfacet
  facet normal 0 0 1
    outer loop
      vertex 15.3789 16.4396 10
      vertex 15.3789 13.5418 10
      vertex 15.7407 13.6916 10
    endloop
  endfacet
  facet normal 0 0 1
    outer loop
      vertex 14.9907 16.4907 10
      vertex 15.3789 13.5418 10
      vertex 15.3789 16.4396 10
    endloop
  endfacet
  facet normal 0 0 1
    outer loop
      vertex 14.9907 16.4907 10
      vertex 14.9907 13.4907 10
      vertex 15.3789 13.5418 10
    endloop
  endfacet
  facet normal -0 0 1
    outer loop
      vertex 14.6024 16.4396 10
      vertex 14.9907 13.4907 10
      vertex 14.9907 16.4907 10
    endloop
  endfacet
  facet normal 0 0 1
    outer loop
      vertex 14.6024 16.4396 10
      vertex 14.6024 13.5418 10
      vertex 14.9907 13.4907 10
    endloop
  endfacet
  facet normal -0 0 1
    outer loop
      vertex 14.2407 16.2897 10
      vertex 14.6024 13.5418 10
      vertex 14.6024 16.4396 10
    endloop
  endfacet
  facet normal 0 0 1
    outer loop
      vertex 14.2407 16.2897 10
      vertex 14.2407 13.6916 10
      vertex 14.6024 13.5418 10
    endloop
  endfacet
  facet normal -0 0 1
    outer loop
      vertex 13.93 16.0513 10
      vertex 14.2407 13.6916 10
      vertex 14.2407 16.2897 10
    endloop
  endfacet
  facet normal 0 0 1
    outer loop
      vertex 13.93 16.0513 10
      vertex 13.93 13.93 10
      vertex 14.2407 13.6916 10
    endloop
  endfacet
  facet normal -0 0 1
    outer loop
      vertex 13.6916 15.7407 10
      vertex 13.93 13.93 10
      vertex 13.93 16.0513 10
    endloop
  endfacet
  facet normal 0 0 1
    outer loop
      vertex 13.6916 15.7407 10
      vertex 13.6916 14.2407 10
      vertex 13.93 13.93 10
    endloop
  endfacet
  facet normal -0 0 1
    outer loop
      vertex 13.5418 15.3789 10
      vertex 13.6916 14.2407 10
      vertex 13.6916 15.7407 10
    endloop
  endfacet
  facet normal 0 0 1
    outer loop
      vertex 13.5418 15.3789 10
      vertex 13.5418 14.6024 10
      vertex 13.6916 14.2407 10
    endloop
  endfacet
  facet normal 0 -0 1
    outer loop
      vertex 13.5418 14.6024 10
      vertex 13.5418 15.3789 10
      vertex 13.4907 14.9907 10
    endloop
  endfacet
  facet normal -0.793364 -0.608748 0
    outer loop
      vertex 13.93 13.93 6
      vertex 13.6916 14.2407 10
      vertex 13.6916 14.2407 6
    endloop
  endfacet
  facet normal -0.793364 -0.608748 0
    outer loop
      vertex 13.6916 14.2407 10
      vertex 13.93 13.93 6
      vertex 13.93 13.93 10
    endloop
  endfacet
  facet normal -0.382638 -0.923899 0
    outer loop
      vertex 14.2407 13.6916 6
      vertex 14.6024 13.5418 10
      vertex 14.2407 13.6916 10
    endloop
  endfacet
  facet normal -0.382638 -0.923899 -0
    outer loop
      vertex 14.6024 13.5418 10
      vertex 14.2407 13.6916 6
      vertex 14.6024 13.5418 6
    endloop
  endfacet
  facet normal -0.130474 -0.991452 0
    outer loop
      vertex 14.6024 13.5418 6
      vertex 14.9907 13.4907 10
      vertex 14.6024 13.5418 10
    endloop
  endfacet
  facet normal -0.130474 -0.991452 -0
    outer loop
      vertex 14.9907 13.4907 10
      vertex 14.6024 13.5418 6
      vertex 14.9907 13.4907 6
    endloop
  endfacet
  facet normal -0.991452 -0.130474 0
    outer loop
      vertex -16.4396 14.6024 6
      vertex -16.4907 14.9907 10
      vertex -16.4907 14.9907 6
    endloop
  endfacet
  facet normal -0.991452 -0.130474 0
    outer loop
      vertex -16.4907 14.9907 10
      vertex -16.4396 14.6024 6
      vertex -16.4396 14.6024 10
    endloop
  endfacet
  facet normal 0.923936 0.382547 0
    outer loop
      vertex -13.5418 15.3789 10
      vertex -13.6916 15.7407 6
      vertex -13.6916 15.7407 10
    endloop
  endfacet
  facet normal 0.923936 0.382547 0
    outer loop
      vertex -13.6916 15.7407 6
      vertex -13.5418 15.3789 10
      vertex -13.5418 15.3789 6
    endloop
  endfacet
  facet normal -0.991447 0.130507 0
    outer loop
      vertex -16.4907 14.9907 6
      vertex -16.4396 15.3789 10
      vertex -16.4396 15.3789 6
    endloop
  endfacet
  facet normal -0.991447 0.130507 0
    outer loop
      vertex -16.4396 15.3789 10
      vertex -16.4907 14.9907 6
      vertex -16.4907 14.9907 10
    endloop
  endfacet
  facet normal 0.130474 -0.991452 0
    outer loop
      vertex -14.9907 13.4907 6
      vertex -14.6024 13.5418 10
      vertex -14.9907 13.4907 10
    endloop
  endfacet
  facet normal 0.130474 -0.991452 0
    outer loop
      vertex -14.6024 13.5418 10
      vertex -14.9907 13.4907 6
      vertex -14.6024 13.5418 6
    endloop
  endfacet
  facet normal -0.130507 0.991447 0
    outer loop
      vertex -14.9907 16.4907 6
      vertex -15.3789 16.4396 10
      vertex -14.9907 16.4907 10
    endloop
  endfacet
  facet normal -0.130507 0.991447 0
    outer loop
      vertex -15.3789 16.4396 10
      vertex -14.9907 16.4907 6
      vertex -15.3789 16.4396 6
    endloop
  endfacet
  facet normal -0.793269 0.608871 0
    outer loop
      vertex -16.2897 15.7407 6
      vertex -16.0513 16.0513 10
      vertex -16.0513 16.0513 6
    endloop
  endfacet
  facet normal -0.793269 0.608871 0
    outer loop
      vertex -16.0513 16.0513 10
      vertex -16.2897 15.7407 6
      vertex -16.2897 15.7407 10
    endloop
  endfacet
  facet normal 0.991452 -0.130474 0
    outer loop
      vertex -13.5418 14.6024 10
      vertex -13.4907 14.9907 6
      vertex -13.4907 14.9907 10
    endloop
  endfacet
  facet normal 0.991452 -0.130474 0
    outer loop
      vertex -13.4907 14.9907 6
      vertex -13.5418 14.6024 10
      vertex -13.5418 14.6024 6
    endloop
  endfacet
  facet normal 0.991447 0.130507 0
    outer loop
      vertex -13.4907 14.9907 10
      vertex -13.5418 15.3789 6
      vertex -13.5418 15.3789 10
    endloop
  endfacet
  facet normal 0.991447 0.130507 0
    outer loop
      vertex -13.5418 15.3789 6
      vertex -13.4907 14.9907 10
      vertex -13.4907 14.9907 6
    endloop
  endfacet
  facet normal 0 0 1
    outer loop
      vertex -13.5418 15.3789 10
      vertex -13.5418 14.6024 10
      vertex -13.4907 14.9907 10
    endloop
  endfacet
  facet normal 0 0 1
    outer loop
      vertex -13.6916 15.7407 10
      vertex -13.5418 14.6024 10
      vertex -13.5418 15.3789 10
    endloop
  endfacet
  facet normal 0 0 1
    outer loop
      vertex -13.6916 15.7407 10
      vertex -13.6916 14.2407 10
      vertex -13.5418 14.6024 10
    endloop
  endfacet
  facet normal 0 0 1
    outer loop
      vertex -13.93 16.0513 10
      vertex -13.6916 14.2407 10
      vertex -13.6916 15.7407 10
    endloop
  endfacet
  facet normal 0 0 1
    outer loop
      vertex -13.93 16.0513 10
      vertex -13.93 13.93 10
      vertex -13.6916 14.2407 10
    endloop
  endfacet
  facet normal 0 0 1
    outer loop
      vertex -14.2407 16.2897 10
      vertex -13.93 13.93 10
      vertex -13.93 16.0513 10
    endloop
  endfacet
  facet normal 0 0 1
    outer loop
      vertex -14.2407 16.2897 10
      vertex -14.2407 13.6916 10
      vertex -13.93 13.93 10
    endloop
  endfacet
  facet normal 0 0 1
    outer loop
      vertex -14.6024 16.4396 10
      vertex -14.2407 13.6916 10
      vertex -14.2407 16.2897 10
    endloop
  endfacet
  facet normal 0 0 1
    outer loop
      vertex -14.6024 16.4396 10
      vertex -14.6024 13.5418 10
      vertex -14.2407 13.6916 10
    endloop
  endfacet
  facet normal 0 0 1
    outer loop
      vertex -14.9907 16.4907 10
      vertex -14.6024 13.5418 10
      vertex -14.6024 16.4396 10
    endloop
  endfacet
  facet normal 0 0 1
    outer loop
      vertex -14.9907 16.4907 10
      vertex -14.9907 13.4907 10
      vertex -14.6024 13.5418 10
    endloop
  endfacet
  facet normal -0 0 1
    outer loop
      vertex -15.3789 16.4396 10
      vertex -14.9907 13.4907 10
      vertex -14.9907 16.4907 10
    endloop
  endfacet
  facet normal 0 0 1
    outer loop
      vertex -15.3789 16.4396 10
      vertex -15.3789 13.5418 10
      vertex -14.9907 13.4907 10
    endloop
  endfacet
  facet normal -0 0 1
    outer loop
      vertex -15.7407 16.2897 10
      vertex -15.3789 13.5418 10
      vertex -15.3789 16.4396 10
    endloop
  endfacet
  facet normal 0 0 1
    outer loop
      vertex -15.7407 16.2897 10
      vertex -15.7407 13.6916 10
      vertex -15.3789 13.5418 10
    endloop
  endfacet
  facet normal -0 0 1
    outer loop
      vertex -16.0513 16.0513 10
      vertex -15.7407 13.6916 10
      vertex -15.7407 16.2897 10
    endloop
  endfacet
  facet normal 0 0 1
    outer loop
      vertex -16.0513 16.0513 10
      vertex -16.0513 13.93 10
      vertex -15.7407 13.6916 10
    endloop
  endfacet
  facet normal -0 0 1
    outer loop
      vertex -16.2897 15.7407 10
      vertex -16.0513 13.93 10
      vertex -16.0513 16.0513 10
    endloop
  endfacet
  facet normal 0 0 1
    outer loop
      vertex -16.2897 15.7407 10
      vertex -16.2897 14.2407 10
      vertex -16.0513 13.93 10
    endloop
  endfacet
  facet normal -0 0 1
    outer loop
      vertex -16.4396 15.3789 10
      vertex -16.2897 14.2407 10
      vertex -16.2897 15.7407 10
    endloop
  endfacet
  facet normal 0 0 1
    outer loop
      vertex -16.4396 15.3789 10
      vertex -16.4396 14.6024 10
      vertex -16.2897 14.2407 10
    endloop
  endfacet
  facet normal 0 -0 1
    outer loop
      vertex -16.4396 14.6024 10
      vertex -16.4396 15.3789 10
      vertex -16.4907 14.9907 10
    endloop
  endfacet
  facet normal 0.793269 0.608871 0
    outer loop
      vertex -13.6916 15.7407 10
      vertex -13.93 16.0513 6
      vertex -13.93 16.0513 10
    endloop
  endfacet
  facet normal 0.793269 0.608871 0
    outer loop
      vertex -13.93 16.0513 6
      vertex -13.6916 15.7407 10
      vertex -13.6916 15.7407 6
    endloop
  endfacet
  facet normal 0.793364 -0.608748 0
    outer loop
      vertex -13.93 13.93 10
      vertex -13.6916 14.2407 6
      vertex -13.6916 14.2407 10
    endloop
  endfacet
  facet normal 0.793364 -0.608748 0
    outer loop
      vertex -13.6916 14.2407 6
      vertex -13.93 13.93 10
      vertex -13.93 13.93 6
    endloop
  endfacet
  facet normal -0.923846 0.382765 0
    outer loop
      vertex -16.4396 15.3789 6
      vertex -16.2897 15.7407 10
      vertex -16.2897 15.7407 6
    endloop
  endfacet
  facet normal -0.923846 0.382765 0
    outer loop
      vertex -16.2897 15.7407 10
      vertex -16.4396 15.3789 6
      vertex -16.4396 15.3789 10
    endloop
  endfacet
  facet normal -0.608871 -0.793269 0
    outer loop
      vertex -16.0513 13.93 6
      vertex -15.7407 13.6916 10
      vertex -16.0513 13.93 10
    endloop
  endfacet
  facet normal -0.608871 -0.793269 -0
    outer loop
      vertex -15.7407 13.6916 10
      vertex -16.0513 13.93 6
      vertex -15.7407 13.6916 6
    endloop
  endfacet
  facet normal -0.923808 -0.382856 0
    outer loop
      vertex -16.2897 14.2407 6
      vertex -16.4396 14.6024 10
      vertex -16.4396 14.6024 6
    endloop
  endfacet
  facet normal -0.923808 -0.382856 0
    outer loop
      vertex -16.4396 14.6024 10
      vertex -16.2897 14.2407 6
      vertex -16.2897 14.2407 10
    endloop
  endfacet
  facet normal 0.130474 0.991452 -0
    outer loop
      vertex -14.6024 16.4396 6
      vertex -14.9907 16.4907 10
      vertex -14.6024 16.4396 10
    endloop
  endfacet
  facet normal 0.130474 0.991452 0
    outer loop
      vertex -14.9907 16.4907 10
      vertex -14.6024 16.4396 6
      vertex -14.9907 16.4907 6
    endloop
  endfacet
  facet normal 0.382856 0.923808 -0
    outer loop
      vertex -14.2407 16.2897 6
      vertex -14.6024 16.4396 10
      vertex -14.2407 16.2897 10
    endloop
  endfacet
  facet normal 0.382856 0.923808 0
    outer loop
      vertex -14.6024 16.4396 10
      vertex -14.2407 16.2897 6
      vertex -14.6024 16.4396 6
    endloop
  endfacet
  facet normal 0.923899 -0.382638 0
    outer loop
      vertex -13.6916 14.2407 10
      vertex -13.5418 14.6024 6
      vertex -13.5418 14.6024 10
    endloop
  endfacet
  facet normal 0.923899 -0.382638 0
    outer loop
      vertex -13.5418 14.6024 6
      vertex -13.6916 14.2407 10
      vertex -13.6916 14.2407 6
    endloop
  endfacet
  facet normal -0.382547 -0.923936 0
    outer loop
      vertex -15.7407 13.6916 6
      vertex -15.3789 13.5418 10
      vertex -15.7407 13.6916 10
    endloop
  endfacet
  facet normal -0.382547 -0.923936 -0
    outer loop
      vertex -15.3789 13.5418 10
      vertex -15.7407 13.6916 6
      vertex -15.3789 13.5418 6
    endloop
  endfacet
  facet normal -0.382765 0.923846 0
    outer loop
      vertex -15.3789 16.4396 6
      vertex -15.7407 16.2897 10
      vertex -15.3789 16.4396 10
    endloop
  endfacet
  facet normal -0.382765 0.923846 0
    outer loop
      vertex -15.7407 16.2897 10
      vertex -15.3789 16.4396 6
      vertex -15.7407 16.2897 6
    endloop
  endfacet
  facet normal -0.130507 -0.991447 0
    outer loop
      vertex -15.3789 13.5418 6
      vertex -14.9907 13.4907 10
      vertex -15.3789 13.5418 10
    endloop
  endfacet
  facet normal -0.130507 -0.991447 -0
    outer loop
      vertex -14.9907 13.4907 10
      vertex -15.3789 13.5418 6
      vertex -14.9907 13.4907 6
    endloop
  endfacet
  facet normal 0.608748 -0.793364 0
    outer loop
      vertex -14.2407 13.6916 6
      vertex -13.93 13.93 10
      vertex -14.2407 13.6916 10
    endloop
  endfacet
  facet normal 0.608748 -0.793364 0
    outer loop
      vertex -13.93 13.93 10
      vertex -14.2407 13.6916 6
      vertex -13.93 13.93 6
    endloop
  endfacet
  facet normal -0.608871 0.793269 0
    outer loop
      vertex -15.7407 16.2897 6
      vertex -16.0513 16.0513 10
      vertex -15.7407 16.2897 10
    endloop
  endfacet
  facet normal -0.608871 0.793269 0
    outer loop
      vertex -16.0513 16.0513 10
      vertex -15.7407 16.2897 6
      vertex -16.0513 16.0513 6
    endloop
  endfacet
  facet normal 0.608748 0.793364 -0
    outer loop
      vertex -13.93 16.0513 6
      vertex -14.2407 16.2897 10
      vertex -13.93 16.0513 10
    endloop
  endfacet
  facet normal 0.608748 0.793364 0
    outer loop
      vertex -14.2407 16.2897 10
      vertex -13.93 16.0513 6
      vertex -14.2407 16.2897 6
    endloop
  endfacet
  facet normal 0.382638 -0.923899 0
    outer loop
      vertex -14.6024 13.5418 6
      vertex -14.2407 13.6916 10
      vertex -14.6024 13.5418 10
    endloop
  endfacet
  facet normal 0.382638 -0.923899 0
    outer loop
      vertex -14.2407 13.6916 10
      vertex -14.6024 13.5418 6
      vertex -14.2407 13.6916 6
    endloop
  endfacet
  facet normal -0.793364 -0.608748 0
    outer loop
      vertex -16.0513 13.93 6
      vertex -16.2897 14.2407 10
      vertex -16.2897 14.2407 6
    endloop
  endfacet
  facet normal -0.793364 -0.608748 0
    outer loop
      vertex -16.2897 14.2407 10
      vertex -16.0513 13.93 6
      vertex -16.0513 13.93 10
    endloop
  endfacet
  facet normal -0.991447 -0.130507 0
    outer loop
      vertex -16.4396 -15.3789 6
      vertex -16.4907 -14.9907 10
      vertex -16.4907 -14.9907 6
    endloop
  endfacet
  facet normal -0.991447 -0.130507 0
    outer loop
      vertex -16.4907 -14.9907 10
      vertex -16.4396 -15.3789 6
      vertex -16.4396 -15.3789 10
    endloop
  endfacet
  facet normal 0.923899 0.382638 0
    outer loop
      vertex -13.5418 -14.6024 10
      vertex -13.6916 -14.2407 6
      vertex -13.6916 -14.2407 10
    endloop
  endfacet
  facet normal 0.923899 0.382638 0
    outer loop
      vertex -13.6916 -14.2407 6
      vertex -13.5418 -14.6024 10
      vertex -13.5418 -14.6024 6
    endloop
  endfacet
  facet normal -0.991452 0.130474 0
    outer loop
      vertex -16.4907 -14.9907 6
      vertex -16.4396 -14.6024 10
      vertex -16.4396 -14.6024 6
    endloop
  endfacet
  facet normal -0.991452 0.130474 0
    outer loop
      vertex -16.4396 -14.6024 10
      vertex -16.4907 -14.9907 6
      vertex -16.4907 -14.9907 10
    endloop
  endfacet
  facet normal 0.130474 -0.991452 0
    outer loop
      vertex -14.9907 -16.4907 6
      vertex -14.6024 -16.4396 10
      vertex -14.9907 -16.4907 10
    endloop
  endfacet
  facet normal 0.130474 -0.991452 0
    outer loop
      vertex -14.6024 -16.4396 10
      vertex -14.9907 -16.4907 6
      vertex -14.6024 -16.4396 6
    endloop
  endfacet
  facet normal -0.130507 0.991447 0
    outer loop
      vertex -14.9907 -13.4907 6
      vertex -15.3789 -13.5418 10
      vertex -14.9907 -13.4907 10
    endloop
  endfacet
  facet normal -0.130507 0.991447 0
    outer loop
      vertex -15.3789 -13.5418 10
      vertex -14.9907 -13.4907 6
      vertex -15.3789 -13.5418 6
    endloop
  endfacet
  facet normal -0.793364 0.608748 0
    outer loop
      vertex -16.2897 -14.2407 6
      vertex -16.0513 -13.93 10
      vertex -16.0513 -13.93 6
    endloop
  endfacet
  facet normal -0.793364 0.608748 0
    outer loop
      vertex -16.0513 -13.93 10
      vertex -16.2897 -14.2407 6
      vertex -16.2897 -14.2407 10
    endloop
  endfacet
  facet normal 0.991447 -0.130507 0
    outer loop
      vertex -13.5418 -15.3789 10
      vertex -13.4907 -14.9907 6
      vertex -13.4907 -14.9907 10
    endloop
  endfacet
  facet normal 0.991447 -0.130507 0
    outer loop
      vertex -13.4907 -14.9907 6
      vertex -13.5418 -15.3789 10
      vertex -13.5418 -15.3789 6
    endloop
  endfacet
  facet normal 0.991452 0.130474 0
    outer loop
      vertex -13.4907 -14.9907 10
      vertex -13.5418 -14.6024 6
      vertex -13.5418 -14.6024 10
    endloop
  endfacet
  facet normal 0.991452 0.130474 0
    outer loop
      vertex -13.5418 -14.6024 6
      vertex -13.4907 -14.9907 10
      vertex -13.4907 -14.9907 6
    endloop
  endfacet
  facet normal 0 0 1
    outer loop
      vertex -13.5418 -14.6024 10
      vertex -13.5418 -15.3789 10
      vertex -13.4907 -14.9907 10
    endloop
  endfacet
  facet normal 0 0 1
    outer loop
      vertex -13.6916 -14.2407 10
      vertex -13.5418 -15.3789 10
      vertex -13.5418 -14.6024 10
    endloop
  endfacet
  facet normal 0 0 1
    outer loop
      vertex -13.6916 -14.2407 10
      vertex -13.6916 -15.7407 10
      vertex -13.5418 -15.3789 10
    endloop
  endfacet
  facet normal 0 0 1
    outer loop
      vertex -13.93 -13.93 10
      vertex -13.6916 -15.7407 10
      vertex -13.6916 -14.2407 10
    endloop
  endfacet
  facet normal 0 0 1
    outer loop
      vertex -13.93 -13.93 10
      vertex -13.93 -16.0513 10
      vertex -13.6916 -15.7407 10
    endloop
  endfacet
  facet normal 0 0 1
    outer loop
      vertex -14.2407 -13.6916 10
      vertex -13.93 -16.0513 10
      vertex -13.93 -13.93 10
    endloop
  endfacet
  facet normal 0 0 1
    outer loop
      vertex -14.2407 -13.6916 10
      vertex -14.2407 -16.2897 10
      vertex -13.93 -16.0513 10
    endloop
  endfacet
  facet normal 0 0 1
    outer loop
      vertex -14.6024 -13.5418 10
      vertex -14.2407 -16.2897 10
      vertex -14.2407 -13.6916 10
    endloop
  endfacet
  facet normal 0 0 1
    outer loop
      vertex -14.6024 -13.5418 10
      vertex -14.6024 -16.4396 10
      vertex -14.2407 -16.2897 10
    endloop
  endfacet
  facet normal 0 0 1
    outer loop
      vertex -14.9907 -13.4907 10
      vertex -14.6024 -16.4396 10
      vertex -14.6024 -13.5418 10
    endloop
  endfacet
  facet normal 0 0 1
    outer loop
      vertex -14.9907 -13.4907 10
      vertex -14.9907 -16.4907 10
      vertex -14.6024 -16.4396 10
    endloop
  endfacet
  facet normal -0 0 1
    outer loop
      vertex -15.3789 -13.5418 10
      vertex -14.9907 -16.4907 10
      vertex -14.9907 -13.4907 10
    endloop
  endfacet
  facet normal 0 0 1
    outer loop
      vertex -15.3789 -13.5418 10
      vertex -15.3789 -16.4396 10
      vertex -14.9907 -16.4907 10
    endloop
  endfacet
  facet normal -0 0 1
    outer loop
      vertex -15.7407 -13.6916 10
      vertex -15.3789 -16.4396 10
      vertex -15.3789 -13.5418 10
    endloop
  endfacet
  facet normal 0 0 1
    outer loop
      vertex -15.7407 -13.6916 10
      vertex -15.7407 -16.2897 10
      vertex -15.3789 -16.4396 10
    endloop
  endfacet
  facet normal -0 0 1
    outer loop
      vertex -16.0513 -13.93 10
      vertex -15.7407 -16.2897 10
      vertex -15.7407 -13.6916 10
    endloop
  endfacet
  facet normal 0 0 1
    outer loop
      vertex -16.0513 -13.93 10
      vertex -16.0513 -16.0513 10
      vertex -15.7407 -16.2897 10
    endloop
  endfacet
  facet normal -0 0 1
    outer loop
      vertex -16.2897 -14.2407 10
      vertex -16.0513 -16.0513 10
      vertex -16.0513 -13.93 10
    endloop
  endfacet
  facet normal 0 0 1
    outer loop
      vertex -16.2897 -14.2407 10
      vertex -16.2897 -15.7407 10
      vertex -16.0513 -16.0513 10
    endloop
  endfacet
  facet normal -0 0 1
    outer loop
      vertex -16.4396 -14.6024 10
      vertex -16.2897 -15.7407 10
      vertex -16.2897 -14.2407 10
    endloop
  endfacet
  facet normal 0 0 1
    outer loop
      vertex -16.4396 -14.6024 10
      vertex -16.4396 -15.3789 10
      vertex -16.2897 -15.7407 10
    endloop
  endfacet
  facet normal 0 -0 1
    outer loop
      vertex -16.4396 -15.3789 10
      vertex -16.4396 -14.6024 10
      vertex -16.4907 -14.9907 10
    endloop
  endfacet
  facet normal 0.793364 0.608748 0
    outer loop
      vertex -13.6916 -14.2407 10
      vertex -13.93 -13.93 6
      vertex -13.93 -13.93 10
    endloop
  endfacet
  facet normal 0.793364 0.608748 0
    outer loop
      vertex -13.93 -13.93 6
      vertex -13.6916 -14.2407 10
      vertex -13.6916 -14.2407 6
    endloop
  endfacet
  facet normal 0.793269 -0.608871 0
    outer loop
      vertex -13.93 -16.0513 10
      vertex -13.6916 -15.7407 6
      vertex -13.6916 -15.7407 10
    endloop
  endfacet
  facet normal 0.793269 -0.608871 0
    outer loop
      vertex -13.6916 -15.7407 6
      vertex -13.93 -16.0513 10
      vertex -13.93 -16.0513 6
    endloop
  endfacet
  facet normal -0.923808 0.382856 0
    outer loop
      vertex -16.4396 -14.6024 6
      vertex -16.2897 -14.2407 10
      vertex -16.2897 -14.2407 6
    endloop
  endfacet
  facet normal -0.923808 0.382856 0
    outer loop
      vertex -16.2897 -14.2407 10
      vertex -16.4396 -14.6024 6
      vertex -16.4396 -14.6024 10
    endloop
  endfacet
  facet normal -0.608871 -0.793269 0
    outer loop
      vertex -16.0513 -16.0513 6
      vertex -15.7407 -16.2897 10
      vertex -16.0513 -16.0513 10
    endloop
  endfacet
  facet normal -0.608871 -0.793269 -0
    outer loop
      vertex -15.7407 -16.2897 10
      vertex -16.0513 -16.0513 6
      vertex -15.7407 -16.2897 6
    endloop
  endfacet
  facet normal -0.923846 -0.382765 0
    outer loop
      vertex -16.2897 -15.7407 6
      vertex -16.4396 -15.3789 10
      vertex -16.4396 -15.3789 6
    endloop
  endfacet
  facet normal -0.923846 -0.382765 0
    outer loop
      vertex -16.4396 -15.3789 10
      vertex -16.2897 -15.7407 6
      vertex -16.2897 -15.7407 10
    endloop
  endfacet
  facet normal 0.130474 0.991452 -0
    outer loop
      vertex -14.6024 -13.5418 6
      vertex -14.9907 -13.4907 10
      vertex -14.6024 -13.5418 10
    endloop
  endfacet
  facet normal 0.130474 0.991452 0
    outer loop
      vertex -14.9907 -13.4907 10
      vertex -14.6024 -13.5418 6
      vertex -14.9907 -13.4907 6
    endloop
  endfacet
  facet normal 0.382638 0.923899 -0
    outer loop
      vertex -14.2407 -13.6916 6
      vertex -14.6024 -13.5418 10
      vertex -14.2407 -13.6916 10
    endloop
  endfacet
  facet normal 0.382638 0.923899 0
    outer loop
      vertex -14.6024 -13.5418 10
      vertex -14.2407 -13.6916 6
      vertex -14.6024 -13.5418 6
    endloop
  endfacet
  facet normal 0.923936 -0.382547 0
    outer loop
      vertex -13.6916 -15.7407 10
      vertex -13.5418 -15.3789 6
      vertex -13.5418 -15.3789 10
    endloop
  endfacet
  facet normal 0.923936 -0.382547 0
    outer loop
      vertex -13.5418 -15.3789 6
      vertex -13.6916 -15.7407 10
      vertex -13.6916 -15.7407 6
    endloop
  endfacet
  facet normal -0.382765 -0.923846 0
    outer loop
      vertex -15.7407 -16.2897 6
      vertex -15.3789 -16.4396 10
      vertex -15.7407 -16.2897 10
    endloop
  endfacet
  facet normal -0.382765 -0.923846 -0
    outer loop
      vertex -15.3789 -16.4396 10
      vertex -15.7407 -16.2897 6
      vertex -15.3789 -16.4396 6
    endloop
  endfacet
  facet normal -0.382547 0.923936 0
    outer loop
      vertex -15.3789 -13.5418 6
      vertex -15.7407 -13.6916 10
      vertex -15.3789 -13.5418 10
    endloop
  endfacet
  facet normal -0.382547 0.923936 0
    outer loop
      vertex -15.7407 -13.6916 10
      vertex -15.3789 -13.5418 6
      vertex -15.7407 -13.6916 6
    endloop
  endfacet
  facet normal -0.130507 -0.991447 0
    outer loop
      vertex -15.3789 -16.4396 6
      vertex -14.9907 -16.4907 10
      vertex -15.3789 -16.4396 10
    endloop
  endfacet
  facet normal -0.130507 -0.991447 -0
    outer loop
      vertex -14.9907 -16.4907 10
      vertex -15.3789 -16.4396 6
      vertex -14.9907 -16.4907 6
    endloop
  endfacet
  facet normal 0.608748 -0.793364 0
    outer loop
      vertex -14.2407 -16.2897 6
      vertex -13.93 -16.0513 10
      vertex -14.2407 -16.2897 10
    endloop
  endfacet
  facet normal 0.608748 -0.793364 0
    outer loop
      vertex -13.93 -16.0513 10
      vertex -14.2407 -16.2897 6
      vertex -13.93 -16.0513 6
    endloop
  endfacet
  facet normal -0.793269 -0.608871 0
    outer loop
      vertex -16.0513 -16.0513 6
      vertex -16.2897 -15.7407 10
      vertex -16.2897 -15.7407 6
    endloop
  endfacet
  facet normal -0.793269 -0.608871 0
    outer loop
      vertex -16.2897 -15.7407 10
      vertex -16.0513 -16.0513 6
      vertex -16.0513 -16.0513 10
    endloop
  endfacet
  facet normal -0.608871 0.793269 0
    outer loop
      vertex -15.7407 -13.6916 6
      vertex -16.0513 -13.93 10
      vertex -15.7407 -13.6916 10
    endloop
  endfacet
  facet normal -0.608871 0.793269 0
    outer loop
      vertex -16.0513 -13.93 10
      vertex -15.7407 -13.6916 6
      vertex -16.0513 -13.93 6
    endloop
  endfacet
  facet normal 0.608748 0.793364 -0
    outer loop
      vertex -13.93 -13.93 6
      vertex -14.2407 -13.6916 10
      vertex -13.93 -13.93 10
    endloop
  endfacet
  facet normal 0.608748 0.793364 0
    outer loop
      vertex -14.2407 -13.6916 10
      vertex -13.93 -13.93 6
      vertex -14.2407 -13.6916 6
    endloop
  endfacet
  facet normal 0.382856 -0.923808 0
    outer loop
      vertex -14.6024 -16.4396 6
      vertex -14.2407 -16.2897 10
      vertex -14.6024 -16.4396 10
    endloop
  endfacet
  facet normal 0.382856 -0.923808 0
    outer loop
      vertex -14.2407 -16.2897 10
      vertex -14.6024 -16.4396 6
      vertex -14.2407 -16.2897 6
    endloop
  endfacet
  facet normal -0.991452 0.130474 0
    outer loop
      vertex 13.4907 -14.9907 6
      vertex 13.5418 -14.6024 10
      vertex 13.5418 -14.6024 6
    endloop
  endfacet
  facet normal -0.991452 0.130474 0
    outer loop
      vertex 13.5418 -14.6024 10
      vertex 13.4907 -14.9907 6
      vertex 13.4907 -14.9907 10
    endloop
  endfacet
  facet normal 0.923808 0.382856 0
    outer loop
      vertex 16.4396 -14.6024 10
      vertex 16.2897 -14.2407 6
      vertex 16.2897 -14.2407 10
    endloop
  endfacet
  facet normal 0.923808 0.382856 0
    outer loop
      vertex 16.2897 -14.2407 6
      vertex 16.4396 -14.6024 10
      vertex 16.4396 -14.6024 6
    endloop
  endfacet
  facet normal 0.991452 0.130474 0
    outer loop
      vertex 16.4907 -14.9907 10
      vertex 16.4396 -14.6024 6
      vertex 16.4396 -14.6024 10
    endloop
  endfacet
  facet normal 0.991452 0.130474 0
    outer loop
      vertex 16.4396 -14.6024 6
      vertex 16.4907 -14.9907 10
      vertex 16.4907 -14.9907 6
    endloop
  endfacet
  facet normal 0.793364 0.608748 0
    outer loop
      vertex 16.2897 -14.2407 10
      vertex 16.0513 -13.93 6
      vertex 16.0513 -13.93 10
    endloop
  endfacet
  facet normal 0.793364 0.608748 0
    outer loop
      vertex 16.0513 -13.93 6
      vertex 16.2897 -14.2407 10
      vertex 16.2897 -14.2407 6
    endloop
  endfacet
  facet normal 0.991447 -0.130507 0
    outer loop
      vertex 16.4396 -15.3789 10
      vertex 16.4907 -14.9907 6
      vertex 16.4907 -14.9907 10
    endloop
  endfacet
  facet normal 0.991447 -0.130507 0
    outer loop
      vertex 16.4907 -14.9907 6
      vertex 16.4396 -15.3789 10
      vertex 16.4396 -15.3789 6
    endloop
  endfacet
  facet normal 0.130507 -0.991447 0
    outer loop
      vertex 14.9907 -16.4907 6
      vertex 15.3789 -16.4396 10
      vertex 14.9907 -16.4907 10
    endloop
  endfacet
  facet normal 0.130507 -0.991447 0
    outer loop
      vertex 15.3789 -16.4396 10
      vertex 14.9907 -16.4907 6
      vertex 15.3789 -16.4396 6
    endloop
  endfacet
  facet normal -0.923899 0.382638 0
    outer loop
      vertex 13.5418 -14.6024 6
      vertex 13.6916 -14.2407 10
      vertex 13.6916 -14.2407 6
    endloop
  endfacet
  facet normal -0.923899 0.382638 0
    outer loop
      vertex 13.6916 -14.2407 10
      vertex 13.5418 -14.6024 6
      vertex 13.5418 -14.6024 10
    endloop
  endfacet
  facet normal 0.608871 -0.793269 0
    outer loop
      vertex 15.7407 -16.2897 6
      vertex 16.0513 -16.0513 10
      vertex 15.7407 -16.2897 10
    endloop
  endfacet
  facet normal 0.608871 -0.793269 0
    outer loop
      vertex 16.0513 -16.0513 10
      vertex 15.7407 -16.2897 6
      vertex 16.0513 -16.0513 6
    endloop
  endfacet
  facet normal 0.382547 0.923936 -0
    outer loop
      vertex 15.7407 -13.6916 6
      vertex 15.3789 -13.5418 10
      vertex 15.7407 -13.6916 10
    endloop
  endfacet
  facet normal 0.382547 0.923936 0
    outer loop
      vertex 15.3789 -13.5418 10
      vertex 15.7407 -13.6916 6
      vertex 15.3789 -13.5418 6
    endloop
  endfacet
  facet normal -0.923936 -0.382547 0
    outer loop
      vertex 13.6916 -15.7407 6
      vertex 13.5418 -15.3789 10
      vertex 13.5418 -15.3789 6
    endloop
  endfacet
  facet normal -0.923936 -0.382547 0
    outer loop
      vertex 13.5418 -15.3789 10
      vertex 13.6916 -15.7407 6
      vertex 13.6916 -15.7407 10
    endloop
  endfacet
  facet normal 0.130507 0.991447 -0
    outer loop
      vertex 15.3789 -13.5418 6
      vertex 14.9907 -13.4907 10
      vertex 15.3789 -13.5418 10
    endloop
  endfacet
  facet normal 0.130507 0.991447 0
    outer loop
      vertex 14.9907 -13.4907 10
      vertex 15.3789 -13.5418 6
      vertex 14.9907 -13.4907 6
    endloop
  endfacet
  facet normal -0.382638 0.923899 0
    outer loop
      vertex 14.6024 -13.5418 6
      vertex 14.2407 -13.6916 10
      vertex 14.6024 -13.5418 10
    endloop
  endfacet
  facet normal -0.382638 0.923899 0
    outer loop
      vertex 14.2407 -13.6916 10
      vertex 14.6024 -13.5418 6
      vertex 14.2407 -13.6916 6
    endloop
  endfacet
  facet normal -0.130474 0.991452 0
    outer loop
      vertex 14.9907 -13.4907 6
      vertex 14.6024 -13.5418 10
      vertex 14.9907 -13.4907 10
    endloop
  endfacet
  facet normal -0.130474 0.991452 0
    outer loop
      vertex 14.6024 -13.5418 10
      vertex 14.9907 -13.4907 6
      vertex 14.6024 -13.5418 6
    endloop
  endfacet
  facet normal -0.608748 -0.793364 0
    outer loop
      vertex 13.93 -16.0513 6
      vertex 14.2407 -16.2897 10
      vertex 13.93 -16.0513 10
    endloop
  endfacet
  facet normal -0.608748 -0.793364 -0
    outer loop
      vertex 14.2407 -16.2897 10
      vertex 13.93 -16.0513 6
      vertex 14.2407 -16.2897 6
    endloop
  endfacet
  facet normal -0.608748 0.793364 0
    outer loop
      vertex 14.2407 -13.6916 6
      vertex 13.93 -13.93 10
      vertex 14.2407 -13.6916 10
    endloop
  endfacet
  facet normal -0.608748 0.793364 0
    outer loop
      vertex 13.93 -13.93 10
      vertex 14.2407 -13.6916 6
      vertex 13.93 -13.93 6
    endloop
  endfacet
  facet normal 0.923846 -0.382765 0
    outer loop
      vertex 16.2897 -15.7407 10
      vertex 16.4396 -15.3789 6
      vertex 16.4396 -15.3789 10
    endloop
  endfacet
  facet normal 0.923846 -0.382765 0
    outer loop
      vertex 16.4396 -15.3789 6
      vertex 16.2897 -15.7407 10
      vertex 16.2897 -15.7407 6
    endloop
  endfacet
  facet normal 0.793269 -0.608871 0
    outer loop
      vertex 16.0513 -16.0513 10
      vertex 16.2897 -15.7407 6
      vertex 16.2897 -15.7407 10
    endloop
  endfacet
  facet normal 0.793269 -0.608871 0
    outer loop
      vertex 16.2897 -15.7407 6
      vertex 16.0513 -16.0513 10
      vertex 16.0513 -16.0513 6
    endloop
  endfacet
  facet normal 0.608871 0.793269 -0
    outer loop
      vertex 16.0513 -13.93 6
      vertex 15.7407 -13.6916 10
      vertex 16.0513 -13.93 10
    endloop
  endfacet
  facet normal 0.608871 0.793269 0
    outer loop
      vertex 15.7407 -13.6916 10
      vertex 16.0513 -13.93 6
      vertex 15.7407 -13.6916 6
    endloop
  endfacet
  facet normal -0.991447 -0.130507 0
    outer loop
      vertex 13.5418 -15.3789 6
      vertex 13.4907 -14.9907 10
      vertex 13.4907 -14.9907 6
    endloop
  endfacet
  facet normal -0.991447 -0.130507 0
    outer loop
      vertex 13.4907 -14.9907 10
      vertex 13.5418 -15.3789 6
      vertex 13.5418 -15.3789 10
    endloop
  endfacet
  facet normal 0.382765 -0.923846 0
    outer loop
      vertex 15.3789 -16.4396 6
      vertex 15.7407 -16.2897 10
      vertex 15.3789 -16.4396 10
    endloop
  endfacet
  facet normal 0.382765 -0.923846 0
    outer loop
      vertex 15.7407 -16.2897 10
      vertex 15.3789 -16.4396 6
      vertex 15.7407 -16.2897 6
    endloop
  endfacet
  facet normal 0 0 1
    outer loop
      vertex 16.4396 -14.6024 10
      vertex 16.4396 -15.3789 10
      vertex 16.4907 -14.9907 10
    endloop
  endfacet
  facet normal 0 0 1
    outer loop
      vertex 16.2897 -14.2407 10
      vertex 16.4396 -15.3789 10
      vertex 16.4396 -14.6024 10
    endloop
  endfacet
  facet normal 0 0 1
    outer loop
      vertex 16.2897 -14.2407 10
      vertex 16.2897 -15.7407 10
      vertex 16.4396 -15.3789 10
    endloop
  endfacet
  facet normal 0 0 1
    outer loop
      vertex 16.0513 -13.93 10
      vertex 16.2897 -15.7407 10
      vertex 16.2897 -14.2407 10
    endloop
  endfacet
  facet normal 0 0 1
    outer loop
      vertex 16.0513 -13.93 10
      vertex 16.0513 -16.0513 10
      vertex 16.2897 -15.7407 10
    endloop
  endfacet
  facet normal 0 0 1
    outer loop
      vertex 15.7407 -13.6916 10
      vertex 16.0513 -16.0513 10
      vertex 16.0513 -13.93 10
    endloop
  endfacet
  facet normal 0 0 1
    outer loop
      vertex 15.7407 -13.6916 10
      vertex 15.7407 -16.2897 10
      vertex 16.0513 -16.0513 10
    endloop
  endfacet
  facet normal 0 0 1
    outer loop
      vertex 15.3789 -13.5418 10
      vertex 15.7407 -16.2897 10
      vertex 15.7407 -13.6916 10
    endloop
  endfacet
  facet normal 0 0 1
    outer loop
      vertex 15.3789 -13.5418 10
      vertex 15.3789 -16.4396 10
      vertex 15.7407 -16.2897 10
    endloop
  endfacet
  facet normal 0 0 1
    outer loop
      vertex 14.9907 -13.4907 10
      vertex 15.3789 -16.4396 10
      vertex 15.3789 -13.5418 10
    endloop
  endfacet
  facet normal 0 0 1
    outer loop
      vertex 14.9907 -13.4907 10
      vertex 14.9907 -16.4907 10
      vertex 15.3789 -16.4396 10
    endloop
  endfacet
  facet normal -0 0 1
    outer loop
      vertex 14.6024 -13.5418 10
      vertex 14.9907 -16.4907 10
      vertex 14.9907 -13.4907 10
    endloop
  endfacet
  facet normal 0 0 1
    outer loop
      vertex 14.6024 -13.5418 10
      vertex 14.6024 -16.4396 10
      vertex 14.9907 -16.4907 10
    endloop
  endfacet
  facet normal -0 0 1
    outer loop
      vertex 14.2407 -13.6916 10
      vertex 14.6024 -16.4396 10
      vertex 14.6024 -13.5418 10
    endloop
  endfacet
  facet normal 0 0 1
    outer loop
      vertex 14.2407 -13.6916 10
      vertex 14.2407 -16.2897 10
      vertex 14.6024 -16.4396 10
    endloop
  endfacet
  facet normal -0 0 1
    outer loop
      vertex 13.93 -13.93 10
      vertex 14.2407 -16.2897 10
      vertex 14.2407 -13.6916 10
    endloop
  endfacet
  facet normal 0 0 1
    outer loop
      vertex 13.93 -13.93 10
      vertex 13.93 -16.0513 10
      vertex 14.2407 -16.2897 10
    endloop
  endfacet
  facet normal -0 0 1
    outer loop
      vertex 13.6916 -14.2407 10
      vertex 13.93 -16.0513 10
      vertex 13.93 -13.93 10
    endloop
  endfacet
  facet normal 0 0 1
    outer loop
      vertex 13.6916 -14.2407 10
      vertex 13.6916 -15.7407 10
      vertex 13.93 -16.0513 10
    endloop
  endfacet
  facet normal -0 0 1
    outer loop
      vertex 13.5418 -14.6024 10
      vertex 13.6916 -15.7407 10
      vertex 13.6916 -14.2407 10
    endloop
  endfacet
  facet normal 0 0 1
    outer loop
      vertex 13.5418 -14.6024 10
      vertex 13.5418 -15.3789 10
      vertex 13.6916 -15.7407 10
    endloop
  endfacet
  facet normal 0 -0 1
    outer loop
      vertex 13.5418 -15.3789 10
      vertex 13.5418 -14.6024 10
      vertex 13.4907 -14.9907 10
    endloop
  endfacet
  facet normal -0.793269 -0.608871 0
    outer loop
      vertex 13.93 -16.0513 6
      vertex 13.6916 -15.7407 10
      vertex 13.6916 -15.7407 6
    endloop
  endfacet
  facet normal -0.793269 -0.608871 0
    outer loop
      vertex 13.6916 -15.7407 10
      vertex 13.93 -16.0513 6
      vertex 13.93 -16.0513 10
    endloop
  endfacet
  facet normal -0.382856 -0.923808 0
    outer loop
      vertex 14.2407 -16.2897 6
      vertex 14.6024 -16.4396 10
      vertex 14.2407 -16.2897 10
    endloop
  endfacet
  facet normal -0.382856 -0.923808 -0
    outer loop
      vertex 14.6024 -16.4396 10
      vertex 14.2407 -16.2897 6
      vertex 14.6024 -16.4396 6
    endloop
  endfacet
  facet normal -0.130474 -0.991452 0
    outer loop
      vertex 14.6024 -16.4396 6
      vertex 14.9907 -16.4907 10
      vertex 14.6024 -16.4396 10
    endloop
  endfacet
  facet normal -0.130474 -0.991452 -0
    outer loop
      vertex 14.9907 -16.4907 10
      vertex 14.6024 -16.4396 6
      vertex 14.9907 -16.4907 6
    endloop
  endfacet
  facet normal -0.793364 0.608748 0
    outer loop
      vertex 13.6916 -14.2407 6
      vertex 13.93 -13.93 10
      vertex 13.93 -13.93 6
    endloop
  endfacet
  facet normal -0.793364 0.608748 0
    outer loop
      vertex 13.93 -13.93 10
      vertex 13.6916 -14.2407 6
      vertex 13.6916 -14.2407 10
    endloop
  endfacet
  facet normal 0.0784143 -0.996921 0
    outer loop
      vertex 1.2927 -24.6661 0
      vertex 2.58185 -24.5647 6
      vertex 1.2927 -24.6661 6
    endloop
  endfacet
  facet normal 0.0784143 -0.996921 0
    outer loop
      vertex 2.58185 -24.5647 6
      vertex 1.2927 -24.6661 0
      vertex 2.58185 -24.5647 0
    endloop
  endfacet
  facet normal 0.999656 -0.0262152 0
    outer loop
      vertex 24.6661 -1.2927 6
      vertex 24.7 0 0
      vertex 24.7 0 6
    endloop
  endfacet
  facet normal 0.999656 -0.0262152 0
    outer loop
      vertex 24.7 0 0
      vertex 24.6661 -1.2927 6
      vertex 24.6661 -1.2927 0
    endloop
  endfacet
  facet normal 0.996921 0.0784143 0
    outer loop
      vertex 24.6661 1.2927 6
      vertex 24.5647 2.58185 0
      vertex 24.5647 2.58185 6
    endloop
  endfacet
  facet normal 0.996921 0.0784143 0
    outer loop
      vertex 24.5647 2.58185 0
      vertex 24.6661 1.2927 6
      vertex 24.6661 1.2927 0
    endloop
  endfacet
  facet normal 0.999656 0.0262152 0
    outer loop
      vertex 24.7 0 6
      vertex 24.6661 1.2927 0
      vertex 24.6661 1.2927 6
    endloop
  endfacet
  facet normal 0.999656 0.0262152 0
    outer loop
      vertex 24.6661 1.2927 0
      vertex 24.7 0 6
      vertex 24.7 0 0
    endloop
  endfacet
  facet normal 0.991444 0.130535 0
    outer loop
      vertex 24.5647 2.58185 6
      vertex 24.3959 3.86393 0
      vertex 24.3959 3.86393 6
    endloop
  endfacet
  facet normal 0.991444 0.130535 0
    outer loop
      vertex 24.3959 3.86393 0
      vertex 24.5647 2.58185 6
      vertex 24.5647 2.58185 0
    endloop
  endfacet
  facet normal -0.793354 -0.608761 0
    outer loop
      vertex -19.1955 -15.5442 0
      vertex -19.9827 -14.5183 6
      vertex -19.9827 -14.5183 0
    endloop
  endfacet
  facet normal -0.793354 -0.608761 0
    outer loop
      vertex -19.9827 -14.5183 6
      vertex -19.1955 -15.5442 0
      vertex -19.1955 -15.5442 6
    endloop
  endfacet
  facet normal -0.333834 0.942632 0
    outer loop
      vertex -7.63272 23.4911 0
      vertex -8.85169 23.0594 6
      vertex -7.63272 23.4911 6
    endloop
  endfacet
  facet normal -0.333834 0.942632 0
    outer loop
      vertex -8.85169 23.0594 6
      vertex -7.63272 23.4911 0
      vertex -8.85169 23.0594 0
    endloop
  endfacet
  facet normal 0.430495 -0.902593 0
    outer loop
      vertex 10.0464 -22.5646 0
      vertex 11.2136 -22.0079 6
      vertex 10.0464 -22.5646 6
    endloop
  endfacet
  facet normal 0.430495 -0.902593 0
    outer loop
      vertex 11.2136 -22.0079 6
      vertex 10.0464 -22.5646 0
      vertex 11.2136 -22.0079 0
    endloop
  endfacet
  facet normal 0.130535 0.991444 -0
    outer loop
      vertex 3.86393 24.3959 0
      vertex 2.58185 24.5647 6
      vertex 3.86393 24.3959 6
    endloop
  endfacet
  facet normal 0.130535 0.991444 0
    outer loop
      vertex 2.58185 24.5647 6
      vertex 3.86393 24.3959 0
      vertex 2.58185 24.5647 0
    endloop
  endfacet
  facet normal 0.793354 -0.608761 0
    outer loop
      vertex 19.1955 -15.5442 6
      vertex 19.9827 -14.5183 0
      vertex 19.9827 -14.5183 6
    endloop
  endfacet
  facet normal 0.793354 -0.608761 0
    outer loop
      vertex 19.9827 -14.5183 0
      vertex 19.1955 -15.5442 6
      vertex 19.1955 -15.5442 0
    endloop
  endfacet
  facet normal 0.130535 -0.991444 0
    outer loop
      vertex 2.58185 -24.5647 0
      vertex 3.86393 -24.3959 6
      vertex 2.58185 -24.5647 6
    endloop
  endfacet
  facet normal 0.130535 -0.991444 0
    outer loop
      vertex 3.86393 -24.3959 6
      vertex 2.58185 -24.5647 0
      vertex 3.86393 -24.3959 0
    endloop
  endfacet
  facet normal -0.38264 -0.923897 0
    outer loop
      vertex -10.0464 -22.5646 0
      vertex -8.85169 -23.0594 6
      vertex -10.0464 -22.5646 6
    endloop
  endfacet
  facet normal -0.38264 -0.923897 -0
    outer loop
      vertex -8.85169 -23.0594 6
      vertex -10.0464 -22.5646 0
      vertex -8.85169 -23.0594 0
    endloop
  endfacet
  facet normal 0.923897 0.38264 0
    outer loop
      vertex 23.0594 8.85169 6
      vertex 22.5646 10.0464 0
      vertex 22.5646 10.0464 6
    endloop
  endfacet
  facet normal 0.923897 0.38264 0
    outer loop
      vertex 22.5646 10.0464 0
      vertex 23.0594 8.85169 6
      vertex 23.0594 8.85169 0
    endloop
  endfacet
  facet normal -0.688384 0.725347 0
    outer loop
      vertex -16.5275 18.3557 0
      vertex -17.4655 17.4655 6
      vertex -16.5275 18.3557 6
    endloop
  endfacet
  facet normal -0.688384 0.725347 0
    outer loop
      vertex -17.4655 17.4655 6
      vertex -16.5275 18.3557 0
      vertex -17.4655 17.4655 0
    endloop
  endfacet
  facet normal 0.0262152 -0.999656 0
    outer loop
      vertex 0 -24.7 0
      vertex 1.2927 -24.6661 6
      vertex 0 -24.7 6
    endloop
  endfacet
  facet normal 0.0262152 -0.999656 0
    outer loop
      vertex 1.2927 -24.6661 6
      vertex 0 -24.7 0
      vertex 1.2927 -24.6661 0
    endloop
  endfacet
  facet normal -0.760413 -0.64944 0
    outer loop
      vertex -18.3557 -16.5275 0
      vertex -19.1955 -15.5442 6
      vertex -19.1955 -15.5442 0
    endloop
  endfacet
  facet normal -0.760413 -0.64944 0
    outer loop
      vertex -19.1955 -15.5442 6
      vertex -18.3557 -16.5275 0
      vertex -18.3557 -16.5275 6
    endloop
  endfacet
  facet normal 0.793354 0.608761 0
    outer loop
      vertex 19.9827 14.5183 6
      vertex 19.1955 15.5442 0
      vertex 19.1955 15.5442 6
    endloop
  endfacet
  facet normal 0.793354 0.608761 0
    outer loop
      vertex 19.1955 15.5442 0
      vertex 19.9827 14.5183 6
      vertex 19.9827 14.5183 0
    endloop
  endfacet
  facet normal 0.725347 0.688384 0
    outer loop
      vertex 18.3557 16.5275 6
      vertex 17.4655 17.4655 0
      vertex 17.4655 17.4655 6
    endloop
  endfacet
  facet normal 0.725347 0.688384 0
    outer loop
      vertex 17.4655 17.4655 0
      vertex 18.3557 16.5275 6
      vertex 18.3557 16.5275 0
    endloop
  endfacet
  facet normal -0.760413 0.64944 0
    outer loop
      vertex -19.1955 15.5442 0
      vertex -18.3557 16.5275 6
      vertex -18.3557 16.5275 0
    endloop
  endfacet
  facet normal -0.760413 0.64944 0
    outer loop
      vertex -18.3557 16.5275 6
      vertex -19.1955 15.5442 0
      vertex -19.1955 15.5442 6
    endloop
  endfacet
  facet normal -0.608761 0.793354 0
    outer loop
      vertex -14.5183 19.9827 0
      vertex -15.5442 19.1955 6
      vertex -14.5183 19.9827 6
    endloop
  endfacet
  facet normal -0.608761 0.793354 0
    outer loop
      vertex -15.5442 19.1955 6
      vertex -14.5183 19.9827 0
      vertex -15.5442 19.1955 0
    endloop
  endfacet
  facet normal 0.233389 0.972384 -0
    outer loop
      vertex 6.39283 23.8584 0
      vertex 5.13542 24.1602 6
      vertex 6.39283 23.8584 6
    endloop
  endfacet
  facet normal 0.233389 0.972384 0
    outer loop
      vertex 5.13542 24.1602 6
      vertex 6.39283 23.8584 0
      vertex 5.13542 24.1602 0
    endloop
  endfacet
  facet normal 0.824103 0.56644 0
    outer loop
      vertex 20.7152 13.4526 6
      vertex 19.9827 14.5183 0
      vertex 19.9827 14.5183 6
    endloop
  endfacet
  facet normal 0.824103 0.56644 0
    outer loop
      vertex 19.9827 14.5183 0
      vertex 20.7152 13.4526 6
      vertex 20.7152 13.4526 0
    endloop
  endfacet
  facet normal 0.996921 -0.0784143 0
    outer loop
      vertex 24.5647 -2.58185 6
      vertex 24.6661 -1.2927 0
      vertex 24.6661 -1.2927 6
    endloop
  endfacet
  facet normal 0.996921 -0.0784143 0
    outer loop
      vertex 24.6661 -1.2927 0
      vertex 24.5647 -2.58185 6
      vertex 24.5647 -2.58185 0
    endloop
  endfacet
  facet normal 0.942632 0.333834 0
    outer loop
      vertex 23.4911 7.63272 6
      vertex 23.0594 8.85169 0
      vertex 23.0594 8.85169 6
    endloop
  endfacet
  facet normal 0.942632 0.333834 0
    outer loop
      vertex 23.0594 8.85169 0
      vertex 23.4911 7.63272 6
      vertex 23.4911 7.63272 0
    endloop
  endfacet
  facet normal -0.130535 0.991444 0
    outer loop
      vertex -2.58185 24.5647 0
      vertex -3.86393 24.3959 6
      vertex -2.58185 24.5647 6
    endloop
  endfacet
  facet normal -0.130535 0.991444 0
    outer loop
      vertex -3.86393 24.3959 6
      vertex -2.58185 24.5647 0
      vertex -3.86393 24.3959 0
    endloop
  endfacet
  facet normal 0.47721 0.87879 -0
    outer loop
      vertex 12.35 21.3908 0
      vertex 11.2136 22.0079 6
      vertex 12.35 21.3908 6
    endloop
  endfacet
  facet normal 0.47721 0.87879 0
    outer loop
      vertex 11.2136 22.0079 6
      vertex 12.35 21.3908 0
      vertex 11.2136 22.0079 0
    endloop
  endfacet
  facet normal 0.284035 0.958814 -0
    outer loop
      vertex 7.63272 23.4911 0
      vertex 6.39283 23.8584 6
      vertex 7.63272 23.4911 6
    endloop
  endfacet
  facet normal 0.284035 0.958814 0
    outer loop
      vertex 6.39283 23.8584 6
      vertex 7.63272 23.4911 0
      vertex 6.39283 23.8584 0
    endloop
  endfacet
  facet normal 0.87879 0.47721 0
    outer loop
      vertex 22.0079 11.2136 6
      vertex 21.3908 12.35 0
      vertex 21.3908 12.35 6
    endloop
  endfacet
  facet normal 0.87879 0.47721 0
    outer loop
      vertex 21.3908 12.35 0
      vertex 22.0079 11.2136 6
      vertex 22.0079 11.2136 0
    endloop
  endfacet
  facet normal -0.0262152 0.999656 0
    outer loop
      vertex 0 24.7 0
      vertex -1.2927 24.6661 6
      vertex 0 24.7 6
    endloop
  endfacet
  facet normal -0.0262152 0.999656 0
    outer loop
      vertex -1.2927 24.6661 6
      vertex 0 24.7 0
      vertex -1.2927 24.6661 0
    endloop
  endfacet
  facet normal -0.972384 -0.233389 0
    outer loop
      vertex -23.8584 -6.39283 0
      vertex -24.1602 -5.13542 6
      vertex -24.1602 -5.13542 0
    endloop
  endfacet
  facet normal -0.972384 -0.233389 0
    outer loop
      vertex -24.1602 -5.13542 6
      vertex -23.8584 -6.39283 0
      vertex -23.8584 -6.39283 6
    endloop
  endfacet
  facet normal -0.852666 -0.522457 0
    outer loop
      vertex -20.7152 -13.4526 0
      vertex -21.3908 -12.35 6
      vertex -21.3908 -12.35 0
    endloop
  endfacet
  facet normal -0.852666 -0.522457 0
    outer loop
      vertex -21.3908 -12.35 6
      vertex -20.7152 -13.4526 0
      vertex -20.7152 -13.4526 6
    endloop
  endfacet
  facet normal -0.999656 -0.0262152 0
    outer loop
      vertex -24.6661 -1.2927 0
      vertex -24.7 0 6
      vertex -24.7 0 0
    endloop
  endfacet
  facet normal -0.999656 -0.0262152 0
    outer loop
      vertex -24.7 0 6
      vertex -24.6661 -1.2927 0
      vertex -24.6661 -1.2927 6
    endloop
  endfacet
  facet normal 0.972384 -0.233389 0
    outer loop
      vertex 23.8584 -6.39283 6
      vertex 24.1602 -5.13542 0
      vertex 24.1602 -5.13542 6
    endloop
  endfacet
  facet normal 0.972384 -0.233389 0
    outer loop
      vertex 24.1602 -5.13542 0
      vertex 23.8584 -6.39283 6
      vertex 23.8584 -6.39283 0
    endloop
  endfacet
  facet normal 0.902593 0.430495 0
    outer loop
      vertex 22.5646 10.0464 6
      vertex 22.0079 11.2136 0
      vertex 22.0079 11.2136 6
    endloop
  endfacet
  facet normal 0.902593 0.430495 0
    outer loop
      vertex 22.0079 11.2136 0
      vertex 22.5646 10.0464 6
      vertex 22.5646 10.0464 0
    endloop
  endfacet
  facet normal 0.852666 0.522457 0
    outer loop
      vertex 21.3908 12.35 6
      vertex 20.7152 13.4526 0
      vertex 20.7152 13.4526 6
    endloop
  endfacet
  facet normal 0.852666 0.522457 0
    outer loop
      vertex 20.7152 13.4526 0
      vertex 21.3908 12.35 6
      vertex 21.3908 12.35 0
    endloop
  endfacet
  facet normal -0.182268 -0.983249 0
    outer loop
      vertex -5.13542 -24.1602 0
      vertex -3.86393 -24.3959 6
      vertex -5.13542 -24.1602 6
    endloop
  endfacet
  facet normal -0.182268 -0.983249 -0
    outer loop
      vertex -3.86393 -24.3959 6
      vertex -5.13542 -24.1602 0
      vertex -3.86393 -24.3959 0
    endloop
  endfacet
  facet normal 0.983249 0.182268 0
    outer loop
      vertex 24.3959 3.86393 6
      vertex 24.1602 5.13542 0
      vertex 24.1602 5.13542 6
    endloop
  endfacet
  facet normal 0.983249 0.182268 0
    outer loop
      vertex 24.1602 5.13542 0
      vertex 24.3959 3.86393 6
      vertex 24.3959 3.86393 0
    endloop
  endfacet
  facet normal 0.182268 -0.983249 0
    outer loop
      vertex 3.86393 -24.3959 0
      vertex 5.13542 -24.1602 6
      vertex 3.86393 -24.3959 6
    endloop
  endfacet
  facet normal 0.182268 -0.983249 0
    outer loop
      vertex 5.13542 -24.1602 6
      vertex 3.86393 -24.3959 0
      vertex 5.13542 -24.1602 0
    endloop
  endfacet
  facet normal -0.983249 -0.182268 0
    outer loop
      vertex -24.1602 -5.13542 0
      vertex -24.3959 -3.86393 6
      vertex -24.3959 -3.86393 0
    endloop
  endfacet
  facet normal -0.983249 -0.182268 0
    outer loop
      vertex -24.3959 -3.86393 6
      vertex -24.1602 -5.13542 0
      vertex -24.1602 -5.13542 6
    endloop
  endfacet
  facet normal 0.430495 0.902593 -0
    outer loop
      vertex 11.2136 22.0079 0
      vertex 10.0464 22.5646 6
      vertex 11.2136 22.0079 6
    endloop
  endfacet
  facet normal 0.430495 0.902593 0
    outer loop
      vertex 10.0464 22.5646 6
      vertex 11.2136 22.0079 0
      vertex 10.0464 22.5646 0
    endloop
  endfacet
  facet normal -0.0784143 0.996921 0
    outer loop
      vertex -1.2927 24.6661 0
      vertex -2.58185 24.5647 6
      vertex -1.2927 24.6661 6
    endloop
  endfacet
  facet normal -0.0784143 0.996921 0
    outer loop
      vertex -2.58185 24.5647 6
      vertex -1.2927 24.6661 0
      vertex -2.58185 24.5647 0
    endloop
  endfacet
  facet normal -0.688384 -0.725347 0
    outer loop
      vertex -17.4655 -17.4655 0
      vertex -16.5275 -18.3557 6
      vertex -17.4655 -17.4655 6
    endloop
  endfacet
  facet normal -0.688384 -0.725347 -0
    outer loop
      vertex -16.5275 -18.3557 6
      vertex -17.4655 -17.4655 0
      vertex -16.5275 -18.3557 0
    endloop
  endfacet
  facet normal -0.284035 -0.958814 0
    outer loop
      vertex -7.63272 -23.4911 0
      vertex -6.39283 -23.8584 6
      vertex -7.63272 -23.4911 6
    endloop
  endfacet
  facet normal -0.284035 -0.958814 -0
    outer loop
      vertex -6.39283 -23.8584 6
      vertex -7.63272 -23.4911 0
      vertex -6.39283 -23.8584 0
    endloop
  endfacet
  facet normal -0.824103 -0.56644 0
    outer loop
      vertex -19.9827 -14.5183 0
      vertex -20.7152 -13.4526 6
      vertex -20.7152 -13.4526 0
    endloop
  endfacet
  facet normal -0.824103 -0.56644 0
    outer loop
      vertex -20.7152 -13.4526 6
      vertex -19.9827 -14.5183 0
      vertex -19.9827 -14.5183 6
    endloop
  endfacet
  facet normal 0.972384 0.233389 0
    outer loop
      vertex 24.1602 5.13542 6
      vertex 23.8584 6.39283 0
      vertex 23.8584 6.39283 6
    endloop
  endfacet
  facet normal 0.972384 0.233389 0
    outer loop
      vertex 23.8584 6.39283 0
      vertex 24.1602 5.13542 6
      vertex 24.1602 5.13542 0
    endloop
  endfacet
  facet normal 0.760413 -0.64944 0
    outer loop
      vertex 18.3557 -16.5275 6
      vertex 19.1955 -15.5442 0
      vertex 19.1955 -15.5442 6
    endloop
  endfacet
  facet normal 0.760413 -0.64944 0
    outer loop
      vertex 19.1955 -15.5442 0
      vertex 18.3557 -16.5275 6
      vertex 18.3557 -16.5275 0
    endloop
  endfacet
  facet normal 0.47721 -0.87879 0
    outer loop
      vertex 11.2136 -22.0079 0
      vertex 12.35 -21.3908 6
      vertex 11.2136 -22.0079 6
    endloop
  endfacet
  facet normal 0.47721 -0.87879 0
    outer loop
      vertex 12.35 -21.3908 6
      vertex 11.2136 -22.0079 0
      vertex 12.35 -21.3908 0
    endloop
  endfacet
  facet normal 0.284035 -0.958814 0
    outer loop
      vertex 6.39283 -23.8584 0
      vertex 7.63272 -23.4911 6
      vertex 6.39283 -23.8584 6
    endloop
  endfacet
  facet normal 0.284035 -0.958814 0
    outer loop
      vertex 7.63272 -23.4911 6
      vertex 6.39283 -23.8584 0
      vertex 7.63272 -23.4911 0
    endloop
  endfacet
  facet normal -0.0262152 -0.999656 0
    outer loop
      vertex -1.2927 -24.6661 0
      vertex 0 -24.7 6
      vertex -1.2927 -24.6661 6
    endloop
  endfacet
  facet normal -0.0262152 -0.999656 -0
    outer loop
      vertex 0 -24.7 6
      vertex -1.2927 -24.6661 0
      vertex 0 -24.7 0
    endloop
  endfacet
  facet normal 0.0262152 0.999656 -0
    outer loop
      vertex 1.2927 24.6661 0
      vertex 0 24.7 6
      vertex 1.2927 24.6661 6
    endloop
  endfacet
  facet normal 0.0262152 0.999656 0
    outer loop
      vertex 0 24.7 6
      vertex 1.2927 24.6661 0
      vertex 0 24.7 0
    endloop
  endfacet
  facet normal -0.923897 -0.38264 0
    outer loop
      vertex -22.5646 -10.0464 0
      vertex -23.0594 -8.85169 6
      vertex -23.0594 -8.85169 0
    endloop
  endfacet
  facet normal -0.923897 -0.38264 0
    outer loop
      vertex -23.0594 -8.85169 6
      vertex -22.5646 -10.0464 0
      vertex -22.5646 -10.0464 6
    endloop
  endfacet
  facet normal 0.233389 -0.972384 0
    outer loop
      vertex 5.13542 -24.1602 0
      vertex 6.39283 -23.8584 6
      vertex 5.13542 -24.1602 6
    endloop
  endfacet
  facet normal 0.233389 -0.972384 0
    outer loop
      vertex 6.39283 -23.8584 6
      vertex 5.13542 -24.1602 0
      vertex 6.39283 -23.8584 0
    endloop
  endfacet
  facet normal -0.284035 0.958814 0
    outer loop
      vertex -6.39283 23.8584 0
      vertex -7.63272 23.4911 6
      vertex -6.39283 23.8584 6
    endloop
  endfacet
  facet normal -0.284035 0.958814 0
    outer loop
      vertex -7.63272 23.4911 6
      vertex -6.39283 23.8584 0
      vertex -7.63272 23.4911 0
    endloop
  endfacet
  facet normal 0.38264 -0.923897 0
    outer loop
      vertex 8.85169 -23.0594 0
      vertex 10.0464 -22.5646 6
      vertex 8.85169 -23.0594 6
    endloop
  endfacet
  facet normal 0.38264 -0.923897 0
    outer loop
      vertex 10.0464 -22.5646 6
      vertex 8.85169 -23.0594 0
      vertex 10.0464 -22.5646 0
    endloop
  endfacet
  facet normal -0.47721 -0.87879 0
    outer loop
      vertex -12.35 -21.3908 0
      vertex -11.2136 -22.0079 6
      vertex -12.35 -21.3908 6
    endloop
  endfacet
  facet normal -0.47721 -0.87879 -0
    outer loop
      vertex -11.2136 -22.0079 6
      vertex -12.35 -21.3908 0
      vertex -11.2136 -22.0079 0
    endloop
  endfacet
  facet normal 0.688384 0.725347 -0
    outer loop
      vertex 17.4655 17.4655 0
      vertex 16.5275 18.3557 6
      vertex 17.4655 17.4655 6
    endloop
  endfacet
  facet normal 0.688384 0.725347 0
    outer loop
      vertex 16.5275 18.3557 6
      vertex 17.4655 17.4655 0
      vertex 16.5275 18.3557 0
    endloop
  endfacet
  facet normal 0.958814 -0.284035 0
    outer loop
      vertex 23.4911 -7.63272 6
      vertex 23.8584 -6.39283 0
      vertex 23.8584 -6.39283 6
    endloop
  endfacet
  facet normal 0.958814 -0.284035 0
    outer loop
      vertex 23.8584 -6.39283 0
      vertex 23.4911 -7.63272 6
      vertex 23.4911 -7.63272 0
    endloop
  endfacet
  facet normal -0.182268 0.983249 0
    outer loop
      vertex -3.86393 24.3959 0
      vertex -5.13542 24.1602 6
      vertex -3.86393 24.3959 6
    endloop
  endfacet
  facet normal -0.182268 0.983249 0
    outer loop
      vertex -5.13542 24.1602 6
      vertex -3.86393 24.3959 0
      vertex -5.13542 24.1602 0
    endloop
  endfacet
  facet normal -0.130535 -0.991444 0
    outer loop
      vertex -3.86393 -24.3959 0
      vertex -2.58185 -24.5647 6
      vertex -3.86393 -24.3959 6
    endloop
  endfacet
  facet normal -0.130535 -0.991444 -0
    outer loop
      vertex -2.58185 -24.5647 6
      vertex -3.86393 -24.3959 0
      vertex -2.58185 -24.5647 0
    endloop
  endfacet
  facet normal -0.902593 0.430495 0
    outer loop
      vertex -22.5646 10.0464 0
      vertex -22.0079 11.2136 6
      vertex -22.0079 11.2136 0
    endloop
  endfacet
  facet normal -0.902593 0.430495 0
    outer loop
      vertex -22.0079 11.2136 6
      vertex -22.5646 10.0464 0
      vertex -22.5646 10.0464 6
    endloop
  endfacet
  facet normal -0.725347 0.688384 0
    outer loop
      vertex -18.3557 16.5275 0
      vertex -17.4655 17.4655 6
      vertex -17.4655 17.4655 0
    endloop
  endfacet
  facet normal -0.725347 0.688384 0
    outer loop
      vertex -17.4655 17.4655 6
      vertex -18.3557 16.5275 0
      vertex -18.3557 16.5275 6
    endloop
  endfacet
  facet normal -0.333834 -0.942632 0
    outer loop
      vertex -8.85169 -23.0594 0
      vertex -7.63272 -23.4911 6
      vertex -8.85169 -23.0594 6
    endloop
  endfacet
  facet normal -0.333834 -0.942632 -0
    outer loop
      vertex -7.63272 -23.4911 6
      vertex -8.85169 -23.0594 0
      vertex -7.63272 -23.4911 0
    endloop
  endfacet
  facet normal -0.923897 0.38264 0
    outer loop
      vertex -23.0594 8.85169 0
      vertex -22.5646 10.0464 6
      vertex -22.5646 10.0464 0
    endloop
  endfacet
  facet normal -0.923897 0.38264 0
    outer loop
      vertex -22.5646 10.0464 6
      vertex -23.0594 8.85169 0
      vertex -23.0594 8.85169 6
    endloop
  endfacet
  facet normal 0.64944 0.760413 -0
    outer loop
      vertex 16.5275 18.3557 0
      vertex 15.5442 19.1955 6
      vertex 16.5275 18.3557 6
    endloop
  endfacet
  facet normal 0.64944 0.760413 0
    outer loop
      vertex 15.5442 19.1955 6
      vertex 16.5275 18.3557 0
      vertex 15.5442 19.1955 0
    endloop
  endfacet
  facet normal 0.760413 0.64944 0
    outer loop
      vertex 19.1955 15.5442 6
      vertex 18.3557 16.5275 0
      vertex 18.3557 16.5275 6
    endloop
  endfacet
  facet normal 0.760413 0.64944 0
    outer loop
      vertex 18.3557 16.5275 0
      vertex 19.1955 15.5442 6
      vertex 19.1955 15.5442 0
    endloop
  endfacet
  facet normal 0.56644 -0.824103 0
    outer loop
      vertex 13.4526 -20.7152 0
      vertex 14.5183 -19.9827 6
      vertex 13.4526 -20.7152 6
    endloop
  endfacet
  facet normal 0.56644 -0.824103 0
    outer loop
      vertex 14.5183 -19.9827 6
      vertex 13.4526 -20.7152 0
      vertex 14.5183 -19.9827 0
    endloop
  endfacet
  facet normal 0.182268 0.983249 -0
    outer loop
      vertex 5.13542 24.1602 0
      vertex 3.86393 24.3959 6
      vertex 5.13542 24.1602 6
    endloop
  endfacet
  facet normal 0.182268 0.983249 0
    outer loop
      vertex 3.86393 24.3959 6
      vertex 5.13542 24.1602 0
      vertex 3.86393 24.3959 0
    endloop
  endfacet
  facet normal 0.56644 0.824103 -0
    outer loop
      vertex 14.5183 19.9827 0
      vertex 13.4526 20.7152 6
      vertex 14.5183 19.9827 6
    endloop
  endfacet
  facet normal 0.56644 0.824103 0
    outer loop
      vertex 13.4526 20.7152 6
      vertex 14.5183 19.9827 0
      vertex 13.4526 20.7152 0
    endloop
  endfacet
  facet normal 0.522457 0.852666 -0
    outer loop
      vertex 13.4526 20.7152 0
      vertex 12.35 21.3908 6
      vertex 13.4526 20.7152 6
    endloop
  endfacet
  facet normal 0.522457 0.852666 0
    outer loop
      vertex 12.35 21.3908 6
      vertex 13.4526 20.7152 0
      vertex 12.35 21.3908 0
    endloop
  endfacet
  facet normal -0.64944 0.760413 0
    outer loop
      vertex -15.5442 19.1955 0
      vertex -16.5275 18.3557 6
      vertex -15.5442 19.1955 6
    endloop
  endfacet
  facet normal -0.64944 0.760413 0
    outer loop
      vertex -16.5275 18.3557 6
      vertex -15.5442 19.1955 0
      vertex -16.5275 18.3557 0
    endloop
  endfacet
  facet normal 0.688384 -0.725347 0
    outer loop
      vertex 16.5275 -18.3557 0
      vertex 17.4655 -17.4655 6
      vertex 16.5275 -18.3557 6
    endloop
  endfacet
  facet normal 0.688384 -0.725347 0
    outer loop
      vertex 17.4655 -17.4655 6
      vertex 16.5275 -18.3557 0
      vertex 17.4655 -17.4655 0
    endloop
  endfacet
  facet normal -0.793354 0.608761 0
    outer loop
      vertex -19.9827 14.5183 0
      vertex -19.1955 15.5442 6
      vertex -19.1955 15.5442 0
    endloop
  endfacet
  facet normal -0.793354 0.608761 0
    outer loop
      vertex -19.1955 15.5442 6
      vertex -19.9827 14.5183 0
      vertex -19.9827 14.5183 6
    endloop
  endfacet
  facet normal -0.38264 0.923897 0
    outer loop
      vertex -8.85169 23.0594 0
      vertex -10.0464 22.5646 6
      vertex -8.85169 23.0594 6
    endloop
  endfacet
  facet normal -0.38264 0.923897 0
    outer loop
      vertex -10.0464 22.5646 6
      vertex -8.85169 23.0594 0
      vertex -10.0464 22.5646 0
    endloop
  endfacet
  facet normal 0.0784143 0.996921 -0
    outer loop
      vertex 2.58185 24.5647 0
      vertex 1.2927 24.6661 6
      vertex 2.58185 24.5647 6
    endloop
  endfacet
  facet normal 0.0784143 0.996921 0
    outer loop
      vertex 1.2927 24.6661 6
      vertex 2.58185 24.5647 0
      vertex 1.2927 24.6661 0
    endloop
  endfacet
  facet normal -0.942632 0.333834 0
    outer loop
      vertex -23.4911 7.63272 0
      vertex -23.0594 8.85169 6
      vertex -23.0594 8.85169 0
    endloop
  endfacet
  facet normal -0.942632 0.333834 0
    outer loop
      vertex -23.0594 8.85169 6
      vertex -23.4911 7.63272 0
      vertex -23.4911 7.63272 6
    endloop
  endfacet
  facet normal 0.38264 0.923897 -0
    outer loop
      vertex 10.0464 22.5646 0
      vertex 8.85169 23.0594 6
      vertex 10.0464 22.5646 6
    endloop
  endfacet
  facet normal 0.38264 0.923897 0
    outer loop
      vertex 8.85169 23.0594 6
      vertex 10.0464 22.5646 0
      vertex 8.85169 23.0594 0
    endloop
  endfacet
  facet normal 0.333834 -0.942632 0
    outer loop
      vertex 7.63272 -23.4911 0
      vertex 8.85169 -23.0594 6
      vertex 7.63272 -23.4911 6
    endloop
  endfacet
  facet normal 0.333834 -0.942632 0
    outer loop
      vertex 8.85169 -23.0594 6
      vertex 7.63272 -23.4911 0
      vertex 8.85169 -23.0594 0
    endloop
  endfacet
  facet normal 0.958814 0.284035 0
    outer loop
      vertex 23.8584 6.39283 6
      vertex 23.4911 7.63272 0
      vertex 23.4911 7.63272 6
    endloop
  endfacet
  facet normal 0.958814 0.284035 0
    outer loop
      vertex 23.4911 7.63272 0
      vertex 23.8584 6.39283 6
      vertex 23.8584 6.39283 0
    endloop
  endfacet
  facet normal -0.902593 -0.430495 0
    outer loop
      vertex -22.0079 -11.2136 0
      vertex -22.5646 -10.0464 6
      vertex -22.5646 -10.0464 0
    endloop
  endfacet
  facet normal -0.902593 -0.430495 0
    outer loop
      vertex -22.5646 -10.0464 6
      vertex -22.0079 -11.2136 0
      vertex -22.0079 -11.2136 6
    endloop
  endfacet
  facet normal -0.852666 0.522457 0
    outer loop
      vertex -21.3908 12.35 0
      vertex -20.7152 13.4526 6
      vertex -20.7152 13.4526 0
    endloop
  endfacet
  facet normal -0.852666 0.522457 0
    outer loop
      vertex -20.7152 13.4526 6
      vertex -21.3908 12.35 0
      vertex -21.3908 12.35 6
    endloop
  endfacet
  facet normal -0.56644 0.824103 0
    outer loop
      vertex -13.4526 20.7152 0
      vertex -14.5183 19.9827 6
      vertex -13.4526 20.7152 6
    endloop
  endfacet
  facet normal -0.56644 0.824103 0
    outer loop
      vertex -14.5183 19.9827 6
      vertex -13.4526 20.7152 0
      vertex -14.5183 19.9827 0
    endloop
  endfacet
  facet normal 0.608761 0.793354 -0
    outer loop
      vertex 15.5442 19.1955 0
      vertex 14.5183 19.9827 6
      vertex 15.5442 19.1955 6
    endloop
  endfacet
  facet normal 0.608761 0.793354 0
    outer loop
      vertex 14.5183 19.9827 6
      vertex 15.5442 19.1955 0
      vertex 14.5183 19.9827 0
    endloop
  endfacet
  facet normal 0.333834 0.942632 -0
    outer loop
      vertex 8.85169 23.0594 0
      vertex 7.63272 23.4911 6
      vertex 8.85169 23.0594 6
    endloop
  endfacet
  facet normal 0.333834 0.942632 0
    outer loop
      vertex 7.63272 23.4911 6
      vertex 8.85169 23.0594 0
      vertex 7.63272 23.4911 0
    endloop
  endfacet
  facet normal -0.996921 0.0784143 0
    outer loop
      vertex -24.6661 1.2927 0
      vertex -24.5647 2.58185 6
      vertex -24.5647 2.58185 0
    endloop
  endfacet
  facet normal -0.996921 0.0784143 0
    outer loop
      vertex -24.5647 2.58185 6
      vertex -24.6661 1.2927 0
      vertex -24.6661 1.2927 6
    endloop
  endfacet
  facet normal -0.824103 0.56644 0
    outer loop
      vertex -20.7152 13.4526 0
      vertex -19.9827 14.5183 6
      vertex -19.9827 14.5183 0
    endloop
  endfacet
  facet normal -0.824103 0.56644 0
    outer loop
      vertex -19.9827 14.5183 6
      vertex -20.7152 13.4526 0
      vertex -20.7152 13.4526 6
    endloop
  endfacet
  facet normal -0.725347 -0.688384 0
    outer loop
      vertex -17.4655 -17.4655 0
      vertex -18.3557 -16.5275 6
      vertex -18.3557 -16.5275 0
    endloop
  endfacet
  facet normal -0.725347 -0.688384 0
    outer loop
      vertex -18.3557 -16.5275 6
      vertex -17.4655 -17.4655 0
      vertex -17.4655 -17.4655 6
    endloop
  endfacet
  facet normal -0.972384 0.233389 0
    outer loop
      vertex -24.1602 5.13542 0
      vertex -23.8584 6.39283 6
      vertex -23.8584 6.39283 0
    endloop
  endfacet
  facet normal -0.972384 0.233389 0
    outer loop
      vertex -23.8584 6.39283 6
      vertex -24.1602 5.13542 0
      vertex -24.1602 5.13542 6
    endloop
  endfacet
  facet normal 0.64944 -0.760413 0
    outer loop
      vertex 15.5442 -19.1955 0
      vertex 16.5275 -18.3557 6
      vertex 15.5442 -19.1955 6
    endloop
  endfacet
  facet normal 0.64944 -0.760413 0
    outer loop
      vertex 16.5275 -18.3557 6
      vertex 15.5442 -19.1955 0
      vertex 16.5275 -18.3557 0
    endloop
  endfacet
  facet normal -0.522457 0.852666 0
    outer loop
      vertex -12.35 21.3908 0
      vertex -13.4526 20.7152 6
      vertex -12.35 21.3908 6
    endloop
  endfacet
  facet normal -0.522457 0.852666 0
    outer loop
      vertex -13.4526 20.7152 6
      vertex -12.35 21.3908 0
      vertex -13.4526 20.7152 0
    endloop
  endfacet
  facet normal -0.233389 -0.972384 0
    outer loop
      vertex -6.39283 -23.8584 0
      vertex -5.13542 -24.1602 6
      vertex -6.39283 -23.8584 6
    endloop
  endfacet
  facet normal -0.233389 -0.972384 -0
    outer loop
      vertex -5.13542 -24.1602 6
      vertex -6.39283 -23.8584 0
      vertex -5.13542 -24.1602 0
    endloop
  endfacet
  facet normal -0.942632 -0.333834 0
    outer loop
      vertex -23.0594 -8.85169 0
      vertex -23.4911 -7.63272 6
      vertex -23.4911 -7.63272 0
    endloop
  endfacet
  facet normal -0.942632 -0.333834 0
    outer loop
      vertex -23.4911 -7.63272 6
      vertex -23.0594 -8.85169 0
      vertex -23.0594 -8.85169 6
    endloop
  endfacet
  facet normal -0.958814 0.284035 0
    outer loop
      vertex -23.8584 6.39283 0
      vertex -23.4911 7.63272 6
      vertex -23.4911 7.63272 0
    endloop
  endfacet
  facet normal -0.958814 0.284035 0
    outer loop
      vertex -23.4911 7.63272 6
      vertex -23.8584 6.39283 0
      vertex -23.8584 6.39283 6
    endloop
  endfacet
  facet normal -0.996921 -0.0784143 0
    outer loop
      vertex -24.5647 -2.58185 0
      vertex -24.6661 -1.2927 6
      vertex -24.6661 -1.2927 0
    endloop
  endfacet
  facet normal -0.996921 -0.0784143 0
    outer loop
      vertex -24.6661 -1.2927 6
      vertex -24.5647 -2.58185 0
      vertex -24.5647 -2.58185 6
    endloop
  endfacet
  facet normal -0.991444 -0.130535 0
    outer loop
      vertex -24.3959 -3.86393 0
      vertex -24.5647 -2.58185 6
      vertex -24.5647 -2.58185 0
    endloop
  endfacet
  facet normal -0.991444 -0.130535 0
    outer loop
      vertex -24.5647 -2.58185 6
      vertex -24.3959 -3.86393 0
      vertex -24.3959 -3.86393 6
    endloop
  endfacet
  facet normal 0.902593 -0.430495 0
    outer loop
      vertex 22.0079 -11.2136 6
      vertex 22.5646 -10.0464 0
      vertex 22.5646 -10.0464 6
    endloop
  endfacet
  facet normal 0.902593 -0.430495 0
    outer loop
      vertex 22.5646 -10.0464 0
      vertex 22.0079 -11.2136 6
      vertex 22.0079 -11.2136 0
    endloop
  endfacet
  facet normal 0.87879 -0.47721 0
    outer loop
      vertex 21.3908 -12.35 6
      vertex 22.0079 -11.2136 0
      vertex 22.0079 -11.2136 6
    endloop
  endfacet
  facet normal 0.87879 -0.47721 0
    outer loop
      vertex 22.0079 -11.2136 0
      vertex 21.3908 -12.35 6
      vertex 21.3908 -12.35 0
    endloop
  endfacet
  facet normal -0.608761 -0.793354 0
    outer loop
      vertex -15.5442 -19.1955 0
      vertex -14.5183 -19.9827 6
      vertex -15.5442 -19.1955 6
    endloop
  endfacet
  facet normal -0.608761 -0.793354 -0
    outer loop
      vertex -14.5183 -19.9827 6
      vertex -15.5442 -19.1955 0
      vertex -14.5183 -19.9827 0
    endloop
  endfacet
  facet normal 0.824103 -0.56644 0
    outer loop
      vertex 19.9827 -14.5183 6
      vertex 20.7152 -13.4526 0
      vertex 20.7152 -13.4526 6
    endloop
  endfacet
  facet normal 0.824103 -0.56644 0
    outer loop
      vertex 20.7152 -13.4526 0
      vertex 19.9827 -14.5183 6
      vertex 19.9827 -14.5183 0
    endloop
  endfacet
  facet normal 0.522457 -0.852666 0
    outer loop
      vertex 12.35 -21.3908 0
      vertex 13.4526 -20.7152 6
      vertex 12.35 -21.3908 6
    endloop
  endfacet
  facet normal 0.522457 -0.852666 0
    outer loop
      vertex 13.4526 -20.7152 6
      vertex 12.35 -21.3908 0
      vertex 13.4526 -20.7152 0
    endloop
  endfacet
  facet normal -0.522457 -0.852666 0
    outer loop
      vertex -13.4526 -20.7152 0
      vertex -12.35 -21.3908 6
      vertex -13.4526 -20.7152 6
    endloop
  endfacet
  facet normal -0.522457 -0.852666 -0
    outer loop
      vertex -12.35 -21.3908 6
      vertex -13.4526 -20.7152 0
      vertex -12.35 -21.3908 0
    endloop
  endfacet
  facet normal 0.852666 -0.522457 0
    outer loop
      vertex 20.7152 -13.4526 6
      vertex 21.3908 -12.35 0
      vertex 21.3908 -12.35 6
    endloop
  endfacet
  facet normal 0.852666 -0.522457 0
    outer loop
      vertex 21.3908 -12.35 0
      vertex 20.7152 -13.4526 6
      vertex 20.7152 -13.4526 0
    endloop
  endfacet
  facet normal 0.983249 -0.182268 0
    outer loop
      vertex 24.1602 -5.13542 6
      vertex 24.3959 -3.86393 0
      vertex 24.3959 -3.86393 6
    endloop
  endfacet
  facet normal 0.983249 -0.182268 0
    outer loop
      vertex 24.3959 -3.86393 0
      vertex 24.1602 -5.13542 6
      vertex 24.1602 -5.13542 0
    endloop
  endfacet
  facet normal 0.991444 -0.130535 0
    outer loop
      vertex 24.3959 -3.86393 6
      vertex 24.5647 -2.58185 0
      vertex 24.5647 -2.58185 6
    endloop
  endfacet
  facet normal 0.991444 -0.130535 0
    outer loop
      vertex 24.5647 -2.58185 0
      vertex 24.3959 -3.86393 6
      vertex 24.3959 -3.86393 0
    endloop
  endfacet
  facet normal 0.608761 -0.793354 0
    outer loop
      vertex 14.5183 -19.9827 0
      vertex 15.5442 -19.1955 6
      vertex 14.5183 -19.9827 6
    endloop
  endfacet
  facet normal 0.608761 -0.793354 0
    outer loop
      vertex 15.5442 -19.1955 6
      vertex 14.5183 -19.9827 0
      vertex 15.5442 -19.1955 0
    endloop
  endfacet
  facet normal -0.430495 0.902593 0
    outer loop
      vertex -10.0464 22.5646 0
      vertex -11.2136 22.0079 6
      vertex -10.0464 22.5646 6
    endloop
  endfacet
  facet normal -0.430495 0.902593 0
    outer loop
      vertex -11.2136 22.0079 6
      vertex -10.0464 22.5646 0
      vertex -11.2136 22.0079 0
    endloop
  endfacet
  facet normal -0.0784143 -0.996921 0
    outer loop
      vertex -2.58185 -24.5647 0
      vertex -1.2927 -24.6661 6
      vertex -2.58185 -24.5647 6
    endloop
  endfacet
  facet normal -0.0784143 -0.996921 -0
    outer loop
      vertex -1.2927 -24.6661 6
      vertex -2.58185 -24.5647 0
      vertex -1.2927 -24.6661 0
    endloop
  endfacet
  facet normal 0 0 -1
    outer loop
      vertex 24.6661 -1.2927 0
      vertex 24.6661 1.2927 0
      vertex 24.7 0 0
    endloop
  endfacet
  facet normal 0 0 -1
    outer loop
      vertex 24.5647 -2.58185 0
      vertex 24.6661 1.2927 0
      vertex 24.6661 -1.2927 0
    endloop
  endfacet
  facet normal 0 0 -1
    outer loop
      vertex 24.5647 -2.58185 0
      vertex 24.5647 2.58185 0
      vertex 24.6661 1.2927 0
    endloop
  endfacet
  facet normal 0 0 -1
    outer loop
      vertex 24.3959 -3.86393 0
      vertex 24.5647 2.58185 0
      vertex 24.5647 -2.58185 0
    endloop
  endfacet
  facet normal 0 0 -1
    outer loop
      vertex 24.3959 -3.86393 0
      vertex 24.3959 3.86393 0
      vertex 24.5647 2.58185 0
    endloop
  endfacet
  facet normal 0 0 -1
    outer loop
      vertex 24.1602 -5.13542 0
      vertex 24.3959 3.86393 0
      vertex 24.3959 -3.86393 0
    endloop
  endfacet
  facet normal 0 0 -1
    outer loop
      vertex 24.1602 -5.13542 0
      vertex 24.1602 5.13542 0
      vertex 24.3959 3.86393 0
    endloop
  endfacet
  facet normal 0 0 -1
    outer loop
      vertex 23.8584 -6.39283 0
      vertex 24.1602 5.13542 0
      vertex 24.1602 -5.13542 0
    endloop
  endfacet
  facet normal 0 0 -1
    outer loop
      vertex 23.8584 -6.39283 0
      vertex 23.8584 6.39283 0
      vertex 24.1602 5.13542 0
    endloop
  endfacet
  facet normal 0 0 -1
    outer loop
      vertex 23.4911 -7.63272 0
      vertex 23.8584 6.39283 0
      vertex 23.8584 -6.39283 0
    endloop
  endfacet
  facet normal 0 0 -1
    outer loop
      vertex 23.4911 -7.63272 0
      vertex 23.4911 7.63272 0
      vertex 23.8584 6.39283 0
    endloop
  endfacet
  facet normal 0 0 -1
    outer loop
      vertex 23.0594 -8.85169 0
      vertex 23.4911 7.63272 0
      vertex 23.4911 -7.63272 0
    endloop
  endfacet
  facet normal 0 0 -1
    outer loop
      vertex 23.0594 -8.85169 0
      vertex 23.0594 8.85169 0
      vertex 23.4911 7.63272 0
    endloop
  endfacet
  facet normal 0 0 -1
    outer loop
      vertex 22.5646 -10.0464 0
      vertex 23.0594 8.85169 0
      vertex 23.0594 -8.85169 0
    endloop
  endfacet
  facet normal 0 0 -1
    outer loop
      vertex 22.5646 -10.0464 0
      vertex 22.5646 10.0464 0
      vertex 23.0594 8.85169 0
    endloop
  endfacet
  facet normal 0 0 -1
    outer loop
      vertex 22.0079 -11.2136 0
      vertex 22.5646 10.0464 0
      vertex 22.5646 -10.0464 0
    endloop
  endfacet
  facet normal 0 0 -1
    outer loop
      vertex 22.0079 -11.2136 0
      vertex 22.0079 11.2136 0
      vertex 22.5646 10.0464 0
    endloop
  endfacet
  facet normal 0 0 -1
    outer loop
      vertex 21.3908 -12.35 0
      vertex 22.0079 11.2136 0
      vertex 22.0079 -11.2136 0
    endloop
  endfacet
  facet normal 0 0 -1
    outer loop
      vertex 21.3908 -12.35 0
      vertex 21.3908 12.35 0
      vertex 22.0079 11.2136 0
    endloop
  endfacet
  facet normal 0 0 -1
    outer loop
      vertex 20.7152 -13.4526 0
      vertex 21.3908 12.35 0
      vertex 21.3908 -12.35 0
    endloop
  endfacet
  facet normal 0 0 -1
    outer loop
      vertex 20.7152 -13.4526 0
      vertex 20.7152 13.4526 0
      vertex 21.3908 12.35 0
    endloop
  endfacet
  facet normal 0 0 -1
    outer loop
      vertex 19.9827 -14.5183 0
      vertex 20.7152 13.4526 0
      vertex 20.7152 -13.4526 0
    endloop
  endfacet
  facet normal 0 0 -1
    outer loop
      vertex 19.9827 -14.5183 0
      vertex 19.9827 14.5183 0
      vertex 20.7152 13.4526 0
    endloop
  endfacet
  facet normal 0 0 -1
    outer loop
      vertex 19.1955 -15.5442 0
      vertex 19.9827 14.5183 0
      vertex 19.9827 -14.5183 0
    endloop
  endfacet
  facet normal 0 0 -1
    outer loop
      vertex 19.1955 -15.5442 0
      vertex 19.1955 15.5442 0
      vertex 19.9827 14.5183 0
    endloop
  endfacet
  facet normal 0 0 -1
    outer loop
      vertex 18.3557 -16.5275 0
      vertex 19.1955 15.5442 0
      vertex 19.1955 -15.5442 0
    endloop
  endfacet
  facet normal 0 0 -1
    outer loop
      vertex 18.3557 -16.5275 0
      vertex 18.3557 16.5275 0
      vertex 19.1955 15.5442 0
    endloop
  endfacet
  facet normal 0 0 -1
    outer loop
      vertex 17.4655 -17.4655 0
      vertex 18.3557 16.5275 0
      vertex 18.3557 -16.5275 0
    endloop
  endfacet
  facet normal 0 0 -1
    outer loop
      vertex 17.4655 -17.4655 0
      vertex 17.4655 17.4655 0
      vertex 18.3557 16.5275 0
    endloop
  endfacet
  facet normal 0 0 -1
    outer loop
      vertex 16.5275 -18.3557 0
      vertex 17.4655 17.4655 0
      vertex 17.4655 -17.4655 0
    endloop
  endfacet
  facet normal 0 0 -1
    outer loop
      vertex 16.5275 -18.3557 0
      vertex 16.5275 18.3557 0
      vertex 17.4655 17.4655 0
    endloop
  endfacet
  facet normal 0 0 -1
    outer loop
      vertex 15.5442 -19.1955 0
      vertex 16.5275 18.3557 0
      vertex 16.5275 -18.3557 0
    endloop
  endfacet
  facet normal 0 0 -1
    outer loop
      vertex 15.5442 -19.1955 0
      vertex 15.5442 19.1955 0
      vertex 16.5275 18.3557 0
    endloop
  endfacet
  facet normal 0 0 -1
    outer loop
      vertex 14.5183 -19.9827 0
      vertex 15.5442 19.1955 0
      vertex 15.5442 -19.1955 0
    endloop
  endfacet
  facet normal 0 0 -1
    outer loop
      vertex 14.5183 -19.9827 0
      vertex 14.5183 19.9827 0
      vertex 15.5442 19.1955 0
    endloop
  endfacet
  facet normal 0 0 -1
    outer loop
      vertex 13.4526 -20.7152 0
      vertex 14.5183 19.9827 0
      vertex 14.5183 -19.9827 0
    endloop
  endfacet
  facet normal 0 0 -1
    outer loop
      vertex 13.4526 -20.7152 0
      vertex 13.4526 20.7152 0
      vertex 14.5183 19.9827 0
    endloop
  endfacet
  facet normal 0 0 -1
    outer loop
      vertex 12.35 -21.3908 0
      vertex 13.4526 20.7152 0
      vertex 13.4526 -20.7152 0
    endloop
  endfacet
  facet normal 0 0 -1
    outer loop
      vertex 12.35 -21.3908 0
      vertex 12.35 21.3908 0
      vertex 13.4526 20.7152 0
    endloop
  endfacet
  facet normal 0 0 -1
    outer loop
      vertex 11.2136 -22.0079 0
      vertex 12.35 21.3908 0
      vertex 12.35 -21.3908 0
    endloop
  endfacet
  facet normal 0 0 -1
    outer loop
      vertex 11.2136 -22.0079 0
      vertex 11.2136 22.0079 0
      vertex 12.35 21.3908 0
    endloop
  endfacet
  facet normal 0 0 -1
    outer loop
      vertex 10.0464 -22.5646 0
      vertex 11.2136 22.0079 0
      vertex 11.2136 -22.0079 0
    endloop
  endfacet
  facet normal 0 0 -1
    outer loop
      vertex 10.0464 -22.5646 0
      vertex 10.0464 22.5646 0
      vertex 11.2136 22.0079 0
    endloop
  endfacet
  facet normal 0 0 -1
    outer loop
      vertex 8.85169 -23.0594 0
      vertex 10.0464 22.5646 0
      vertex 10.0464 -22.5646 0
    endloop
  endfacet
  facet normal 0 0 -1
    outer loop
      vertex 8.85169 -23.0594 0
      vertex 8.85169 23.0594 0
      vertex 10.0464 22.5646 0
    endloop
  endfacet
  facet normal 0 0 -1
    outer loop
      vertex 7.63272 -23.4911 0
      vertex 8.85169 23.0594 0
      vertex 8.85169 -23.0594 0
    endloop
  endfacet
  facet normal 0 0 -1
    outer loop
      vertex 7.63272 -23.4911 0
      vertex 7.63272 23.4911 0
      vertex 8.85169 23.0594 0
    endloop
  endfacet
  facet normal 0 0 -1
    outer loop
      vertex 6.39283 -23.8584 0
      vertex 7.63272 23.4911 0
      vertex 7.63272 -23.4911 0
    endloop
  endfacet
  facet normal 0 0 -1
    outer loop
      vertex 6.39283 -23.8584 0
      vertex 6.39283 23.8584 0
      vertex 7.63272 23.4911 0
    endloop
  endfacet
  facet normal 0 0 -1
    outer loop
      vertex 5.13542 -24.1602 0
      vertex 6.39283 23.8584 0
      vertex 6.39283 -23.8584 0
    endloop
  endfacet
  facet normal 0 0 -1
    outer loop
      vertex 5.13542 -24.1602 0
      vertex 5.13542 24.1602 0
      vertex 6.39283 23.8584 0
    endloop
  endfacet
  facet normal 0 0 -1
    outer loop
      vertex 3.86393 -24.3959 0
      vertex 5.13542 24.1602 0
      vertex 5.13542 -24.1602 0
    endloop
  endfacet
  facet normal 0 0 -1
    outer loop
      vertex 3.86393 -24.3959 0
      vertex 3.86393 24.3959 0
      vertex 5.13542 24.1602 0
    endloop
  endfacet
  facet normal 0 0 -1
    outer loop
      vertex 2.58185 -24.5647 0
      vertex 3.86393 24.3959 0
      vertex 3.86393 -24.3959 0
    endloop
  endfacet
  facet normal 0 0 -1
    outer loop
      vertex 2.58185 -24.5647 0
      vertex 2.58185 24.5647 0
      vertex 3.86393 24.3959 0
    endloop
  endfacet
  facet normal 0 0 -1
    outer loop
      vertex 1.2927 -24.6661 0
      vertex 2.58185 24.5647 0
      vertex 2.58185 -24.5647 0
    endloop
  endfacet
  facet normal 0 0 -1
    outer loop
      vertex 1.2927 -24.6661 0
      vertex 1.2927 24.6661 0
      vertex 2.58185 24.5647 0
    endloop
  endfacet
  facet normal 0 0 -1
    outer loop
      vertex 0 -24.7 0
      vertex 1.2927 24.6661 0
      vertex 1.2927 -24.6661 0
    endloop
  endfacet
  facet normal 0 0 -1
    outer loop
      vertex 0 -24.7 0
      vertex 0 24.7 0
      vertex 1.2927 24.6661 0
    endloop
  endfacet
  facet normal 0 0 -1
    outer loop
      vertex -1.2927 -24.6661 0
      vertex 0 24.7 0
      vertex 0 -24.7 0
    endloop
  endfacet
  facet normal 0 0 -1
    outer loop
      vertex -1.2927 -24.6661 0
      vertex -1.2927 24.6661 0
      vertex 0 24.7 0
    endloop
  endfacet
  facet normal 0 0 -1
    outer loop
      vertex -2.58185 -24.5647 0
      vertex -1.2927 24.6661 0
      vertex -1.2927 -24.6661 0
    endloop
  endfacet
  facet normal 0 0 -1
    outer loop
      vertex -2.58185 -24.5647 0
      vertex -2.58185 24.5647 0
      vertex -1.2927 24.6661 0
    endloop
  endfacet
  facet normal 0 0 -1
    outer loop
      vertex -3.86393 -24.3959 0
      vertex -2.58185 24.5647 0
      vertex -2.58185 -24.5647 0
    endloop
  endfacet
  facet normal 0 0 -1
    outer loop
      vertex -3.86393 -24.3959 0
      vertex -3.86393 24.3959 0
      vertex -2.58185 24.5647 0
    endloop
  endfacet
  facet normal 0 0 -1
    outer loop
      vertex -5.13542 -24.1602 0
      vertex -3.86393 24.3959 0
      vertex -3.86393 -24.3959 0
    endloop
  endfacet
  facet normal 0 0 -1
    outer loop
      vertex -5.13542 -24.1602 0
      vertex -5.13542 24.1602 0
      vertex -3.86393 24.3959 0
    endloop
  endfacet
  facet normal 0 0 -1
    outer loop
      vertex -6.39283 -23.8584 0
      vertex -5.13542 24.1602 0
      vertex -5.13542 -24.1602 0
    endloop
  endfacet
  facet normal 0 0 -1
    outer loop
      vertex -6.39283 -23.8584 0
      vertex -6.39283 23.8584 0
      vertex -5.13542 24.1602 0
    endloop
  endfacet
  facet normal 0 0 -1
    outer loop
      vertex -7.63272 -23.4911 0
      vertex -6.39283 23.8584 0
      vertex -6.39283 -23.8584 0
    endloop
  endfacet
  facet normal 0 0 -1
    outer loop
      vertex -7.63272 -23.4911 0
      vertex -7.63272 23.4911 0
      vertex -6.39283 23.8584 0
    endloop
  endfacet
  facet normal 0 0 -1
    outer loop
      vertex -8.85169 -23.0594 0
      vertex -7.63272 23.4911 0
      vertex -7.63272 -23.4911 0
    endloop
  endfacet
  facet normal 0 0 -1
    outer loop
      vertex -8.85169 -23.0594 0
      vertex -8.85169 23.0594 0
      vertex -7.63272 23.4911 0
    endloop
  endfacet
  facet normal 0 0 -1
    outer loop
      vertex -10.0464 -22.5646 0
      vertex -8.85169 23.0594 0
      vertex -8.85169 -23.0594 0
    endloop
  endfacet
  facet normal 0 0 -1
    outer loop
      vertex -10.0464 -22.5646 0
      vertex -10.0464 22.5646 0
      vertex -8.85169 23.0594 0
    endloop
  endfacet
  facet normal 0 0 -1
    outer loop
      vertex -11.2136 -22.0079 0
      vertex -10.0464 22.5646 0
      vertex -10.0464 -22.5646 0
    endloop
  endfacet
  facet normal 0 0 -1
    outer loop
      vertex -11.2136 -22.0079 0
      vertex -11.2136 22.0079 0
      vertex -10.0464 22.5646 0
    endloop
  endfacet
  facet normal 0 0 -1
    outer loop
      vertex -12.35 -21.3908 0
      vertex -11.2136 22.0079 0
      vertex -11.2136 -22.0079 0
    endloop
  endfacet
  facet normal 0 0 -1
    outer loop
      vertex -12.35 -21.3908 0
      vertex -12.35 21.3908 0
      vertex -11.2136 22.0079 0
    endloop
  endfacet
  facet normal 0 0 -1
    outer loop
      vertex -13.4526 -20.7152 0
      vertex -12.35 21.3908 0
      vertex -12.35 -21.3908 0
    endloop
  endfacet
  facet normal 0 0 -1
    outer loop
      vertex -13.4526 -20.7152 0
      vertex -13.4526 20.7152 0
      vertex -12.35 21.3908 0
    endloop
  endfacet
  facet normal 0 0 -1
    outer loop
      vertex -14.5183 -19.9827 0
      vertex -13.4526 20.7152 0
      vertex -13.4526 -20.7152 0
    endloop
  endfacet
  facet normal 0 0 -1
    outer loop
      vertex -14.5183 -19.9827 0
      vertex -14.5183 19.9827 0
      vertex -13.4526 20.7152 0
    endloop
  endfacet
  facet normal 0 0 -1
    outer loop
      vertex -15.5442 -19.1955 0
      vertex -14.5183 19.9827 0
      vertex -14.5183 -19.9827 0
    endloop
  endfacet
  facet normal 0 0 -1
    outer loop
      vertex -15.5442 -19.1955 0
      vertex -15.5442 19.1955 0
      vertex -14.5183 19.9827 0
    endloop
  endfacet
  facet normal 0 0 -1
    outer loop
      vertex -16.5275 -18.3557 0
      vertex -15.5442 19.1955 0
      vertex -15.5442 -19.1955 0
    endloop
  endfacet
  facet normal 0 0 -1
    outer loop
      vertex -16.5275 -18.3557 0
      vertex -16.5275 18.3557 0
      vertex -15.5442 19.1955 0
    endloop
  endfacet
  facet normal 0 0 -1
    outer loop
      vertex -17.4655 -17.4655 0
      vertex -16.5275 18.3557 0
      vertex -16.5275 -18.3557 0
    endloop
  endfacet
  facet normal 0 0 -1
    outer loop
      vertex -17.4655 -17.4655 0
      vertex -17.4655 17.4655 0
      vertex -16.5275 18.3557 0
    endloop
  endfacet
  facet normal 0 0 -1
    outer loop
      vertex -18.3557 -16.5275 0
      vertex -17.4655 17.4655 0
      vertex -17.4655 -17.4655 0
    endloop
  endfacet
  facet normal 0 0 -1
    outer loop
      vertex -18.3557 -16.5275 0
      vertex -18.3557 16.5275 0
      vertex -17.4655 17.4655 0
    endloop
  endfacet
  facet normal 0 0 -1
    outer loop
      vertex -19.1955 -15.5442 0
      vertex -18.3557 16.5275 0
      vertex -18.3557 -16.5275 0
    endloop
  endfacet
  facet normal 0 0 -1
    outer loop
      vertex -19.1955 -15.5442 0
      vertex -19.1955 15.5442 0
      vertex -18.3557 16.5275 0
    endloop
  endfacet
  facet normal 0 0 -1
    outer loop
      vertex -19.9827 -14.5183 0
      vertex -19.1955 15.5442 0
      vertex -19.1955 -15.5442 0
    endloop
  endfacet
  facet normal 0 0 -1
    outer loop
      vertex -19.9827 -14.5183 0
      vertex -19.9827 14.5183 0
      vertex -19.1955 15.5442 0
    endloop
  endfacet
  facet normal 0 0 -1
    outer loop
      vertex -20.7152 -13.4526 0
      vertex -19.9827 14.5183 0
      vertex -19.9827 -14.5183 0
    endloop
  endfacet
  facet normal 0 0 -1
    outer loop
      vertex -20.7152 -13.4526 0
      vertex -20.7152 13.4526 0
      vertex -19.9827 14.5183 0
    endloop
  endfacet
  facet normal 0 0 -1
    outer loop
      vertex -21.3908 -12.35 0
      vertex -20.7152 13.4526 0
      vertex -20.7152 -13.4526 0
    endloop
  endfacet
  facet normal 0 0 -1
    outer loop
      vertex -21.3908 -12.35 0
      vertex -21.3908 12.35 0
      vertex -20.7152 13.4526 0
    endloop
  endfacet
  facet normal 0 0 -1
    outer loop
      vertex -22.0079 -11.2136 0
      vertex -21.3908 12.35 0
      vertex -21.3908 -12.35 0
    endloop
  endfacet
  facet normal 0 0 -1
    outer loop
      vertex -22.0079 -11.2136 0
      vertex -22.0079 11.2136 0
      vertex -21.3908 12.35 0
    endloop
  endfacet
  facet normal 0 0 -1
    outer loop
      vertex -22.5646 -10.0464 0
      vertex -22.0079 11.2136 0
      vertex -22.0079 -11.2136 0
    endloop
  endfacet
  facet normal 0 0 -1
    outer loop
      vertex -22.5646 -10.0464 0
      vertex -22.5646 10.0464 0
      vertex -22.0079 11.2136 0
    endloop
  endfacet
  facet normal 0 0 -1
    outer loop
      vertex -23.0594 -8.85169 0
      vertex -22.5646 10.0464 0
      vertex -22.5646 -10.0464 0
    endloop
  endfacet
  facet normal 0 0 -1
    outer loop
      vertex -23.0594 -8.85169 0
      vertex -23.0594 8.85169 0
      vertex -22.5646 10.0464 0
    endloop
  endfacet
  facet normal 0 0 -1
    outer loop
      vertex -23.4911 -7.63272 0
      vertex -23.0594 8.85169 0
      vertex -23.0594 -8.85169 0
    endloop
  endfacet
  facet normal 0 0 -1
    outer loop
      vertex -23.4911 -7.63272 0
      vertex -23.4911 7.63272 0
      vertex -23.0594 8.85169 0
    endloop
  endfacet
  facet normal 0 0 -1
    outer loop
      vertex -23.8584 -6.39283 0
      vertex -23.4911 7.63272 0
      vertex -23.4911 -7.63272 0
    endloop
  endfacet
  facet normal 0 0 -1
    outer loop
      vertex -23.8584 -6.39283 0
      vertex -23.8584 6.39283 0
      vertex -23.4911 7.63272 0
    endloop
  endfacet
  facet normal 0 0 -1
    outer loop
      vertex -24.1602 -5.13542 0
      vertex -23.8584 6.39283 0
      vertex -23.8584 -6.39283 0
    endloop
  endfacet
  facet normal 0 0 -1
    outer loop
      vertex -24.1602 -5.13542 0
      vertex -24.1602 5.13542 0
      vertex -23.8584 6.39283 0
    endloop
  endfacet
  facet normal 0 0 -1
    outer loop
      vertex -24.3959 -3.86393 0
      vertex -24.1602 5.13542 0
      vertex -24.1602 -5.13542 0
    endloop
  endfacet
  facet normal 0 0 -1
    outer loop
      vertex -24.3959 -3.86393 0
      vertex -24.3959 3.86393 0
      vertex -24.1602 5.13542 0
    endloop
  endfacet
  facet normal 0 0 -1
    outer loop
      vertex -24.5647 -2.58185 0
      vertex -24.3959 3.86393 0
      vertex -24.3959 -3.86393 0
    endloop
  endfacet
  facet normal 0 0 -1
    outer loop
      vertex -24.5647 -2.58185 0
      vertex -24.5647 2.58185 0
      vertex -24.3959 3.86393 0
    endloop
  endfacet
  facet normal 0 0 -1
    outer loop
      vertex -24.6661 -1.2927 0
      vertex -24.5647 2.58185 0
      vertex -24.5647 -2.58185 0
    endloop
  endfacet
  facet normal 0 0 -1
    outer loop
      vertex -24.6661 -1.2927 0
      vertex -24.6661 1.2927 0
      vertex -24.5647 2.58185 0
    endloop
  endfacet
  facet normal 0 -0 -1
    outer loop
      vertex -24.6661 1.2927 0
      vertex -24.6661 -1.2927 0
      vertex -24.7 0 0
    endloop
  endfacet
  facet normal -0.233389 0.972384 0
    outer loop
      vertex -5.13542 24.1602 0
      vertex -6.39283 23.8584 6
      vertex -5.13542 24.1602 6
    endloop
  endfacet
  facet normal -0.233389 0.972384 0
    outer loop
      vertex -6.39283 23.8584 6
      vertex -5.13542 24.1602 0
      vertex -6.39283 23.8584 0
    endloop
  endfacet
  facet normal -0.64944 -0.760413 0
    outer loop
      vertex -16.5275 -18.3557 0
      vertex -15.5442 -19.1955 6
      vertex -16.5275 -18.3557 6
    endloop
  endfacet
  facet normal -0.64944 -0.760413 -0
    outer loop
      vertex -15.5442 -19.1955 6
      vertex -16.5275 -18.3557 0
      vertex -15.5442 -19.1955 0
    endloop
  endfacet
  facet normal -0.999656 0.0262152 0
    outer loop
      vertex -24.7 0 0
      vertex -24.6661 1.2927 6
      vertex -24.6661 1.2927 0
    endloop
  endfacet
  facet normal -0.999656 0.0262152 0
    outer loop
      vertex -24.6661 1.2927 6
      vertex -24.7 0 0
      vertex -24.7 0 6
    endloop
  endfacet
  facet normal -0.983249 0.182268 0
    outer loop
      vertex -24.3959 3.86393 0
      vertex -24.1602 5.13542 6
      vertex -24.1602 5.13542 0
    endloop
  endfacet
  facet normal -0.983249 0.182268 0
    outer loop
      vertex -24.1602 5.13542 6
      vertex -24.3959 3.86393 0
      vertex -24.3959 3.86393 6
    endloop
  endfacet
  facet normal -0.991444 0.130535 0
    outer loop
      vertex -24.5647 2.58185 0
      vertex -24.3959 3.86393 6
      vertex -24.3959 3.86393 0
    endloop
  endfacet
  facet normal -0.991444 0.130535 0
    outer loop
      vertex -24.3959 3.86393 6
      vertex -24.5647 2.58185 0
      vertex -24.5647 2.58185 6
    endloop
  endfacet
  facet normal 0.725347 -0.688384 0
    outer loop
      vertex 17.4655 -17.4655 6
      vertex 18.3557 -16.5275 0
      vertex 18.3557 -16.5275 6
    endloop
  endfacet
  facet normal 0.725347 -0.688384 0
    outer loop
      vertex 18.3557 -16.5275 0
      vertex 17.4655 -17.4655 6
      vertex 17.4655 -17.4655 0
    endloop
  endfacet
  facet normal -0.958814 -0.284035 0
    outer loop
      vertex -23.4911 -7.63272 0
      vertex -23.8584 -6.39283 6
      vertex -23.8584 -6.39283 0
    endloop
  endfacet
  facet normal -0.958814 -0.284035 0
    outer loop
      vertex -23.8584 -6.39283 6
      vertex -23.4911 -7.63272 0
      vertex -23.4911 -7.63272 6
    endloop
  endfacet
  facet normal -0.87879 0.47721 0
    outer loop
      vertex -22.0079 11.2136 0
      vertex -21.3908 12.35 6
      vertex -21.3908 12.35 0
    endloop
  endfacet
  facet normal -0.87879 0.47721 0
    outer loop
      vertex -21.3908 12.35 6
      vertex -22.0079 11.2136 0
      vertex -22.0079 11.2136 6
    endloop
  endfacet
  facet normal -0.430495 -0.902593 0
    outer loop
      vertex -11.2136 -22.0079 0
      vertex -10.0464 -22.5646 6
      vertex -11.2136 -22.0079 6
    endloop
  endfacet
  facet normal -0.430495 -0.902593 -0
    outer loop
      vertex -10.0464 -22.5646 6
      vertex -11.2136 -22.0079 0
      vertex -10.0464 -22.5646 0
    endloop
  endfacet
  facet normal 0.923897 -0.38264 0
    outer loop
      vertex 22.5646 -10.0464 6
      vertex 23.0594 -8.85169 0
      vertex 23.0594 -8.85169 6
    endloop
  endfacet
  facet normal 0.923897 -0.38264 0
    outer loop
      vertex 23.0594 -8.85169 0
      vertex 22.5646 -10.0464 6
      vertex 22.5646 -10.0464 0
    endloop
  endfacet
  facet normal 0.942632 -0.333834 0
    outer loop
      vertex 23.0594 -8.85169 6
      vertex 23.4911 -7.63272 0
      vertex 23.4911 -7.63272 6
    endloop
  endfacet
  facet normal 0.942632 -0.333834 0
    outer loop
      vertex 23.4911 -7.63272 0
      vertex 23.0594 -8.85169 6
      vertex 23.0594 -8.85169 0
    endloop
  endfacet
  facet normal -0.56644 -0.824103 0
    outer loop
      vertex -14.5183 -19.9827 0
      vertex -13.4526 -20.7152 6
      vertex -14.5183 -19.9827 6
    endloop
  endfacet
  facet normal -0.56644 -0.824103 -0
    outer loop
      vertex -13.4526 -20.7152 6
      vertex -14.5183 -19.9827 0
      vertex -13.4526 -20.7152 0
    endloop
  endfacet
  facet normal -0.47721 0.87879 0
    outer loop
      vertex -11.2136 22.0079 0
      vertex -12.35 21.3908 6
      vertex -11.2136 22.0079 6
    endloop
  endfacet
  facet normal -0.47721 0.87879 0
    outer loop
      vertex -12.35 21.3908 6
      vertex -11.2136 22.0079 0
      vertex -12.35 21.3908 0
    endloop
  endfacet
  facet normal -0.87879 -0.47721 0
    outer loop
      vertex -21.3908 -12.35 0
      vertex -22.0079 -11.2136 6
      vertex -22.0079 -11.2136 0
    endloop
  endfacet
  facet normal -0.87879 -0.47721 0
    outer loop
      vertex -22.0079 -11.2136 6
      vertex -21.3908 -12.35 0
      vertex -21.3908 -12.35 6
    endloop
  endfacet
endsolid OpenSCAD_Model
